record_id,canonical_layup_hash,equivalence_group_hash,layup_deg,n_plies,thickness_mm,areal_mass_kg_m2,material_id,fidelity,split,balanced,symmetric,max_contiguity,max_disorientation_deg,min_orientation_fraction,rule_valid,count_0,count_p45,count_m45,count_90,xiA1,xiA2,xiA3,xiA4,xiD1,xiD2,xiD3,xiD4,A11_N_per_m,A12_N_per_m,A16_N_per_m,A22_N_per_m,A26_N_per_m,A66_N_per_m,D11_N_m,D12_N_m,D16_N_m,D22_N_m,D26_N_m,D66_N_m,Ex_GPa,Ey_GPa,Gxy_GPa,nu_xy,beam_EIx_N_m2,beam_EIy_N_m2,Nx_tsai_hill_capacity_N_per_m,Nx_max_stress_capacity_N_per_m,Ny_tsai_hill_capacity_N_per_m,Ny_max_stress_capacity_N_per_m,Nxy_tsai_hill_capacity_N_per_m,Nxy_max_stress_capacity_N_per_m,Mx_tsai_hill_capacity_N,Mx_max_stress_capacity_N,My_tsai_hill_capacity_N,My_max_stress_capacity_N,Mxy_tsai_hill_capacity_N,Mxy_max_stress_capacity_N
NEX-000001,87b09270cf3e75a93a4603250462aee851dd7f9b8b1d002bb817e0730044fd05,87b09270cf3e75a93a4603250462aee851dd7f9b8b1d002bb817e0730044fd05,-45;0;45;90;90;45;0;-45,8,1.46304,2.3116032,IM7_8552_NCAMP_RTD_MEASURED_V1,F0_CLT,validation,True,True,2,45,0.25,True,2,2,2,2,-2.010153312e-17,-2.220446049e-16,8.326672685e-17,-6.123233996e-17,0.28125,-0.375,-0.46875,-6.123233996e-17,98842250.7,31152420.3,2.793967724e-09,98842250.7,6.519258022e-09,33844915.2,21.4767611,7.36184509,-4.709131629,10.17484519,-4.709131629,7.842115735,60.84853816,60.84853816,23.13328084,0.3151731176,0.5369190274,0.2543711297,683402.2354,702645.1059,683402.2354,702645.1059,502474.6611,657984.969,227.1011967,260.4991734,75.97182637,87.62121806,77.77366174,81.65854195
NEX-000002,3dc6d5c5e0984edae1b8ee01de01d9c64b6ca472f96d0c48b8cf5249235cf3d9,3dc6d5c5e0984edae1b8ee01de01d9c64b6ca472f96d0c48b8cf5249235cf3d9,-45;0;90;45;45;90;0;-45,8,1.46304,2.3116032,IM7_8552_NCAMP_RTD_MEASURED_V1,F0_CLT,train,True,True,2,90,0.25,True,2,2,2,2,-1.172460478e-16,0,-2.775557562e-17,-6.123233996e-17,0.1875,-0.1875,-0.5625,-9.567553118e-17,98842250.7,31152420.3,-4.656612873e-09,98842250.7,-9.313225746e-10,33844915.2,20.49564262,6.459310913,-5.650957954,12.96103202,-5.650957954,6.939581558,60.84853816,60.84853816,23.13328084,0.3151731176,0.5123910655,0.3240258004,683402.2354,702645.1059,683402.2354,702645.1059,502474.6611,657984.969,175.9184629,206.485006,85.71429424,95.64521192,55.19063229,57.0439252
NEX-000003,5f47f7ecc0e21501656fae3643797f01e9776a95ceb303fc6b5fae870235fb99,5f47f7ecc0e21501656fae3643797f01e9776a95ceb303fc6b5fae870235fb99,-45;45;0;90;90;0;45;-45,8,1.46304,2.3116032,IM7_8552_NCAMP_RTD_MEASURED_V1,F0_CLT,train,True,True,2,90,0.25,True,2,2,2,2,1.540859631e-16,1.110223025e-16,-8.326672685e-17,-6.123233996e-17,0.09375,-0.75,-0.28125,-3.827021247e-17,98842250.7,31152420.3,-5.587935448e-09,98842250.7,-1.862645149e-09,33844915.2,15.90438744,9.166913445,-2.825478977,12.13708213,-2.825478977,9.64718409,60.84853816,60.84853816,23.13328084,0.3151731176,0.3976096859,0.3034270534,683402.2354,702645.1059,683402.2354,702645.1059,502474.6611,657984.969,130.0659151,136.5644229,97.86500947,114.5933531,152.8657986,171.0372567
NEX-000004,69620f87ae8886b74afcf8a11c133a5ab02e5f9a44622bc09aa8045a37295759,69620f87ae8886b74afcf8a11c133a5ab02e5f9a44622bc09aa8045a37295759,-45;45;90;0;0;90;45;-45,8,1.46304,2.3116032,IM7_8552_NCAMP_RTD_MEASURED_V1,F0_CLT,validation,True,True,2,90,0.25,True,2,2,2,2,-6.795864186e-17,1.110223025e-16,-8.326672685e-17,-6.123233996e-17,-0.09375,-0.75,-0.28125,-6.123233996e-17,98842250.7,31152420.3,-5.587935448e-09,98842250.7,-1.862645149e-09,33844915.2,12.13708213,9.166913445,-2.825478977,15.90438744,-2.825478977,9.64718409,60.84853816,60.84853816,23.13328084,0.3151731176,0.3034270534,0.3976096859,683402.2354,702645.1059,683402.2354,702645.1059,502474.6611,657984.969,97.86500947,114.5933531,130.0659151,136.5644229,152.8657986,171.0372567
NEX-000005,4ca7ffc71075f0a1b5c952e8cefd4646061a5e1dfb134b624bfe340fb4e375b5,4ca7ffc71075f0a1b5c952e8cefd4646061a5e1dfb134b624bfe340fb4e375b5,-45;90;0;45;45;0;90;-45,8,1.46304,2.3116032,IM7_8552_NCAMP_RTD_MEASURED_V1,F0_CLT,train,True,True,2,90,0.25,True,2,2,2,2,1.88065284e-16,0,-2.775557562e-17,-6.123233996e-17,-0.1875,-0.1875,-0.5625,-1.415997862e-16,98842250.7,31152420.3,-4.656612873e-09,98842250.7,-9.313225746e-10,33844915.2,12.96103202,6.459310913,-5.650957954,20.49564262,-5.650957954,6.939581558,60.84853816,60.84853816,23.13328084,0.3151731176,0.3240258004,0.5123910655,683402.2354,702645.1059,683402.2354,702645.1059,502474.6611,657984.969,85.71429424,95.64521192,175.9184629,206.485006,55.19063229,57.0439252
NEX-000006,933c7bbe5496181ec57e5af57b124856c51c307c548143923a5da804d0b484b1,933c7bbe5496181ec57e5af57b124856c51c307c548143923a5da804d0b484b1,-45;90;45;0;0;45;90;-45,8,1.46304,2.3116032,IM7_8552_NCAMP_RTD_MEASURED_V1,F0_CLT,test,True,True,2,45,0.25,True,2,2,2,2,6.316519373e-17,-2.220446049e-16,8.326672685e-17,-6.123233996e-17,-0.28125,-0.375,-0.46875,-1.301187224e-16,98842250.7,31152420.3,2.793967724e-09,98842250.7,6.519258022e-09,33844915.2,10.17484519,7.36184509,-4.709131629,21.4767611,-4.709131629,7.842115735,60.84853816,60.84853816,23.13328084,0.3151731176,0.2543711297,0.5369190274,683402.2354,702645.1059,683402.2354,702645.1059,502474.6611,657984.969,75.97182637,87.62121806,227.1011967,260.4991734,77.77366174,81.65854195
NEX-000007,d41e436143f678498e78a938c4cc2b6f3ab4d55736e9d9240b1ffc1aaa198c87,5f47f7ecc0e21501656fae3643797f01e9776a95ceb303fc6b5fae870235fb99,45;-45;0;90;90;0;-45;45,8,1.46304,2.3116032,IM7_8552_NCAMP_RTD_MEASURED_V1,F0_CLT,train,True,True,2,90,0.25,True,2,2,2,2,1.540859631e-16,1.110223025e-16,1.387778781e-16,-6.123233996e-17,0.09375,-0.75,0.28125,3.061616998e-17,98842250.7,31152420.3,5.587935448e-09,98842250.7,9.313225746e-09,33844915.2,15.90438744,9.166913445,2.825478977,12.13708213,2.825478977,9.64718409,60.84853816,60.84853816,23.13328084,0.3151731176,0.3976096859,0.3034270534,683402.2354,702645.1059,683402.2354,702645.1059,502474.6611,657984.969,130.0659151,136.5644229,97.86500947,114.5933531,152.8657986,171.0372567
NEX-000008,ef0b0a5a42d53c18736e8cf3c27d81a7ede959bc828ac0ec4e70618c62906e3b,69620f87ae8886b74afcf8a11c133a5ab02e5f9a44622bc09aa8045a37295759,45;-45;90;0;0;90;-45;45,8,1.46304,2.3116032,IM7_8552_NCAMP_RTD_MEASURED_V1,F0_CLT,validation,True,True,2,90,0.25,True,2,2,2,2,-6.795864186e-17,1.110223025e-16,1.387778781e-16,-6.123233996e-17,-0.09375,-0.75,0.28125,7.654042495e-18,98842250.7,31152420.3,5.587935448e-09,98842250.7,9.313225746e-09,33844915.2,12.13708213,9.166913445,2.825478977,15.90438744,2.825478977,9.64718409,60.84853816,60.84853816,23.13328084,0.3151731176,0.3034270534,0.3976096859,683402.2354,702645.1059,683402.2354,702645.1059,502474.6611,657984.969,97.86500947,114.5933531,130.0659151,136.5644229,152.8657986,171.0372567
NEX-000009,0203b18ab9076954fe04a528fab9c9621b1cc11f5b9e0f91b24061532767e3ff,87b09270cf3e75a93a4603250462aee851dd7f9b8b1d002bb817e0730044fd05,45;0;-45;90;90;-45;0;45,8,1.46304,2.3116032,IM7_8552_NCAMP_RTD_MEASURED_V1,F0_CLT,validation,True,True,2,45,0.25,True,2,2,2,2,-2.010153312e-17,-2.220446049e-16,0,-6.123233996e-17,0.28125,-0.375,0.46875,5.357829746e-17,98842250.7,31152420.3,-2.793967724e-09,98842250.7,9.313225746e-10,33844915.2,21.4767611,7.36184509,4.709131629,10.17484519,4.709131629,7.842115735,60.84853816,60.84853816,23.13328084,0.3151731176,0.5369190274,0.2543711297,683402.2354,702645.1059,683402.2354,702645.1059,502474.6611,657984.969,227.1011967,260.4991734,75.97182637,87.62121806,77.77366174,81.65854195
NEX-000010,89f0da5127e285439be12ead6ca81f026c46f25d910578574932eb24320d075b,3dc6d5c5e0984edae1b8ee01de01d9c64b6ca472f96d0c48b8cf5249235cf3d9,45;0;90;-45;-45;90;0;45,8,1.46304,2.3116032,IM7_8552_NCAMP_RTD_MEASURED_V1,F0_CLT,train,True,True,2,90,0.25,True,2,2,2,2,-1.172460478e-16,0,9.714451465e-17,-6.123233996e-17,0.1875,-0.1875,0.5625,4.209723372e-17,98842250.7,31152420.3,4.656612873e-09,98842250.7,8.381903172e-09,33844915.2,20.49564262,6.459310913,5.650957954,12.96103202,5.650957954,6.939581558,60.84853816,60.84853816,23.13328084,0.3151731176,0.5123910655,0.3240258004,683402.2354,702645.1059,683402.2354,702645.1059,502474.6611,657984.969,175.9184629,206.485006,85.71429424,95.64521192,55.19063229,57.0439252
NEX-000011,97cbd746bcbb1f918224265e9da6ac0159506231115ca64d2d3e7193eb435327,933c7bbe5496181ec57e5af57b124856c51c307c548143923a5da804d0b484b1,45;90;-45;0;0;-45;90;45,8,1.46304,2.3116032,IM7_8552_NCAMP_RTD_MEASURED_V1,F0_CLT,test,True,True,2,45,0.25,True,2,2,2,2,6.316519373e-17,-2.220446049e-16,0,-6.123233996e-17,-0.28125,-0.375,0.46875,-1.530808499e-17,98842250.7,31152420.3,-2.793967724e-09,98842250.7,9.313225746e-10,33844915.2,10.17484519,7.36184509,4.709131629,21.4767611,4.709131629,7.842115735,60.84853816,60.84853816,23.13328084,0.3151731176,0.2543711297,0.5369190274,683402.2354,702645.1059,683402.2354,702645.1059,502474.6611,657984.969,75.97182637,87.62121806,227.1011967,260.4991734,77.77366174,81.65854195
NEX-000012,e42dd6c0c00c0cc7601a79ff9158cd970259f0346c4e74850f8512bedaec5d66,4ca7ffc71075f0a1b5c952e8cefd4646061a5e1dfb134b624bfe340fb4e375b5,45;90;0;-45;-45;0;90;45,8,1.46304,2.3116032,IM7_8552_NCAMP_RTD_MEASURED_V1,F0_CLT,train,True,True,2,90,0.25,True,2,2,2,2,1.88065284e-16,0,9.714451465e-17,-6.123233996e-17,-0.1875,-0.1875,0.5625,-3.827021247e-18,98842250.7,31152420.3,4.656612873e-09,98842250.7,8.381903172e-09,33844915.2,12.96103202,6.459310913,5.650957954,20.49564262,5.650957954,6.939581558,60.84853816,60.84853816,23.13328084,0.3151731176,0.3240258004,0.5123910655,683402.2354,702645.1059,683402.2354,702645.1059,502474.6611,657984.969,85.71429424,95.64521192,175.9184629,206.485006,55.19063229,57.0439252
NEX-000013,590021cf9c9bddc888c95fca25cfba1f0ab66c2fa114bc114fe1f16c6352f007,590021cf9c9bddc888c95fca25cfba1f0ab66c2fa114bc114fe1f16c6352f007,-45;-45;0;45;45;90;90;45;45;0;-45;-45,12,2.19456,3.4674048,IM7_8552_NCAMP_RTD_MEASURED_V1,F0_CLT,validation,True,True,2,45,0.1666666667,True,2,4,4,2,2.40831778e-17,-0.3333333333,0,-4.082155997e-17,0.1666666667,-0.6481481481,-0.5833333333,-7.257166217e-17,134770602.4,60221404.12,0,134770602.4,3.725290298e-09,64260146.46,60.2765418,29.28368689,-19.77835284,37.67270999,-19.77835284,30.90460031,49.14927964,49.14927964,29.2815628,0.4468437704,1.506913545,0.9418177497,841802.8469,892568.6475,841802.8469,892568.6475,954030.9119,1249292.847,350.1908703,389.2175322,164.5915896,209.7690905,177.3776415,183.8592739
NEX-000014,7cd17a00568fa615255c0541eebf99be1e8d2f02ae173f393a1f4d27a00cc3e6,7cd17a00568fa615255c0541eebf99be1e8d2f02ae173f393a1f4d27a00cc3e6,-45;-45;0;45;90;45;45;90;45;0;-45;-45,12,2.19456,3.4674048,IM7_8552_NCAMP_RTD_MEASURED_V1,F0_CLT,train,True,True,2,45,0.1666666667,True,2,4,4,2,-3.672397815e-18,-0.3333333333,0,-4.082155997e-17,0.1388888889,-0.5925925926,-0.6111111111,-8.277705216e-17,134770602.4,60221404.12,-3.725290298e-09,134770602.4,0,64260146.46,59.29542333,28.38115271,-20.72017917,40.45889682,-20.72017917,30.00206613,49.14927964,49.14927964,29.2815628,0.4468437704,1.482385583,1.01147242,841802.8469,892568.6475,841802.8469,892568.6475,954030.9119,1249292.847,347.0137606,430.9669041,180.3615544,229.2153731,163.148934,168.062207
NEX-000015,433038a8f70ce763d34603679fe09d734a4b73e0529a2a7e5fafd26232a4ad21,433038a8f70ce763d34603679fe09d734a4b73e0529a2a7e5fafd26232a4ad21,-45;-45;45;0;45;90;90;45;0;45;-45;-45,12,2.19456,3.4674048,IM7_8552_NCAMP_RTD_MEASURED_V1,F0_CLT,train,True,True,2,90,0.1666666667,True,2,4,4,2,7.081923622e-17,-0.3333333333,-2.775557562e-17,-4.082155997e-17,0.08333333333,-0.8148148148,-0.5,-6.236627218e-17,134770602.4,60221404.12,-3.725290298e-09,134770602.4,0,64260146.46,51.91798132,31.99128942,-16.95287386,40.61606541,-16.95287386,33.61220284,49.14927964,49.14927964,29.2815628,0.4468437704,1.297949533,1.015401635,841802.8469,892568.6475,841802.8469,892568.6475,954030.9119,1249292.847,252.9429503,268.4890621,184.1818439,223.0689741,253.3774888,265.5111524
NEX-000016,fa14d3baebec9cfed267c45c2afd027d7eab2ade4f889fa7ade5928eb9247453,fa14d3baebec9cfed267c45c2afd027d7eab2ade4f889fa7ade5928eb9247453,-45;-45;45;0;90;45;45;90;0;45;-45;-45,12,2.19456,3.4674048,IM7_8552_NCAMP_RTD_MEASURED_V1,F0_CLT,train,True,True,2,90,0.1666666667,True,2,4,4,2,4.30636606e-17,-0.3333333333,-5.551115123e-17,-4.082155997e-17,0.05555555556,-0.7592592593,-0.5277777778,-7.257166217e-17,134770602.4,60221404.12,-7.450580597e-09,134770602.4,-3.725290298e-09,64260146.46,50.93686284,31.08875524,-17.89470019,43.40225224,-17.89470019,32.70966867,49.14927964,49.14927964,29.2815628,0.4468437704,1.273421571,1.085056306,841802.8469,892568.6475,841802.8469,892568.6475,954030.9119,1249292.847,265.8569598,299.8810197,212.0031848,263.6980097,235.1741737,244.822865
NEX-000017,9836e74366d37c2cd3e16137fcfa9fbcedc5b7d92f725c1a93f3500dbbb86501,9836e74366d37c2cd3e16137fcfa9fbcedc5b7d92f725c1a93f3500dbbb86501,-45;-45;45;45;0;90;90;0;45;45;-45;-45,12,2.19456,3.4674048,IM7_8552_NCAMP_RTD_MEASURED_V1,F0_CLT,validation,True,True,2,90,0.1666666667,True,2,4,4,2,7.592193122e-17,-0.3333333333,-2.775557562e-17,-4.082155997e-17,0.02777777778,-0.9259259259,-0.4444444444,-5.556267885e-17,134770602.4,60221404.12,-3.725290298e-09,134770602.4,0,64260146.46,46.34560766,33.79635777,-15.06922121,42.57830236,-15.06922121,35.4172712,49.14927964,49.14927964,29.2815628,0.4468437704,1.158640191,1.064457559,841802.8469,892568.6475,841802.8469,892568.6475,954030.9119,1249292.847,185.0347697,193.5806732,168.8071924,182.747475,303.1634107,321.2779588
NEX-000018,93405b9351341a941c59cd4282d53367cb9aaace52b6720d87e50f3b0940b04c,93405b9351341a941c59cd4282d53367cb9aaace52b6720d87e50f3b0940b04c,-45;-45;45;45;90;0;0;90;45;45;-45;-45,12,2.19456,3.4674048,IM7_8552_NCAMP_RTD_MEASURED_V1,F0_CLT,test,True,True,2,90,0.1666666667,True,2,4,4,2,-7.34479563e-18,-0.3333333333,-2.775557562e-17,-4.082155997e-17,-0.02777777778,-0.9259259259,-0.4444444444,-6.236627218e-17,134770602.4,60221404.12,-3.725290298e-09,134770602.4,0,64260146.46,42.57830236,33.79635777,-15.06922121,46.34560766,-15.06922121,35.4172712,49.14927964,49.14927964,29.2815628,0.4468437704,1.064457559,1.158640191,841802.8469,892568.6475,841802.8469,892568.6475,954030.9119,1249292.847,168.8071924,182.747475,185.0347697,193.5806732,303.1634107,321.2779588
NEX-000019,a08d789e7249ccfca0f02dd1992e7952dace9d469dd8b40eeb8b65548275f80b,a08d789e7249ccfca0f02dd1992e7952dace9d469dd8b40eeb8b65548275f80b,-45;-45;45;90;0;45;45;0;90;45;-45;-45,12,2.19456,3.4674048,IM7_8552_NCAMP_RTD_MEASURED_V1,F0_CLT,train,True,True,2,90,0.1666666667,True,2,4,4,2,4.30636606e-17,-0.3333333333,-5.551115123e-17,-4.082155997e-17,-0.05555555556,-0.7592592593,-0.5277777778,-8.617884883e-17,134770602.4,60221404.12,-7.450580597e-09,134770602.4,-3.725290298e-09,64260146.46,43.40225224,31.08875524,-17.89470019,50.93686284,-17.89470019,32.70966867,49.14927964,49.14927964,29.2815628,0.4468437704,1.085056306,1.273421571,841802.8469,892568.6475,841802.8469,892568.6475,954030.9119,1249292.847,212.0031848,263.6980097,265.8569598,299.8810197,235.1741737,244.822865
NEX-000020,b216d9ba5ccfa06827efbf0769cd1bfd4f373de34f3af23aaaea7add8a17f4d7,b216d9ba5ccfa06827efbf0769cd1bfd4f373de34f3af23aaaea7add8a17f4d7,-45;-45;45;90;45;0;0;45;90;45;-45;-45,12,2.19456,3.4674048,IM7_8552_NCAMP_RTD_MEASURED_V1,F0_CLT,validation,True,True,2,90,0.1666666667,True,2,4,4,2,-1.244749063e-17,-0.3333333333,0,-4.082155997e-17,-0.08333333333,-0.8148148148,-0.5,-8.277705216e-17,134770602.4,60221404.12,-3.725290298e-09,134770602.4,0,64260146.46,40.61606541,31.99128942,-16.95287386,51.91798132,-16.95287386,33.61220284,49.14927964,49.14927964,29.2815628,0.4468437704,1.015401635,1.297949533,841802.8469,892568.6475,841802.8469,892568.6475,954030.9119,1249292.847,184.1818439,223.0689741,252.9429503,268.4890621,253.3774888,265.5111524
NEX-000021,c6dc65235fdf69fc7c977503f2fde89016d9651337397f36d39f6a1c500e10b7,c6dc65235fdf69fc7c977503f2fde89016d9651337397f36d39f6a1c500e10b7,-45;-45;90;45;0;45;45;0;45;90;-45;-45,12,2.19456,3.4674048,IM7_8552_NCAMP_RTD_MEASURED_V1,F0_CLT,validation,True,True,2,45,0.1666666667,True,2,4,4,2,7.959432903e-17,-0.3333333333,-5.551115123e-17,-4.082155997e-17,-0.1388888889,-0.5925925926,-0.6111111111,-1.167950188e-16,134770602.4,60221404.12,-3.725290298e-09,134770602.4,0,64260146.46,40.45889682,28.38115271,-20.72017917,59.29542333,-20.72017917,30.00206613,49.14927964,49.14927964,29.2815628,0.4468437704,1.01147242,1.482385583,841802.8469,892568.6475,841802.8469,892568.6475,954030.9119,1249292.847,180.3615544,229.2153731,347.0137606,430.9669041,163.148934,168.062207
NEX-000022,76323a83b86d5ca8cc8ae1dee43b3fe5b99410ac8e321e08a61257366c627864,76323a83b86d5ca8cc8ae1dee43b3fe5b99410ac8e321e08a61257366c627864,-45;-45;90;45;45;0;0;45;45;90;-45;-45,12,2.19456,3.4674048,IM7_8552_NCAMP_RTD_MEASURED_V1,F0_CLT,train,True,True,2,45,0.1666666667,True,2,4,4,2,2.40831778e-17,-0.3333333333,0,-4.082155997e-17,-0.1666666667,-0.6481481481,-0.5833333333,-1.133932221e-16,134770602.4,60221404.12,0,134770602.4,3.725290298e-09,64260146.46,37.67270999,29.28368689,-19.77835284,60.2765418,-19.77835284,30.90460031,49.14927964,49.14927964,29.2815628,0.4468437704,0.9418177497,1.506913545,841802.8469,892568.6475,841802.8469,892568.6475,954030.9119,1249292.847,164.5915896,209.7690905,350.1908703,389.2175322,177.3776415,183.8592739
NEX-000023,a6578bd2d567a27bc6cc9c7715a411852b272d73207bef1aea763666a24d30c1,a6578bd2d567a27bc6cc9c7715a411852b272d73207bef1aea763666a24d30c1,-45;0;-45;45;45;90;90;45;45;-45;0;-45,12,2.19456,3.4674048,IM7_8552_NCAMP_RTD_MEASURED_V1,F0_CLT,validation,True,True,2,90,0.1666666667,True,2,4,4,2,-5.040845623e-17,-0.3333333333,-5.551115123e-17,-4.082155997e-17,0.2777777778,-0.4259259259,-0.4722222222,-5.896447551e-17,134770602.4,60221404.12,-3.725290298e-09,134770602.4,-1.862645149e-09,64260146.46,71.42128912,25.67355018,-16.01104754,33.74823609,-16.01104754,27.2944636,49.14927964,49.14927964,29.2815628,0.4468437704,1.785532228,0.8437059023,841802.8469,892568.6475,841802.8469,892568.6475,954030.9119,1249292.847,491.6866914,543.1162159,164.6676034,170.1979306,179.8081563,188.868789
NEX-000024,097b4e3f3af18b6ce9ce669bd155748f23a813470c1466e685d6c37bf17b0111,097b4e3f3af18b6ce9ce669bd155748f23a813470c1466e685d6c37bf17b0111,-45;0;-45;45;90;45;45;90;45;-45;0;-45,12,2.19456,3.4674048,IM7_8552_NCAMP_RTD_MEASURED_V1,F0_CLT,train,True,True,2,90,0.1666666667,True,2,4,4,2,-7.816403185e-17,-0.3333333333,-5.551115123e-17,-4.082155997e-17,0.25,-0.3703703704,-0.5,-6.916986551e-17,134770602.4,60221404.12,-7.450580597e-09,134770602.4,-5.587935448e-09,64260146.46,70.44017065,24.771016,-16.95287386,36.53442292,-16.95287386,26.39192942,49.14927964,49.14927964,29.2815628,0.4468437704,1.761004266,0.913360573,841802.8469,892568.6475,841802.8469,892568.6475,954030.9119,1249292.847,486.0805376,598.1756639,178.7019578,188.010917,166.5509915,173.9984244
NEX-000025,49dcc0444b62b991260464101c5fb352599d6d35c49e68348b5f51360337a1d5,49dcc0444b62b991260464101c5fb352599d6d35c49e68348b5f51360337a1d5,-45;0;0;0;45;90;90;45;0;0;0;-45,12,2.19456,3.4674048,IM7_8552_NCAMP_RTD_MEASURED_V1,F0_CLT,train,True,True,3,45,0.1666666667,True,6,2,2,2,0.3333333333,0.3333333333,-8.326672685e-17,-4.082155997e-17,0.537037037,0.09259259259,-0.3888888889,-4.875908552e-17,218076895.3,33235856.8,-8.381903172e-09,105435404.2,-4.656612873e-09,37274599.14,97.42569952,17.24989785,-13.18556856,24.59113033,-13.18556856,18.87081128,94.59760869,45.73587263,16.98499888,0.3152248247,2.435642488,0.6147782583,1593680.892,1638570.662,744749.3098,749390.3288,553393.0713,724662.0598,774.1269231,977.594294,104.3090978,116.35228,101.7372711,106.9130783
NEX-000026,d7eb7bef8e9c03bc0a54578456a203e0ef271ee787cbee3d7ac2d58bf1a00873,d7eb7bef8e9c03bc0a54578456a203e0ef271ee787cbee3d7ac2d58bf1a00873,-45;0;0;0;90;45;45;90;0;0;0;-45,12,2.19456,3.4674048,IM7_8552_NCAMP_RTD_MEASURED_V1,F0_CLT,train,True,True,3,90,0.1666666667,True,6,2,2,2,0.3333333333,0.3333333333,-1.110223025e-16,-4.082155997e-17,0.5092592593,0.1481481481,-0.4166666667,-5.896447551e-17,218076895.3,33235856.8,-1.210719347e-08,105435404.2,-8.381903172e-09,37274599.14,96.44458105,16.34736368,-14.12739489,27.37731716,-14.12739489,17.9682771,94.59760869,45.73587263,16.98499888,0.3152248247,2.411114526,0.684432929,1593680.892,1638570.662,744749.3098,749390.3288,553393.0713,724662.0598,682.9762752,862.1670785,108.3377778,118.7265062,91.19248225,95.48346094
NEX-000027,56fd68bd72ed6ade1b0abb32d9fe6aaaccee03686ce20451b24875bb28fa536f,56fd68bd72ed6ade1b0abb32d9fe6aaaccee03686ce20451b24875bb28fa536f,-45;0;0;45;0;90;90;0;45;0;0;-45,12,2.19456,3.4674048,IM7_8552_NCAMP_RTD_MEASURED_V1,F0_CLT,test,True,True,2,90,0.1666666667,True,6,2,2,2,0.3333333333,0.3333333333,-8.326672685e-17,-4.082155997e-17,0.4814814815,-0.01851851852,-0.3333333333,-4.195549219e-17,218076895.3,33235856.8,-8.381903172e-09,105435404.2,-4.656612873e-09,37274599.14,91.85332586,19.05496621,-11.30191591,26.55336728,-11.30191591,20.67587963,94.59760869,45.73587263,16.98499888,0.3152248247,2.296333147,0.663834182,1593680.892,1638570.662,744749.3098,749390.3288,553393.0713,724662.0598,745.4039593,841.7795134,142.8333521,150.4617818,151.9383674,161.8534167
NEX-000028,fd1b420bfa073e2f43da31e4cf56bf4f127560f991656a6183bfd29b98632280,fd1b420bfa073e2f43da31e4cf56bf4f127560f991656a6183bfd29b98632280,-45;0;0;45;90;0;0;90;45;0;0;-45,12,2.19456,3.4674048,IM7_8552_NCAMP_RTD_MEASURED_V1,F0_CLT,train,True,True,2,90,0.1666666667,True,6,2,2,2,0.3333333333,0.3333333333,-8.326672685e-17,-4.082155997e-17,0.4259259259,-0.01851851852,-0.3333333333,-4.875908552e-17,218076895.3,33235856.8,-8.381903172e-09,105435404.2,-4.656612873e-09,37274599.14,88.08602056,19.05496621,-11.30191591,30.32067258,-11.30191591,20.67587963,94.59760869,45.73587263,16.98499888,0.3152248247,2.202150514,0.7580168146,1593680.892,1638570.662,744749.3098,749390.3288,553393.0713,724662.0598,707.6259571,867.061046,172.1059738,180.889665,163.4059561,174.9885564
NEX-000029,232c1f12e3c4081bb7afa71e7e0882cdcbd6ab0d3361e28ca3a736a84785b4dc,232c1f12e3c4081bb7afa71e7e0882cdcbd6ab0d3361e28ca3a736a84785b4dc,-45;0;0;90;0;45;45;0;90;0;0;-45,12,2.19456,3.4674048,IM7_8552_NCAMP_RTD_MEASURED_V1,F0_CLT,test,True,True,2,90,0.1666666667,True,6,2,2,2,0.3333333333,0.3333333333,-1.110223025e-16,-4.082155997e-17,0.3981481481,0.1481481481,-0.4166666667,-7.257166217e-17,218076895.3,33235856.8,-1.210719347e-08,105435404.2,-8.381903172e-09,37274599.14,88.90997044,16.34736368,-14.12739489,34.91192777,-14.12739489,17.9682771,94.59760869,45.73587263,16.98499888,0.3152248247,2.222749261,0.8727981942,1593680.892,1638570.662,744749.3098,749390.3288,553393.0713,724662.0598,584.0132281,686.7506215,160.0057675,175.6996681,111.0239318,116.841798
NEX-000030,c42fe46a81bdc46e7f9e9dd9065bcdd1eb0d0c5374dd7e8e62a54335568a65e2,c42fe46a81bdc46e7f9e9dd9065bcdd1eb0d0c5374dd7e8e62a54335568a65e2,-45;0;0;90;45;0;0;45;90;0;0;-45,12,2.19456,3.4674048,IM7_8552_NCAMP_RTD_MEASURED_V1,F0_CLT,train,True,True,2,90,0.1666666667,True,6,2,2,2,0.3333333333,0.3333333333,-6.938893904e-17,-4.082155997e-17,0.3703703704,0.09259259259,-0.3888888889,-6.916986551e-17,218076895.3,33235856.8,-8.381903172e-09,105435404.2,-4.656612873e-09,37274599.14,86.12378361,17.24989785,-13.18556856,35.89304624,-13.18556856,18.87081128,94.59760869,45.73587263,16.98499888,0.3152248247,2.15309459,0.897326156,1593680.892,1638570.662,744749.3098,749390.3288,553393.0713,724662.0598,612.2016094,769.7265073,185.7974979,207.6866777,133.5411261,141.6516426
NEX-000031,5b07d7e06362a0d7041c92be0ba4070a3dff177d9e60fd04c1013fcc1e4fe12f,5b07d7e06362a0d7041c92be0ba4070a3dff177d9e60fd04c1013fcc1e4fe12f,-45;0;0;90;45;90;90;45;90;0;0;-45,12,2.19456,3.4674048,IM7_8552_NCAMP_RTD_MEASURED_V1,F0_CLT,validation,True,True,2,90,0.1666666667,True,4,2,2,4,-7.816403185e-17,0.3333333333,-5.551115123e-17,-8.164311994e-17,0.3611111111,0.09259259259,-0.3888888889,-7.030379773e-17,161756149.7,33235856.8,-8.381903172e-09,161756149.7,-9.313225746e-10,37274599.14,85.4958994,17.24989785,-13.18556856,36.52093046,-13.18556856,18.87081128,70.59602611,70.59602611,16.98499888,0.2054688917,2.137397485,0.9130232615,1164122.133,1177471.644,1164122.133,1177471.644,553393.0713,724662.0598,604.8445696,756.3170606,190.378737,212.737455,134.7113177,142.9833361
NEX-000032,a5b7e3c760b7a449535c1ed49d20a699babe254ffd406ccf2cdde93fb2d42c3a,a5b7e3c760b7a449535c1ed49d20a699babe254ffd406ccf2cdde93fb2d42c3a,-45;0;0;90;90;45;45;90;90;0;0;-45,12,2.19456,3.4674048,IM7_8552_NCAMP_RTD_MEASURED_V1,F0_CLT,train,True,True,2,90,0.1666666667,True,4,2,2,4,-1.336751831e-16,0.3333333333,-8.326672685e-17,-8.164311994e-17,0.3333333333,0.1481481481,-0.4166666667,-8.050918772e-17,161756149.7,33235856.8,-1.210719347e-08,161756149.7,-4.656612873e-09,37274599.14,84.51478092,16.34736368,-14.12739489,39.30711729,-14.12739489,17.9682771,70.59602611,70.59602611,16.98499888,0.2054688917,2.112869523,0.9826779322,1164122.133,1177471.644,1164122.133,1177471.644,553393.0713,724662.0598,538.6203437,621.6352395,190.411036,209.3755714,118.9521628,125.6477012
NEX-000033,c5cb9bc85d4e73198e78dca08fb09f3f5604653ffae644841ce1588e919dfb1b,c5cb9bc85d4e73198e78dca08fb09f3f5604653ffae644841ce1588e919dfb1b,-45;0;45;-45;45;90;90;45;-45;45;0;-45,12,2.19456,3.4674048,IM7_8552_NCAMP_RTD_MEASURED_V1,F0_CLT,train,True,True,2,90,0.1666666667,True,2,4,4,2,-5.040845623e-17,-0.3333333333,-1.249000903e-16,-4.082155997e-17,0.2777777778,-0.4259259259,-0.3055555556,-3.855369553e-17,134770602.4,60221404.12,-1.210719347e-08,134770602.4,-8.381903172e-09,64260146.46,71.42128912,25.67355018,-10.36008958,33.74823609,-10.36008958,27.2944636,49.14927964,49.14927964,29.2815628,0.4468437704,1.785532228,0.8437059023,841802.8469,892568.6475,841802.8469,892568.6475,954030.9119,1249292.847,500.5273118,529.0711848,190.7466273,197.3886161,257.6539873,281.7907049
NEX-000034,d6cd29a66261716f21fe389a4c1523fa6eec318757194d9e9b348ba4b07d5b18,d6cd29a66261716f21fe389a4c1523fa6eec318757194d9e9b348ba4b07d5b18,-45;0;45;-45;90;45;45;90;-45;45;0;-45,12,2.19456,3.4674048,IM7_8552_NCAMP_RTD_MEASURED_V1,F0_CLT,train,True,True,2,90,0.1666666667,True,2,4,4,2,-7.816403185e-17,-0.3333333333,-1.526556659e-16,-4.082155997e-17,0.25,-0.3703703704,-0.3333333333,-4.875908552e-17,134770602.4,60221404.12,-1.583248377e-08,134770602.4,-1.210719347e-08,64260146.46,70.44017065,24.771016,-11.30191591,36.53442292,-11.30191591,26.39192942,49.14927964,49.14927964,29.2815628,0.4468437704,1.761004266,0.913360573,841802.8469,892568.6475,841802.8469,892568.6475,954030.9119,1249292.847,514.7474015,577.2246544,213.3674304,220.4284056,241.2443296,261.9793273
NEX-000035,ebfde11b14627202fd1beabb6a24042d194105beb04fff542e3f301dd64c40aa,ebfde11b14627202fd1beabb6a24042d194105beb04fff542e3f301dd64c40aa,-45;0;45;0;0;90;90;0;0;45;0;-45,12,2.19456,3.4674048,IM7_8552_NCAMP_RTD_MEASURED_V1,F0_CLT,test,True,True,2,90,0.1666666667,True,6,2,2,2,0.3333333333,0.3333333333,-1.249000903e-16,-4.082155997e-17,0.3981481481,-0.1851851852,-0.25,-3.17501022e-17,218076895.3,33235856.8,-1.210719347e-08,105435404.2,-8.381903172e-09,37274599.14,83.49476538,21.76256874,-8.476436932,29.4967227,-8.476436932,23.38348217,94.59760869,45.73587263,16.98499888,0.3152248247,2.087369134,0.7374180676,1593680.892,1638570.662,744749.3098,749390.3288,553393.0713,724662.0598,653.5223181,697.3965894,181.4511037,185.2110504,227.9795256,251.8671995
NEX-000036,63140693a449d5f90549243944e4e59b156500cca3158d7d769d0aecd5e60855,63140693a449d5f90549243944e4e59b156500cca3158d7d769d0aecd5e60855,-45;0;45;0;90;0;0;90;0;45;0;-45,12,2.19456,3.4674048,IM7_8552_NCAMP_RTD_MEASURED_V1,F0_CLT,test,True,True,2,90,0.1666666667,True,6,2,2,2,0.3333333333,0.3333333333,-1.249000903e-16,-4.082155997e-17,0.3425925926,-0.1851851852,-0.25,-3.855369553e-17,218076895.3,33235856.8,-1.210719347e-08,105435404.2,-8.381903172e-09,37274599.14,79.72746008,21.76256874,-8.476436932,33.26402801,-8.476436932,23.38348217,94.59760869,45.73587263,16.98499888,0.3152248247,1.993186502,0.8316007001,1593680.892,1638570.662,744749.3098,749390.3288,553393.0713,724662.0598,634.1554826,712.2382186,211.1853794,215.8613751,235.9596744,262.7800251
NEX-000037,1c7ae64cf276abeb73d2e3879b2657ea7469896c4b1e9b581087d053d3506243,1c7ae64cf276abeb73d2e3879b2657ea7469896c4b1e9b581087d053d3506243,-45;0;45;45;-45;90;90;-45;45;45;0;-45,12,2.19456,3.4674048,IM7_8552_NCAMP_RTD_MEASURED_V1,F0_CLT,test,True,True,2,90,0.1666666667,True,2,4,4,2,-5.040845623e-17,-0.3333333333,-1.249000903e-16,-4.082155997e-17,0.2777777778,-0.4259259259,-0.1944444444,-2.494650887e-17,134770602.4,60221404.12,-1.210719347e-08,134770602.4,-8.381903172e-09,64260146.46,71.42128912,25.67355018,-6.59278428,33.74823609,-6.59278428,27.2944636,49.14927964,49.14927964,29.2815628,0.4468437704,1.785532228,0.8437059023,841802.8469,892568.6475,841802.8469,892568.6475,954030.9119,1249292.847,502.8387323,524.7215641,200.7727436,208.0425651,306.630098,353.7029166
NEX-000038,2c60bfdb88686c6568839ddebf4d07c90ae096a0cd6151bbe91ba221bcb4dfd6,2c60bfdb88686c6568839ddebf4d07c90ae096a0cd6151bbe91ba221bcb4dfd6,-45;0;45;45;90;-45;-45;90;45;45;0;-45,12,2.19456,3.4674048,IM7_8552_NCAMP_RTD_MEASURED_V1,F0_CLT,validation,True,True,2,45,0.1666666667,True,2,4,4,2,-7.816403185e-17,-0.3333333333,-6.938893904e-17,-4.082155997e-17,0.25,-0.3703703704,-0.1666666667,-2.834830554e-17,134770602.4,60221404.12,-8.381903172e-09,134770602.4,-4.656612873e-09,64260146.46,70.44017065,24.771016,-5.650957954,36.53442292,-5.650957954,26.39192942,49.14927964,49.14927964,29.2815628,0.4468437704,1.761004266,0.913360573,841802.8469,892568.6475,841802.8469,892568.6475,954030.9119,1249292.847,526.1459582,568.7868142,229.790976,237.794565,309.7389535,365.5974344
NEX-000039,c0ebd54466eddaff91617ffeeda427afda1196c4c6dbf00a80b6d4c3bf581e91,c0ebd54466eddaff91617ffeeda427afda1196c4c6dbf00a80b6d4c3bf581e91,-45;0;45;90;-45;45;45;-45;90;45;0;-45,12,2.19456,3.4674048,IM7_8552_NCAMP_RTD_MEASURED_V1,F0_CLT,train,True,True,2,90,0.1666666667,True,2,4,4,2,-7.816403185e-17,-0.3333333333,-1.526556659e-16,-4.082155997e-17,0.1944444444,-0.2592592593,-0.2777777778,-5.556267885e-17,134770602.4,60221404.12,-1.583248377e-08,134770602.4,-1.210719347e-08,64260146.46,68.4779337,22.96594764,-9.418263257,42.10679658,-9.418263257,24.58686107,49.14927964,49.14927964,29.2815628,0.4468437704,1.711948342,1.052669914,841802.8469,892568.6475,841802.8469,892568.6475,954030.9119,1249292.847,526.417335,646.2140321,272.4108014,280.7954466,251.2126585,280.1878849
NEX-000040,a2cde64b4a1ebf735937dbcf0e3e9f9c4d4caac72c85da4da606eea73020eef7,a2cde64b4a1ebf735937dbcf0e3e9f9c4d4caac72c85da4da606eea73020eef7,-45;0;45;90;0;90;90;0;90;45;0;-45,12,2.19456,3.4674048,IM7_8552_NCAMP_RTD_MEASURED_V1,F0_CLT,train,True,True,2,90,0.1666666667,True,4,2,2,4,-5.040845623e-17,0.3333333333,-9.714451465e-17,-8.164311994e-17,0.2222222222,-0.1851851852,-0.25,-5.329481441e-17,161756149.7,33235856.8,-1.210719347e-08,161756149.7,-5.587935448e-09,37274599.14,71.56496525,21.76256874,-8.476436932,41.42652283,-8.476436932,23.38348217,70.59602611,70.59602611,16.98499888,0.2054688917,1.789124131,1.035663071,1164122.133,1177471.644,1164122.133,1177471.644,553393.0713,724662.0598,566.1937969,695.814131,275.6267676,282.8365948,246.670351,278.312188
NEX-000041,3fcb3b0b2fc6ece6759886bd0f49a55434fac8f256d27ab172054b72486553bf,3fcb3b0b2fc6ece6759886bd0f49a55434fac8f256d27ab172054b72486553bf,-45;0;45;90;45;-45;-45;45;90;45;0;-45,12,2.19456,3.4674048,IM7_8552_NCAMP_RTD_MEASURED_V1,F0_CLT,train,True,True,2,90,0.1666666667,True,2,4,4,2,-7.816403185e-17,-0.3333333333,-6.938893904e-17,-4.082155997e-17,0.1944444444,-0.2592592593,-0.2222222222,-4.875908552e-17,134770602.4,60221404.12,-8.381903172e-09,134770602.4,-4.656612873e-09,64260146.46,68.4779337,22.96594764,-7.534610606,42.10679658,-7.534610606,24.58686107,49.14927964,49.14927964,29.2815628,0.4468437704,1.711948342,1.052669914,841802.8469,892568.6475,841802.8469,892568.6475,954030.9119,1249292.847,536.3415767,646.7131555,278.8716133,287.5553111,271.9645456,311.9955462
NEX-000042,7678d9431faf75934a19f062a47c0bc87c584da05c89e451d961d906032d9fd8,7678d9431faf75934a19f062a47c0bc87c584da05c89e451d961d906032d9fd8,-45;0;45;90;90;0;0;90;90;45;0;-45,12,2.19456,3.4674048,IM7_8552_NCAMP_RTD_MEASURED_V1,F0_CLT,train,True,True,2,90,0.1666666667,True,4,2,2,4,-1.336751831e-16,0.3333333333,-9.714451465e-17,-8.164311994e-17,0.1666666667,-0.1851851852,-0.25,-6.009840774e-17,161756149.7,33235856.8,-1.210719347e-08,161756149.7,-5.587935448e-09,37274599.14,67.79765995,21.76256874,-8.476436932,45.19382813,-8.476436932,23.38348217,70.59602611,70.59602611,16.98499888,0.2054688917,1.694941499,1.129845703,1164122.133,1177471.644,1164122.133,1177471.644,553393.0713,724662.0598,530.9958653,660.7093906,305.3447749,314.0792873,249.5574287,282.7018666
NEX-000043,c189e6b0e6dfb9da64221f6b7df225afc1a3b13a7f9fb67b73028f92f276fa5f,c189e6b0e6dfb9da64221f6b7df225afc1a3b13a7f9fb67b73028f92f276fa5f,-45;0;90;0;0;45;45;0;0;90;0;-45,12,2.19456,3.4674048,IM7_8552_NCAMP_RTD_MEASURED_V1,F0_CLT,validation,True,True,2,90,0.1666666667,True,6,2,2,2,0.3333333333,0.3333333333,-1.110223025e-16,-4.082155997e-17,0.2314814815,0.1481481481,-0.4166666667,-9.298244216e-17,218076895.3,33235856.8,-1.210719347e-08,105435404.2,-8.381903172e-09,37274599.14,77.60805453,16.34736368,-14.12739489,46.21384368,-14.12739489,17.9682771,94.59760869,45.73587263,16.98499888,0.3152248247,1.940201363,1.155346092,1593680.892,1638570.662,744749.3098,749390.3288,553393.0713,724662.0598,475.9945625,539.7695393,238.7008645,263.1543315,127.5664321,135.4430814
NEX-000044,04b5dc5a8b5398fd1409db18a2edaf7a12911e04537ee53b146d9d4278aa04e1,04b5dc5a8b5398fd1409db18a2edaf7a12911e04537ee53b146d9d4278aa04e1,-45;0;90;0;45;0;0;45;0;90;0;-45,12,2.19456,3.4674048,IM7_8552_NCAMP_RTD_MEASURED_V1,F0_CLT,test,True,True,2,90,0.1666666667,True,6,2,2,2,0.3333333333,0.3333333333,-6.938893904e-17,-4.082155997e-17,0.2037037037,0.09259259259,-0.3888888889,-8.958064549e-17,218076895.3,33235856.8,-8.381903172e-09,105435404.2,-4.656612873e-09,37274599.14,74.8218677,17.24989785,-13.18556856,47.19496215,-13.18556856,18.87081128,94.59760869,45.73587263,16.98499888,0.3152248247,1.870546693,1.179874054,1593680.892,1638570.662,744749.3098,749390.3288,553393.0713,724662.0598,495.1807351,585.3046493,269.4377319,299.1212201,148.4850166,159.0537365
NEX-000045,c26e29cf06f3acd2d6e9fd090ea671eac224b7da75618646da24690bf854ceca,c26e29cf06f3acd2d6e9fd090ea671eac224b7da75618646da24690bf854ceca,-45;0;90;0;45;90;90;45;0;90;0;-45,12,2.19456,3.4674048,IM7_8552_NCAMP_RTD_MEASURED_V1,F0_CLT,train,True,True,2,90,0.1666666667,True,4,2,2,4,-8.775092811e-18,0.3333333333,-5.551115123e-17,-8.164311994e-17,0.1944444444,0.09259259259,-0.3888888889,-9.071457771e-17,161756149.7,33235856.8,-8.381903172e-09,161756149.7,-9.313225746e-10,37274599.14,74.19398349,17.24989785,-13.18556856,47.82284637,-13.18556856,18.87081128,70.59602611,70.59602611,16.98499888,0.2054688917,1.854849587,1.195571159,1164122.133,1177471.644,1164122.133,1177471.644,553393.0713,724662.0598,489.3813529,577.2878346,274.1705104,304.239089,148.9982875,159.6682461
NEX-000046,5cf77b2e7c543c20e7c7485f93ec24ad76a766930023c9f00d95582bfc3915fc,5cf77b2e7c543c20e7c7485f93ec24ad76a766930023c9f00d95582bfc3915fc,-45;0;90;0;90;45;45;90;0;90;0;-45,12,2.19456,3.4674048,IM7_8552_NCAMP_RTD_MEASURED_V1,F0_CLT,test,True,True,2,90,0.1666666667,True,4,2,2,4,-3.653066843e-17,0.3333333333,-8.326672685e-17,-8.164311994e-17,0.1666666667,0.1481481481,-0.4166666667,-1.009199677e-16,161756149.7,33235856.8,-1.210719347e-08,161756149.7,-4.656612873e-09,37274599.14,73.21286501,16.34736368,-14.12739489,50.6090332,-14.12739489,17.9682771,70.59602611,70.59602611,16.98499888,0.2054688917,1.830321625,1.26522583,1164122.133,1177471.644,1164122.133,1177471.644,553393.0713,724662.0598,439.4642103,494.7274984,269.8394729,298.0751009,131.1106301,139.5524633
NEX-000047,86bc759372c2a961172e60a43dc1b1b7f11abcea976999503bdcd3d0cb63230c,86bc759372c2a961172e60a43dc1b1b7f11abcea976999503bdcd3d0cb63230c,-45;0;90;45;-45;45;45;-45;45;90;0;-45,12,2.19456,3.4674048,IM7_8552_NCAMP_RTD_MEASURED_V1,F0_CLT,train,True,True,2,90,0.1666666667,True,2,4,4,2,-2.265288062e-17,-0.3333333333,-1.110223025e-16,-4.082155997e-17,0.1111111111,-0.09259259259,-0.3611111111,-8.617884883e-17,134770602.4,60221404.12,-1.210719347e-08,134770602.4,-8.381903172e-09,64260146.46,65.53457828,20.25834511,-12.24374223,50.46535706,-12.24374223,21.87925854,49.14927964,49.14927964,29.2815628,0.4468437704,1.638364457,1.261633927,841802.8469,892568.6475,841802.8469,892568.6475,954030.9119,1249292.847,464.4948091,587.0945955,329.2056092,339.6827687,194.5249482,210.9065803
NEX-000048,8edbc9bd4dc21673c5453026feb8d3517cd20f2241e6ea5d8762d55948774d15,8edbc9bd4dc21673c5453026feb8d3517cd20f2241e6ea5d8762d55948774d15,-45;0;90;45;0;90;90;0;45;90;0;-45,12,2.19456,3.4674048,IM7_8552_NCAMP_RTD_MEASURED_V1,F0_CLT,train,True,True,2,90,0.1666666667,True,4,2,2,4,-8.775092811e-18,0.3333333333,-5.551115123e-17,-8.164311994e-17,0.1388888889,-0.01851851852,-0.3333333333,-8.391098439e-17,161756149.7,33235856.8,-8.381903172e-09,161756149.7,-9.313225746e-10,37274599.14,68.62160983,19.05496621,-11.30191591,49.78508332,-11.30191591,20.67587963,70.59602611,70.59602611,16.98499888,0.2054688917,1.715540246,1.244627083,1164122.133,1177471.644,1164122.133,1177471.644,553393.0713,724662.0598,497.2139093,628.3289556,328.910267,340.4619011,190.6903985,208.6287785
NEX-000049,9a5c74f00dc424327d44a86a6f175ab8b1a4d2f1d2c83a4c1391e3ad729e3e4a,9a5c74f00dc424327d44a86a6f175ab8b1a4d2f1d2c83a4c1391e3ad729e3e4a,-45;0;90;45;45;-45;-45;45;45;90;0;-45,12,2.19456,3.4674048,IM7_8552_NCAMP_RTD_MEASURED_V1,F0_CLT,train,True,True,2,90,0.1666666667,True,2,4,4,2,-2.265288062e-17,-0.3333333333,-2.775557562e-17,-4.082155997e-17,0.1111111111,-0.09259259259,-0.3055555556,-7.93752555e-17,134770602.4,60221404.12,-4.656612873e-09,134770602.4,-9.313225746e-10,64260146.46,65.53457828,20.25834511,-10.36008958,50.46535706,-10.36008958,21.87925854,49.14927964,49.14927964,29.2815628,0.4468437704,1.638364457,1.261633927,841802.8469,892568.6475,841802.8469,892568.6475,954030.9119,1249292.847,488.697589,602.9534494,342.6682222,352.044405,214.8122265,237.8432365
NEX-000050,7af6ce9f338f770df59124c8e837470b81224b81d69dd98752f92db1e2587385,7af6ce9f338f770df59124c8e837470b81224b81d69dd98752f92db1e2587385,-45;0;90;45;90;0;0;90;45;90;0;-45,12,2.19456,3.4674048,IM7_8552_NCAMP_RTD_MEASURED_V1,F0_CLT,train,True,True,2,90,0.1666666667,True,4,2,2,4,-9.204181966e-17,0.3333333333,-5.551115123e-17,-8.164311994e-17,0.08333333333,-0.01851851852,-0.3333333333,-9.071457771e-17,161756149.7,33235856.8,-8.381903172e-09,161756149.7,-9.313225746e-10,37274599.14,64.85430453,19.05496621,-11.30191591,53.55238862,-11.30191591,20.67587963,70.59602611,70.59602611,16.98499888,0.2054688917,1.621357613,1.338809715,1164122.133,1177471.644,1164122.133,1177471.644,553393.0713,724662.0598,461.4389293,580.8069625,360.804185,372.029899,192.3130536,210.7672624
NEX-000051,611964d8db64e781ba7bda3ad9d271a6629482fac60585912341a34f454a453b,611964d8db64e781ba7bda3ad9d271a6629482fac60585912341a34f454a453b,-45;0;90;90;0;45;45;0;90;90;0;-45,12,2.19456,3.4674048,IM7_8552_NCAMP_RTD_MEASURED_V1,F0_CLT,train,True,True,2,90,0.1666666667,True,4,2,2,4,-3.653066843e-17,0.3333333333,-8.326672685e-17,-8.164311994e-17,0.05555555556,0.1481481481,-0.4166666667,-1.145271544e-16,161756149.7,33235856.8,-1.210719347e-08,161756149.7,-4.656612873e-09,37274599.14,65.67825441,16.34736368,-14.12739489,58.1436438,-14.12739489,17.9682771,70.59602611,70.59602611,16.98499888,0.2054688917,1.64195636,1.453591095,1164122.133,1177471.644,1164122.133,1177471.644,553393.0713,724662.0598,380.4084321,424.5246803,324.2217407,359.6844126,134.3327399,143.3329128
NEX-000052,3e1ef9e8b78b4085582664826e110ffdfdf50a6c3f1d8a8ecdcde63784412eb7,3e1ef9e8b78b4085582664826e110ffdfdf50a6c3f1d8a8ecdcde63784412eb7,-45;0;90;90;45;0;0;45;90;90;0;-45,12,2.19456,3.4674048,IM7_8552_NCAMP_RTD_MEASURED_V1,F0_CLT,train,True,True,2,90,0.1666666667,True,4,2,2,4,-9.204181966e-17,0.3333333333,-4.163336342e-17,-8.164311994e-17,0.02777777778,0.09259259259,-0.3888888889,-1.111253577e-16,161756149.7,33235856.8,-8.381903172e-09,161756149.7,-9.313225746e-10,37274599.14,62.89206758,17.24989785,-13.18556856,59.12476228,-13.18556856,18.87081128,70.59602611,70.59602611,16.98499888,0.2054688917,1.572301689,1.478119057,1164122.133,1177471.644,1164122.133,1177471.644,553393.0713,724662.0598,391.9738884,450.8466764,361.5932947,397.3599662,153.9293644,165.6369816
NEX-000053,433ddc624bb62a7518cba54b5ca5b4544044edd6bdd6eaf91ce36de18a452de4,433ddc624bb62a7518cba54b5ca5b4544044edd6bdd6eaf91ce36de18a452de4,-45;0;90;90;45;90;90;45;90;90;0;-45,12,2.19456,3.4674048,IM7_8552_NCAMP_RTD_MEASURED_V1,F0_CLT,test,True,True,2,90,0.1666666667,True,2,2,2,6,-0.3333333333,0.3333333333,-2.775557562e-17,-1.224646799e-16,0.01851851852,0.09259259259,-0.3888888889,-1.122592899e-16,105435404.2,33235856.8,-8.381903172e-09,218076895.3,2.793967724e-09,37274599.14,62.26418336,17.24989785,-13.18556856,59.75264649,-13.18556856,18.87081128,45.73587263,94.59760869,16.98499888,0.1524043011,1.556604584,1.493816162,744749.3098,749390.3288,1593680.892,1638570.662,553393.0713,724662.0598,386.8550074,444.5212909,366.603916,402.6026626,153.9841278,165.7039551
NEX-000054,1a06d00051575b796fc4c932de5bbd63421a459c446084e0e59d5c1ace244aca,1a06d00051575b796fc4c932de5bbd63421a459c446084e0e59d5c1ace244aca,-45;0;90;90;90;45;45;90;90;90;0;-45,12,2.19456,3.4674048,IM7_8552_NCAMP_RTD_MEASURED_V1,F0_CLT,validation,True,True,3,90,0.1666666667,True,2,2,2,6,-0.3333333333,0.3333333333,-5.551115123e-17,-1.224646799e-16,-0.009259259259,0.1481481481,-0.4166666667,-1.224646799e-16,105435404.2,33235856.8,-1.210719347e-08,218076895.3,-9.313225746e-10,37274599.14,61.28306489,16.34736368,-14.12739489,62.53883332,-14.12739489,17.9682771,45.73587263,94.59760869,16.98499888,0.1524043011,1.532076622,1.563470833,744749.3098,749390.3288,1593680.892,1638570.662,553393.0713,724662.0598,347.3669041,386.2178052,356.72453,397.0110079,134.7135577,143.7826601
NEX-000055,7a09cd9f24539d1e63932a1b1152c292759db50b5d24f6c1b7b28c7afe170543,7a09cd9f24539d1e63932a1b1152c292759db50b5d24f6c1b7b28c7afe170543,-45;45;-45;0;45;90;90;45;0;-45;45;-45,12,2.19456,3.4674048,IM7_8552_NCAMP_RTD_MEASURED_V1,F0_CLT,train,True,True,2,90,0.1666666667,True,2,4,4,2,7.081923622e-17,-0.3333333333,-1.387778781e-16,-4.082155997e-17,0.08333333333,-0.8148148148,-0.2777777778,-3.515189886e-17,134770602.4,60221404.12,-1.303851604e-08,134770602.4,-9.313225746e-09,64260146.46,51.91798132,31.99128942,-9.418263257,40.61606541,-9.418263257,33.61220284,49.14927964,49.14927964,29.2815628,0.4468437704,1.297949533,1.015401635,841802.8469,892568.6475,841802.8469,892568.6475,954030.9119,1249292.847,256.5746967,265.7572529,200.732216,227.5591092,357.774266,401.1180756
NEX-000056,3e884e921a58b6d97fd74492dc83e54c2feb4f185ecdba71331ba2644c55eb89,3e884e921a58b6d97fd74492dc83e54c2feb4f185ecdba71331ba2644c55eb89,-45;45;-45;0;90;45;45;90;0;-45;45;-45,12,2.19456,3.4674048,IM7_8552_NCAMP_RTD_MEASURED_V1,F0_CLT,train,True,True,2,90,0.1666666667,True,2,4,4,2,4.30636606e-17,-0.3333333333,-1.665334537e-16,-4.082155997e-17,0.05555555556,-0.7592592593,-0.3055555556,-4.535728886e-17,134770602.4,60221404.12,-1.676380634e-08,134770602.4,-1.303851604e-08,64260146.46,50.93686284,31.08875524,-10.36008958,43.40225224,-10.36008958,32.70966867,49.14927964,49.14927964,29.2815628,0.4468437704,1.273421571,1.085056306,841802.8469,892568.6475,841802.8469,892568.6475,954030.9119,1249292.847,276.9730915,297.0128151,233.0878303,267.3575194,337.4891881,374.140395
NEX-000057,afd757b0710fc3ec48679f648338adee38cb3a75c7d6db37b6a553f70844c529,afd757b0710fc3ec48679f648338adee38cb3a75c7d6db37b6a553f70844c529,-45;45;-45;45;0;90;90;0;45;-45;45;-45,12,2.19456,3.4674048,IM7_8552_NCAMP_RTD_MEASURED_V1,F0_CLT,test,True,True,2,90,0.1666666667,True,2,4,4,2,7.592193122e-17,-0.3333333333,-1.387778781e-16,-4.082155997e-17,0.02777777778,-0.9259259259,-0.2222222222,-2.834830554e-17,134770602.4,60221404.12,-1.303851604e-08,134770602.4,-9.313225746e-09,64260146.46,46.34560766,33.79635777,-7.534610606,42.57830236,-7.534610606,35.4172712,49.14927964,49.14927964,29.2815628,0.4468437704,1.158640191,1.064457559,841802.8469,892568.6475,841802.8469,892568.6475,954030.9119,1249292.847,187.3610986,192.9744918,174.0121877,183.5251798,405.6510657,468.7296676
NEX-000058,25a0aaf71142d453f54da93c0e5e95ff074bf219667c059da674d0063c8745a4,25a0aaf71142d453f54da93c0e5e95ff074bf219667c059da674d0063c8745a4,-45;45;-45;45;90;0;0;90;45;-45;45;-45,12,2.19456,3.4674048,IM7_8552_NCAMP_RTD_MEASURED_V1,F0_CLT,train,True,True,2,90,0.1666666667,True,2,4,4,2,-7.34479563e-18,-0.3333333333,-1.387778781e-16,-4.082155997e-17,-0.02777777778,-0.9259259259,-0.2222222222,-3.515189886e-17,134770602.4,60221404.12,-1.303851604e-08,134770602.4,-9.313225746e-09,64260146.46,42.57830236,33.79635777,-7.534610606,46.34560766,-7.534610606,35.4172712,49.14927964,49.14927964,29.2815628,0.4468437704,1.064457559,1.158640191,841802.8469,892568.6475,841802.8469,892568.6475,954030.9119,1249292.847,174.0121877,183.5251798,187.3610986,192.9744918,405.6510657,468.7296676
NEX-000059,8e465fb824b11d828ad32f69fa4e15e738a08a63b554aeda42781d85913e4770,8e465fb824b11d828ad32f69fa4e15e738a08a63b554aeda42781d85913e4770,-45;45;-45;90;0;45;45;0;90;-45;45;-45,12,2.19456,3.4674048,IM7_8552_NCAMP_RTD_MEASURED_V1,F0_CLT,test,True,True,2,90,0.1666666667,True,2,4,4,2,4.30636606e-17,-0.3333333333,-1.665334537e-16,-4.082155997e-17,-0.05555555556,-0.7592592593,-0.3055555556,-5.896447551e-17,134770602.4,60221404.12,-1.676380634e-08,134770602.4,-1.303851604e-08,64260146.46,43.40225224,31.08875524,-10.36008958,50.93686284,-10.36008958,32.70966867,49.14927964,49.14927964,29.2815628,0.4468437704,1.085056306,1.273421571,841802.8469,892568.6475,841802.8469,892568.6475,954030.9119,1249292.847,233.0878303,267.3575194,276.9730915,297.0128151,337.4891881,374.140395
NEX-000060,eccc89a530e5249fbfef069038dc095a30cb200a05fb6e7d8706f6ac482ddfe2,eccc89a530e5249fbfef069038dc095a30cb200a05fb6e7d8706f6ac482ddfe2,-45;45;-45;90;45;0;0;45;90;-45;45;-45,12,2.19456,3.4674048,IM7_8552_NCAMP_RTD_MEASURED_V1,F0_CLT,train,True,True,2,90,0.1666666667,True,2,4,4,2,-1.244749063e-17,-0.3333333333,-1.249000903e-16,-4.082155997e-17,-0.08333333333,-0.8148148148,-0.2777777778,-5.556267885e-17,134770602.4,60221404.12,-1.303851604e-08,134770602.4,-9.313225746e-09,64260146.46,40.61606541,31.99128942,-9.418263257,51.91798132,-9.418263257,33.61220284,49.14927964,49.14927964,29.2815628,0.4468437704,1.015401635,1.297949533,841802.8469,892568.6475,841802.8469,892568.6475,954030.9119,1249292.847,200.732216,227.5591092,256.5746967,265.7572529,357.774266,401.1180756
NEX-000061,f61cd00e07f5778c4f24a1c948f5e131c3b2e3b445ccb81962af5597321bf217,f61cd00e07f5778c4f24a1c948f5e131c3b2e3b445ccb81962af5597321bf217,-45;45;0;-45;45;90;90;45;-45;0;45;-45,12,2.19456,3.4674048,IM7_8552_NCAMP_RTD_MEASURED_V1,F0_CLT,train,True,True,2,90,0.1666666667,True,2,4,4,2,2.40831778e-17,-0.3333333333,-1.804112415e-16,-4.082155997e-17,0.1666666667,-0.6481481481,-0.1944444444,-2.494650887e-17,134770602.4,60221404.12,-1.676380634e-08,134770602.4,-1.303851604e-08,64260146.46,60.2765418,29.28368689,-6.59278428,37.67270999,-6.59278428,30.90460031,49.14927964,49.14927964,29.2815628,0.4468437704,1.506913545,0.9418177497,841802.8469,892568.6475,841802.8469,892568.6475,954030.9119,1249292.847,362.2092354,375.0651237,223.54425,263.5102204,356.423842,415.4672825
NEX-000062,397280242e89e8be12818a48a10f383247df11f4896b529aaf004ee5304693ab,397280242e89e8be12818a48a10f383247df11f4896b529aaf004ee5304693ab,-45;45;0;-45;90;45;45;90;-45;0;45;-45,12,2.19456,3.4674048,IM7_8552_NCAMP_RTD_MEASURED_V1,F0_CLT,train,True,True,2,90,0.1666666667,True,2,4,4,2,-3.672397815e-18,-0.3333333333,-2.081668171e-16,-4.082155997e-17,0.1388888889,-0.5925925926,-0.2222222222,-3.515189886e-17,134770602.4,60221404.12,-2.048909664e-08,134770602.4,-1.676380634e-08,64260146.46,59.29542333,28.38115271,-7.534610606,40.45889682,-7.534610606,30.00206613,49.14927964,49.14927964,29.2815628,0.4468437704,1.482385583,1.01147242,841802.8469,892568.6475,841802.8469,892568.6475,954030.9119,1249292.847,384.0825911,411.8375023,253.276144,299.613445,337.0503197,387.5794714
NEX-000063,6790b96a4de61b419d1d6099fa54a03ee2867218a77c1afa7ee88587715c2948,6790b96a4de61b419d1d6099fa54a03ee2867218a77c1afa7ee88587715c2948,-45;45;0;0;0;90;90;0;0;0;45;-45,12,2.19456,3.4674048,IM7_8552_NCAMP_RTD_MEASURED_V1,F0_CLT,test,True,True,3,90,0.1666666667,True,6,2,2,2,0.3333333333,0.3333333333,-1.804112415e-16,-4.082155997e-17,0.287037037,-0.4074074074,-0.1388888889,-1.814291554e-17,218076895.3,33235856.8,-1.676380634e-08,105435404.2,-1.303851604e-08,37274599.14,72.35001806,25.37270545,-4.709131629,33.4211966,-4.709131629,26.99361888,94.59760869,45.73587263,16.98499888,0.3152248247,1.808750452,0.835529915,1593680.892,1638570.662,744749.3098,749390.3288,553393.0713,724662.0598,515.4662605,536.0294435,226.5416025,263.408143,324.4829896,388.8935111
NEX-000064,5ca8eeed07c8e9a388573d47a2db09332d5aa5a357f16ca6fa0a1771e18f2b00,5ca8eeed07c8e9a388573d47a2db09332d5aa5a357f16ca6fa0a1771e18f2b00,-45;45;0;0;90;0;0;90;0;0;45;-45,12,2.19456,3.4674048,IM7_8552_NCAMP_RTD_MEASURED_V1,F0_CLT,test,True,True,2,90,0.1666666667,True,6,2,2,2,0.3333333333,0.3333333333,-1.804112415e-16,-4.082155997e-17,0.2314814815,-0.4074074074,-0.1388888889,-2.494650887e-17,218076895.3,33235856.8,-1.676380634e-08,105435404.2,-1.303851604e-08,37274599.14,68.58271276,25.37270545,-4.709131629,37.1885019,-4.709131629,26.99361888,94.59760869,45.73587263,16.98499888,0.3152248247,1.714567819,0.9297125475,1593680.892,1638570.662,744749.3098,749390.3288,553393.0713,724662.0598,503.9089525,541.4065193,259.266943,301.3933082,327.7605005,395.6288916
NEX-000065,392144d6f7ca6133948c5d9d6768a44538d0bb7062fc702a206976f7a1ad9ff1,392144d6f7ca6133948c5d9d6768a44538d0bb7062fc702a206976f7a1ad9ff1,-45;45;0;45;-45;90;90;-45;45;0;45;-45,12,2.19456,3.4674048,IM7_8552_NCAMP_RTD_MEASURED_V1,F0_CLT,train,True,True,2,90,0.1666666667,True,2,4,4,2,2.40831778e-17,-0.3333333333,-1.804112415e-16,-4.082155997e-17,0.1666666667,-0.6481481481,-0.08333333333,-1.133932221e-17,134770602.4,60221404.12,-1.676380634e-08,134770602.4,-1.303851604e-08,64260146.46,60.2765418,29.28368689,-2.825478977,37.67270999,-2.825478977,30.90460031,49.14927964,49.14927964,29.2815628,0.4468437704,1.506913545,0.9418177497,841802.8469,892568.6475,841802.8469,892568.6475,954030.9119,1249292.847,363.1574447,374.160025,230.4650445,268.0793052,396.7422985,504.6047481
NEX-000066,31d34cdbd035d94bb7556af144cefafdf9a2b78f5d36796390f2684fb73705b6,31d34cdbd035d94bb7556af144cefafdf9a2b78f5d36796390f2684fb73705b6,-45;45;0;45;90;-45;-45;90;45;0;45;-45,12,2.19456,3.4674048,IM7_8552_NCAMP_RTD_MEASURED_V1,F0_CLT,train,True,True,2,90,0.1666666667,True,2,4,4,2,-3.672397815e-18,-0.3333333333,-1.249000903e-16,-4.082155997e-17,0.1388888889,-0.5925925926,-0.05555555556,-1.474111888e-17,134770602.4,60221404.12,-1.303851604e-08,134770602.4,-9.313225746e-09,64260146.46,59.29542333,28.38115271,-1.883652651,40.45889682,-1.883652651,30.00206613,49.14927964,49.14927964,29.2815628,0.4468437704,1.482385583,1.01147242,841802.8469,892568.6475,841802.8469,892568.6475,954030.9119,1249292.847,388.1404565,410.2353558,265.2671422,307.123955,393.5012784,515.910352
NEX-000067,d413d334267b160c951f2dd1ec042360491815a5bae5004e52f0fa691c7b006e,d413d334267b160c951f2dd1ec042360491815a5bae5004e52f0fa691c7b006e,-45;45;0;90;-45;45;45;-45;90;0;45;-45,12,2.19456,3.4674048,IM7_8552_NCAMP_RTD_MEASURED_V1,F0_CLT,train,True,True,2,90,0.1666666667,True,2,4,4,2,-3.672397815e-18,-0.3333333333,-2.081668171e-16,-4.082155997e-17,0.08333333333,-0.4814814815,-0.1666666667,-4.195549219e-17,134770602.4,60221404.12,-2.048909664e-08,134770602.4,-1.676380634e-08,64260146.46,57.33318638,26.57608435,-5.650957954,46.03127047,-5.650957954,28.19699778,49.14927964,49.14927964,29.2815628,0.4468437704,1.43332966,1.150781762,841802.8469,892568.6475,841802.8469,892568.6475,954030.9119,1249292.847,411.2693102,472.5122619,322.4808944,378.4210261,338.1828688,404.12737
NEX-000068,e624772376b536560008b553bef5cd103cbd10407293a3bbfedb6cd73b5ed85e,e624772376b536560008b553bef5cd103cbd10407293a3bbfedb6cd73b5ed85e,-45;45;0;90;0;90;90;0;90;0;45;-45,12,2.19456,3.4674048,IM7_8552_NCAMP_RTD_MEASURED_V1,F0_CLT,validation,True,True,2,90,0.1666666667,True,4,2,2,4,2.40831778e-17,0.3333333333,-1.526556659e-16,-8.164311994e-17,0.1111111111,-0.4074074074,-0.1388888889,-3.968762775e-17,161756149.7,33235856.8,-1.676380634e-08,161756149.7,-1.024454832e-08,37274599.14,60.42021794,25.37270545,-4.709131629,45.35099672,-4.709131629,26.99361888,70.59602611,70.59602611,16.98499888,0.2054688917,1.510505448,1.133774918,1164122.133,1177471.644,1164122.133,1177471.644,553393.0713,724662.0598,453.9175152,526.0699544,330.0863589,384.3855166,331.6774565,404.0740862
NEX-000069,23ef06be0d57068161d2a3501da6d06d2e159c285a47381a4c3d663adc96bd46,23ef06be0d57068161d2a3501da6d06d2e159c285a47381a4c3d663adc96bd46,-45;45;0;90;45;-45;-45;45;90;0;45;-45,12,2.19456,3.4674048,IM7_8552_NCAMP_RTD_MEASURED_V1,F0_CLT,test,True,True,2,90,0.1666666667,True,2,4,4,2,-3.672397815e-18,-0.3333333333,-1.249000903e-16,-4.082155997e-17,0.08333333333,-0.4814814815,-0.1111111111,-3.515189886e-17,134770602.4,60221404.12,-1.303851604e-08,134770602.4,-9.313225746e-09,64260146.46,57.33318638,26.57608435,-3.767305303,46.03127047,-3.767305303,28.19699778,49.14927964,49.14927964,29.2815628,0.4468437704,1.43332966,1.150781762,841802.8469,892568.6475,841802.8469,892568.6475,954030.9119,1249292.847,414.9714635,472.0256,327.6762426,381.3858204,355.5986861,443.4914021
NEX-000070,a1cd6bcb10e645b4996d81bbac783996d2dd7be484b194a8498cba8ec52e074f,a1cd6bcb10e645b4996d81bbac783996d2dd7be484b194a8498cba8ec52e074f,-45;45;0;90;90;0;0;90;90;0;45;-45,12,2.19456,3.4674048,IM7_8552_NCAMP_RTD_MEASURED_V1,F0_CLT,train,True,True,2,90,0.1666666667,True,4,2,2,4,-5.918354905e-17,0.3333333333,-1.526556659e-16,-8.164311994e-17,0.05555555556,-0.4074074074,-0.1388888889,-4.649122108e-17,161756149.7,33235856.8,-1.676380634e-08,161756149.7,-1.024454832e-08,37274599.14,56.65291263,25.37270545,-4.709131629,49.11830203,-4.709131629,26.99361888,70.59602611,70.59602611,16.98499888,0.2054688917,1.416322816,1.227957551,1164122.133,1177471.644,1164122.133,1177471.644,553393.0713,724662.0598,424.9466726,509.219929,362.429754,423.1126827,332.4534663,405.8033588
NEX-000071,81d251970800dcb4c998ed9754813cdf0e97ec8a398ef2b17b948835a1c588f2,81d251970800dcb4c998ed9754813cdf0e97ec8a398ef2b17b948835a1c588f2,-45;45;45;-45;0;90;90;0;-45;45;45;-45,12,2.19456,3.4674048,IM7_8552_NCAMP_RTD_MEASURED_V1,F0_CLT,train,True,True,2,90,0.1666666667,True,2,4,4,2,7.592193122e-17,-0.3333333333,-2.220446049e-16,-4.082155997e-17,0.02777777778,-0.9259259259,-0.05555555556,-7.93752555e-18,134770602.4,60221404.12,-2.048909664e-08,134770602.4,-1.676380634e-08,64260146.46,46.34560766,33.79635777,-1.883652651,42.57830236,-1.883652651,35.4172712,49.14927964,49.14927964,29.2815628,0.4468437704,1.158640191,1.064457559,841802.8469,892568.6475,841802.8469,892568.6475,954030.9119,1249292.847,188.1821522,192.8164509,175.7843545,183.7298375,465.543806,612.0617798
NEX-000072,38c59736260c4addb4786a6e9dbf5ae3e4876b9f54327e0c7ef5c5951d48ff5c,38c59736260c4addb4786a6e9dbf5ae3e4876b9f54327e0c7ef5c5951d48ff5c,-45;45;45;-45;90;0;0;90;-45;45;45;-45,12,2.19456,3.4674048,IM7_8552_NCAMP_RTD_MEASURED_V1,F0_CLT,test,True,True,2,90,0.1666666667,True,2,4,4,2,-7.34479563e-18,-0.3333333333,-2.220446049e-16,-4.082155997e-17,-0.02777777778,-0.9259259259,-0.05555555556,-1.474111888e-17,134770602.4,60221404.12,-2.048909664e-08,134770602.4,-1.676380634e-08,64260146.46,42.57830236,33.79635777,-1.883652651,46.34560766,-1.883652651,35.4172712,49.14927964,49.14927964,29.2815628,0.4468437704,1.064457559,1.158640191,841802.8469,892568.6475,841802.8469,892568.6475,954030.9119,1249292.847,175.7843545,183.7298375,188.1821522,192.8164509,465.543806,612.0617798
NEX-000073,759c6bbe4f90fcdf9b4d5d472e71f2668f426d867f81688d3dd52996ed7ab0b6,759c6bbe4f90fcdf9b4d5d472e71f2668f426d867f81688d3dd52996ed7ab0b6,-45;45;45;0;-45;90;90;-45;0;45;45;-45,12,2.19456,3.4674048,IM7_8552_NCAMP_RTD_MEASURED_V1,F0_CLT,validation,True,True,2,90,0.1666666667,True,2,4,4,2,7.081923622e-17,-0.3333333333,-2.220446049e-16,-4.082155997e-17,0.08333333333,-0.8148148148,-4.718447855e-16,-1.133932221e-18,134770602.4,60221404.12,-2.048909664e-08,134770602.4,-1.676380634e-08,64260146.46,51.91798132,31.99128942,-1.687538997e-14,40.61606541,-1.509903313e-14,33.61220284,49.14927964,49.14927964,29.2815628,0.4468437704,1.297949533,1.015401635,841802.8469,892568.6475,841802.8469,892568.6475,954030.9119,1249292.847,258.3294886,264.8249329,208.8829058,229.1551065,454.7788383,636.5332919
NEX-000074,6b85fcd33d8c5386faab7c92a074a1ddde6a077c86a476ecd36a3bc4b5d23a92,6b85fcd33d8c5386faab7c92a074a1ddde6a077c86a476ecd36a3bc4b5d23a92,-45;45;45;0;90;-45;-45;90;0;45;45;-45,12,2.19456,3.4674048,IM7_8552_NCAMP_RTD_MEASURED_V1,F0_CLT,train,True,True,2,90,0.1666666667,True,2,4,4,2,4.30636606e-17,-0.3333333333,-1.665334537e-16,-4.082155997e-17,0.05555555556,-0.7592592593,0.02777777778,-4.535728886e-18,134770602.4,60221404.12,-1.676380634e-08,134770602.4,-1.303851604e-08,64260146.46,50.93686284,31.08875524,0.9418263257,43.40225224,0.9418263257,32.70966867,49.14927964,49.14927964,29.2815628,0.4468437704,1.273421571,1.085056306,841802.8469,892568.6475,841802.8469,892568.6475,954030.9119,1249292.847,282.603498,295.9548885,244.6000104,268.7514327,447.4382423,628.3017651
NEX-000075,61ba10aac64d26aa690c3a54ddc2facd8b23bbd20c9ebe8b132534cf93b83703,61ba10aac64d26aa690c3a54ddc2facd8b23bbd20c9ebe8b132534cf93b83703,-45;45;45;90;-45;0;0;-45;90;45;45;-45,12,2.19456,3.4674048,IM7_8552_NCAMP_RTD_MEASURED_V1,F0_CLT,train,True,True,2,90,0.1666666667,True,2,4,4,2,-1.244749063e-17,-0.3333333333,-2.081668171e-16,-4.082155997e-17,-0.08333333333,-0.8148148148,-4.440892099e-16,-2.154471221e-17,134770602.4,60221404.12,-2.048909664e-08,134770602.4,-1.676380634e-08,64260146.46,40.61606541,31.99128942,-1.687538997e-14,51.91798132,-1.509903313e-14,33.61220284,49.14927964,49.14927964,29.2815628,0.4468437704,1.015401635,1.297949533,841802.8469,892568.6475,841802.8469,892568.6475,954030.9119,1249292.847,208.8829058,229.1551065,258.3294886,264.8249329,454.7788383,636.5332919
NEX-000076,e9206607e60a0168dd15f3714369c18aca44888ee588cf02d55dcb02dd329f27,e9206607e60a0168dd15f3714369c18aca44888ee588cf02d55dcb02dd329f27,-45;45;45;90;0;-45;-45;0;90;45;45;-45,12,2.19456,3.4674048,IM7_8552_NCAMP_RTD_MEASURED_V1,F0_CLT,test,True,True,2,90,0.1666666667,True,2,4,4,2,4.30636606e-17,-0.3333333333,-1.665334537e-16,-4.082155997e-17,-0.05555555556,-0.7592592593,0.02777777778,-1.814291554e-17,134770602.4,60221404.12,-1.676380634e-08,134770602.4,-1.303851604e-08,64260146.46,43.40225224,31.08875524,0.9418263257,50.93686284,0.9418263257,32.70966867,49.14927964,49.14927964,29.2815628,0.4468437704,1.085056306,1.273421571,841802.8469,892568.6475,841802.8469,892568.6475,954030.9119,1249292.847,244.6000104,268.7514327,282.603498,295.9548885,447.4382423,628.3017651
NEX-000077,f151941c8fb08e8b5a7ee1ba6fa9c62a112a2bc5edc17e984da1ced64bd95831,f151941c8fb08e8b5a7ee1ba6fa9c62a112a2bc5edc17e984da1ced64bd95831,-45;45;90;-45;0;45;45;0;-45;90;45;-45,12,2.19456,3.4674048,IM7_8552_NCAMP_RTD_MEASURED_V1,F0_CLT,test,True,True,2,90,0.1666666667,True,2,4,4,2,7.959432903e-17,-0.3333333333,-2.081668171e-16,-4.082155997e-17,-0.1388888889,-0.5925925926,-0.2222222222,-6.916986551e-17,134770602.4,60221404.12,-2.048909664e-08,134770602.4,-1.676380634e-08,64260146.46,40.45889682,28.38115271,-7.534610606,59.29542333,-7.534610606,30.00206613,49.14927964,49.14927964,29.2815628,0.4468437704,1.01147242,1.482385583,841802.8469,892568.6475,841802.8469,892568.6475,954030.9119,1249292.847,253.276144,299.613445,384.0825911,411.8375023,337.0503197,387.5794714
NEX-000078,1e675b8b40af96b5b4ab5510fd5758d0d527295287efa1885a19b118dac2e955,1e675b8b40af96b5b4ab5510fd5758d0d527295287efa1885a19b118dac2e955,-45;45;90;-45;45;0;0;45;-45;90;45;-45,12,2.19456,3.4674048,IM7_8552_NCAMP_RTD_MEASURED_V1,F0_CLT,train,True,True,2,90,0.1666666667,True,2,4,4,2,2.40831778e-17,-0.3333333333,-1.665334537e-16,-4.082155997e-17,-0.1666666667,-0.6481481481,-0.1944444444,-6.576806884e-17,134770602.4,60221404.12,-1.676380634e-08,134770602.4,-1.303851604e-08,64260146.46,37.67270999,29.28368689,-6.59278428,60.2765418,-6.59278428,30.90460031,49.14927964,49.14927964,29.2815628,0.4468437704,0.9418177497,1.506913545,841802.8469,892568.6475,841802.8469,892568.6475,954030.9119,1249292.847,223.54425,263.5102204,362.2092354,375.0651237,356.423842,415.4672825
NEX-000079,2a6e3ca3c52b46a6c678373ad7bc8fc24f635a6481b1f301ed050b578e2ea77a,2a6e3ca3c52b46a6c678373ad7bc8fc24f635a6481b1f301ed050b578e2ea77a,-45;45;90;0;-45;45;45;-45;0;90;45;-45,12,2.19456,3.4674048,IM7_8552_NCAMP_RTD_MEASURED_V1,F0_CLT,train,True,True,2,90,0.1666666667,True,2,4,4,2,7.959432903e-17,-0.3333333333,-2.081668171e-16,-4.082155997e-17,-0.08333333333,-0.4814814815,-0.1666666667,-6.236627218e-17,134770602.4,60221404.12,-2.048909664e-08,134770602.4,-1.676380634e-08,64260146.46,46.03127047,26.57608435,-5.650957954,57.33318638,-5.650957954,28.19699778,49.14927964,49.14927964,29.2815628,0.4468437704,1.150781762,1.43332966,841802.8469,892568.6475,841802.8469,892568.6475,954030.9119,1249292.847,322.4808944,378.4210261,411.2693102,472.5122619,338.1828688,404.12737
NEX-000080,16d9dec33d363e1c199ba5b12325f2ab4c2626e36bc12f5b7f34fc9a54d378f1,16d9dec33d363e1c199ba5b12325f2ab4c2626e36bc12f5b7f34fc9a54d378f1,-45;45;90;0;0;90;90;0;0;90;45;-45,12,2.19456,3.4674048,IM7_8552_NCAMP_RTD_MEASURED_V1,F0_CLT,test,True,True,2,90,0.1666666667,True,4,2,2,4,1.073499046e-16,0.3333333333,-1.526556659e-16,-8.164311994e-17,-0.05555555556,-0.4074074074,-0.1388888889,-6.009840774e-17,161756149.7,33235856.8,-1.676380634e-08,161756149.7,-1.024454832e-08,37274599.14,49.11830203,25.37270545,-4.709131629,56.65291263,-4.709131629,26.99361888,70.59602611,70.59602611,16.98499888,0.2054688917,1.227957551,1.416322816,1164122.133,1177471.644,1164122.133,1177471.644,553393.0713,724662.0598,362.429754,423.1126827,424.9466726,509.219929,332.4534663,405.8033588
NEX-000081,21ff933f5ed4f83c2a50342d68beebfa3ec6ced97178a3fe4023b08a4c3bd5b2,21ff933f5ed4f83c2a50342d68beebfa3ec6ced97178a3fe4023b08a4c3bd5b2,-45;45;90;0;45;-45;-45;45;0;90;45;-45,12,2.19456,3.4674048,IM7_8552_NCAMP_RTD_MEASURED_V1,F0_CLT,train,True,True,2,90,0.1666666667,True,2,4,4,2,7.959432903e-17,-0.3333333333,-1.249000903e-16,-4.082155997e-17,-0.08333333333,-0.4814814815,-0.1111111111,-5.556267885e-17,134770602.4,60221404.12,-1.303851604e-08,134770602.4,-9.313225746e-09,64260146.46,46.03127047,26.57608435,-3.767305303,57.33318638,-3.767305303,28.19699778,49.14927964,49.14927964,29.2815628,0.4468437704,1.150781762,1.43332966,841802.8469,892568.6475,841802.8469,892568.6475,954030.9119,1249292.847,327.6762426,381.3858204,414.9714635,472.0256,355.5986861,443.4914021
NEX-000082,ae875fdbd931c952e05666ed3db17238b1cf37b62d8abd399376972ef93928fc,ae875fdbd931c952e05666ed3db17238b1cf37b62d8abd399376972ef93928fc,-45;45;90;0;90;0;0;90;0;90;45;-45,12,2.19456,3.4674048,IM7_8552_NCAMP_RTD_MEASURED_V1,F0_CLT,validation,True,True,2,90,0.1666666667,True,4,2,2,4,2.40831778e-17,0.3333333333,-1.526556659e-16,-8.164311994e-17,-0.1111111111,-0.4074074074,-0.1388888889,-6.690200106e-17,161756149.7,33235856.8,-1.676380634e-08,161756149.7,-1.024454832e-08,37274599.14,45.35099672,25.37270545,-4.709131629,60.42021794,-4.709131629,26.99361888,70.59602611,70.59602611,16.98499888,0.2054688917,1.133774918,1.510505448,1164122.133,1177471.644,1164122.133,1177471.644,553393.0713,724662.0598,330.0863589,384.3855166,453.9175152,526.0699544,331.6774565,404.0740862
NEX-000083,57c1da0dcce8eaf0bbf581e05565982912a185dd0eb040fd4878362f2add3ffd,57c1da0dcce8eaf0bbf581e05565982912a185dd0eb040fd4878362f2add3ffd,-45;45;90;45;-45;0;0;-45;45;90;45;-45,12,2.19456,3.4674048,IM7_8552_NCAMP_RTD_MEASURED_V1,F0_CLT,train,True,True,2,90,0.1666666667,True,2,4,4,2,2.40831778e-17,-0.3333333333,-1.665334537e-16,-4.082155997e-17,-0.1666666667,-0.6481481481,-0.08333333333,-5.216088219e-17,134770602.4,60221404.12,-1.676380634e-08,134770602.4,-1.303851604e-08,64260146.46,37.67270999,29.28368689,-2.825478977,60.2765418,-2.825478977,30.90460031,49.14927964,49.14927964,29.2815628,0.4468437704,0.9418177497,1.506913545,841802.8469,892568.6475,841802.8469,892568.6475,954030.9119,1249292.847,230.4650445,268.0793052,363.1574447,374.160025,396.7422985,504.6047481
NEX-000084,8973c175936914899fc6c2f22797382546a8a53a6c421af14558e19551674eda,8973c175936914899fc6c2f22797382546a8a53a6c421af14558e19551674eda,-45;45;90;45;0;-45;-45;0;45;90;45;-45,12,2.19456,3.4674048,IM7_8552_NCAMP_RTD_MEASURED_V1,F0_CLT,train,True,True,2,90,0.1666666667,True,2,4,4,2,7.959432903e-17,-0.3333333333,-1.249000903e-16,-4.082155997e-17,-0.1388888889,-0.5925925926,-0.05555555556,-4.875908552e-17,134770602.4,60221404.12,-1.303851604e-08,134770602.4,-9.313225746e-09,64260146.46,40.45889682,28.38115271,-1.883652651,59.29542333,-1.883652651,30.00206613,49.14927964,49.14927964,29.2815628,0.4468437704,1.01147242,1.482385583,841802.8469,892568.6475,841802.8469,892568.6475,954030.9119,1249292.847,265.2671422,307.123955,388.1404565,410.2353558,393.5012784,515.910352
NEX-000085,ff1695f8d406e2762574d452f80ab8406fd32d5d5e662202194a6e1f30542627,ff1695f8d406e2762574d452f80ab8406fd32d5d5e662202194a6e1f30542627,-45;45;90;90;0;90;90;0;90;90;45;-45,12,2.19456,3.4674048,IM7_8552_NCAMP_RTD_MEASURED_V1,F0_CLT,train,True,True,2,90,0.1666666667,True,2,2,2,6,-0.3333333333,0.3333333333,-1.387778781e-16,-1.224646799e-16,-0.2314814815,-0.4074074074,-0.1388888889,-8.164311994e-17,105435404.2,33235856.8,-1.676380634e-08,218076895.3,-6.519258022e-09,37274599.14,37.1885019,25.37270545,-4.709131629,68.58271276,-4.709131629,26.99361888,45.73587263,94.59760869,16.98499888,0.1524043011,0.9297125475,1.714567819,744749.3098,749390.3288,1593680.892,1638570.662,553393.0713,724662.0598,259.266943,301.3933082,503.9089525,541.4065193,327.7605005,395.6288916
NEX-000086,e177705046f9d2e806444a053a7783ecb7e03f0350d01aa72038e6c2720305f9,e177705046f9d2e806444a053a7783ecb7e03f0350d01aa72038e6c2720305f9,-45;45;90;90;90;0;0;90;90;90;45;-45,12,2.19456,3.4674048,IM7_8552_NCAMP_RTD_MEASURED_V1,F0_CLT,train,True,True,3,90,0.1666666667,True,2,2,2,6,-0.3333333333,0.3333333333,-1.387778781e-16,-1.224646799e-16,-0.287037037,-0.4074074074,-0.1388888889,-8.844671327e-17,105435404.2,33235856.8,-1.676380634e-08,218076895.3,-6.519258022e-09,37274599.14,33.4211966,25.37270545,-4.709131629,72.35001806,-4.709131629,26.99361888,45.73587263,94.59760869,16.98499888,0.1524043011,0.835529915,1.808750452,744749.3098,749390.3288,1593680.892,1638570.662,553393.0713,724662.0598,226.5416025,263.408143,515.4662605,536.0294435,324.4829896,388.8935111
NEX-000087,49e333e8b52862ba95697acaf5a1112781816d29d4a15514befe86c71a5572e0,49e333e8b52862ba95697acaf5a1112781816d29d4a15514befe86c71a5572e0,-45;90;-45;45;0;45;45;0;45;-45;90;-45,12,2.19456,3.4674048,IM7_8552_NCAMP_RTD_MEASURED_V1,F0_CLT,train,True,True,2,90,0.1666666667,True,2,4,4,2,1.161249975e-16,-0.3333333333,-9.714451465e-17,-4.082155997e-17,-0.25,-0.3703703704,-0.5,-1.304022055e-16,134770602.4,60221404.12,-7.450580597e-09,134770602.4,-3.725290298e-09,64260146.46,36.53442292,24.771016,-16.95287386,70.44017065,-16.95287386,26.39192942,49.14927964,49.14927964,29.2815628,0.4468437704,0.913360573,1.761004266,841802.8469,892568.6475,841802.8469,892568.6475,954030.9119,1249292.847,178.7019578,188.010917,486.0805376,598.1756639,166.5509915,173.9984244
NEX-000088,24bd72d12f2e8efb625ab64d01fd3450cffec99485de656cc616a472326a9184,24bd72d12f2e8efb625ab64d01fd3450cffec99485de656cc616a472326a9184,-45;90;-45;45;45;0;0;45;45;-45;90;-45,12,2.19456,3.4674048,IM7_8552_NCAMP_RTD_MEASURED_V1,F0_CLT,validation,True,True,2,90,0.1666666667,True,2,4,4,2,6.061384623e-17,-0.3333333333,-4.163336342e-17,-4.082155997e-17,-0.2777777778,-0.4259259259,-0.4722222222,-1.270004088e-16,134770602.4,60221404.12,-3.725290298e-09,134770602.4,0,64260146.46,33.74823609,25.67355018,-16.01104754,71.42128912,-16.01104754,27.2944636,49.14927964,49.14927964,29.2815628,0.4468437704,0.8437059023,1.785532228,841802.8469,892568.6475,841802.8469,892568.6475,954030.9119,1249292.847,164.6676034,170.1979306,491.6866914,543.1162159,179.8081563,188.868789
NEX-000089,b3fe98f00b163f08f87fccd0eee0c2ee12613eaa418a1e1be0cd8baffae623c0,b3fe98f00b163f08f87fccd0eee0c2ee12613eaa418a1e1be0cd8baffae623c0,-45;90;0;0;0;45;45;0;0;0;90;-45,12,2.19456,3.4674048,IM7_8552_NCAMP_RTD_MEASURED_V1,F0_CLT,train,True,True,3,90,0.1666666667,True,6,2,2,2,0.3333333333,0.3333333333,-1.110223025e-16,-4.082155997e-17,0.009259259259,0.1481481481,-0.4166666667,-1.201968155e-16,218076895.3,33235856.8,-1.210719347e-08,105435404.2,-8.381903172e-09,37274599.14,62.53883332,16.34736368,-14.12739489,61.28306489,-14.12739489,17.9682771,94.59760869,45.73587263,16.98499888,0.3152248247,1.563470833,1.532076622,1593680.892,1638570.662,744749.3098,749390.3288,553393.0713,724662.0598,356.72453,397.0110079,347.3669041,386.2178052,134.7135577,143.7826601
NEX-000090,e15c1815f6eb21846069bc79a16794458fde4894f0be7092904827229ddfa717,e15c1815f6eb21846069bc79a16794458fde4894f0be7092904827229ddfa717,-45;90;0;0;45;0;0;45;0;0;90;-45,12,2.19456,3.4674048,IM7_8552_NCAMP_RTD_MEASURED_V1,F0_CLT,validation,True,True,2,90,0.1666666667,True,6,2,2,2,0.3333333333,0.3333333333,-6.938893904e-17,-4.082155997e-17,-0.01851851852,0.09259259259,-0.3888888889,-1.167950188e-16,218076895.3,33235856.8,-8.381903172e-09,105435404.2,-4.656612873e-09,37274599.14,59.75264649,17.24989785,-13.18556856,62.26418336,-13.18556856,18.87081128,94.59760869,45.73587263,16.98499888,0.3152248247,1.493816162,1.556604584,1593680.892,1638570.662,744749.3098,749390.3288,553393.0713,724662.0598,366.603916,402.6026626,386.8550074,444.5212909,153.9841278,165.7039551
NEX-000091,eb76704a2c9e5ee2c0c4f8d5ff31752df8df47fdd9ef9c959468d9b2ff6b1f06,eb76704a2c9e5ee2c0c4f8d5ff31752df8df47fdd9ef9c959468d9b2ff6b1f06,-45;90;0;0;45;90;90;45;0;0;90;-45,12,2.19456,3.4674048,IM7_8552_NCAMP_RTD_MEASURED_V1,F0_CLT,train,True,True,2,90,0.1666666667,True,4,2,2,4,1.022472097e-16,0.3333333333,-5.551115123e-17,-8.164311994e-17,-0.02777777778,0.09259259259,-0.3888888889,-1.17928951e-16,161756149.7,33235856.8,-8.381903172e-09,161756149.7,-9.313225746e-10,37274599.14,59.12476228,17.24989785,-13.18556856,62.89206758,-13.18556856,18.87081128,70.59602611,70.59602611,16.98499888,0.2054688917,1.478119057,1.572301689,1164122.133,1177471.644,1164122.133,1177471.644,553393.0713,724662.0598,361.5932947,397.3599662,391.9738884,450.8466764,153.9293644,165.6369816
NEX-000092,5f9cbd10e4fb5db84712aa1870862aead69159fd0e0189a480abdd3daf82bad8,5f9cbd10e4fb5db84712aa1870862aead69159fd0e0189a480abdd3daf82bad8,-45;90;0;0;90;45;45;90;0;0;90;-45,12,2.19456,3.4674048,IM7_8552_NCAMP_RTD_MEASURED_V1,F0_CLT,train,True,True,2,90,0.1666666667,True,4,2,2,4,7.449163404e-17,0.3333333333,-8.326672685e-17,-8.164311994e-17,-0.05555555556,0.1481481481,-0.4166666667,-1.28134341e-16,161756149.7,33235856.8,-1.210719347e-08,161756149.7,-4.656612873e-09,37274599.14,58.1436438,16.34736368,-14.12739489,65.67825441,-14.12739489,17.9682771,70.59602611,70.59602611,16.98499888,0.2054688917,1.453591095,1.64195636,1164122.133,1177471.644,1164122.133,1177471.644,553393.0713,724662.0598,324.2217407,359.6844126,380.4084321,424.5246803,134.3327399,143.3329128
NEX-000093,fecd9828573b4463c6e9b79c34ea387d42183c38bbd5cb493fc1032264bc46a1,fecd9828573b4463c6e9b79c34ea387d42183c38bbd5cb493fc1032264bc46a1,-45;90;0;45;-45;45;45;-45;45;0;90;-45,12,2.19456,3.4674048,IM7_8552_NCAMP_RTD_MEASURED_V1,F0_CLT,test,True,True,2,90,0.1666666667,True,2,4,4,2,8.836942184e-17,-0.3333333333,-1.110223025e-16,-4.082155997e-17,-0.1111111111,-0.09259259259,-0.3611111111,-1.133932221e-16,134770602.4,60221404.12,-1.210719347e-08,134770602.4,-8.381903172e-09,64260146.46,50.46535706,20.25834511,-12.24374223,65.53457828,-12.24374223,21.87925854,49.14927964,49.14927964,29.2815628,0.4468437704,1.261633927,1.638364457,841802.8469,892568.6475,841802.8469,892568.6475,954030.9119,1249292.847,329.2056092,339.6827687,464.4948091,587.0945955,194.5249482,210.9065803
NEX-000094,eb32b5698513196724b42c1f39581b574e2f79e6d29381affcd6ef7708e2015b,eb32b5698513196724b42c1f39581b574e2f79e6d29381affcd6ef7708e2015b,-45;90;0;45;0;90;90;0;45;0;90;-45,12,2.19456,3.4674048,IM7_8552_NCAMP_RTD_MEASURED_V1,F0_CLT,train,True,True,2,90,0.1666666667,True,4,2,2,4,1.022472097e-16,0.3333333333,-5.551115123e-17,-8.164311994e-17,-0.08333333333,-0.01851851852,-0.3333333333,-1.111253577e-16,161756149.7,33235856.8,-8.381903172e-09,161756149.7,-9.313225746e-10,37274599.14,53.55238862,19.05496621,-11.30191591,64.85430453,-11.30191591,20.67587963,70.59602611,70.59602611,16.98499888,0.2054688917,1.338809715,1.621357613,1164122.133,1177471.644,1164122.133,1177471.644,553393.0713,724662.0598,360.804185,372.029899,461.4389293,580.8069625,192.3130536,210.7672624
NEX-000095,9366ea698aa332a2301a6527b5a2b17cddd50b21bf68555b7eba011dbd11747f,9366ea698aa332a2301a6527b5a2b17cddd50b21bf68555b7eba011dbd11747f,-45;90;0;45;45;-45;-45;45;45;0;90;-45,12,2.19456,3.4674048,IM7_8552_NCAMP_RTD_MEASURED_V1,F0_CLT,train,True,True,2,90,0.1666666667,True,2,4,4,2,8.836942184e-17,-0.3333333333,-2.775557562e-17,-4.082155997e-17,-0.1111111111,-0.09259259259,-0.3055555556,-1.065896288e-16,134770602.4,60221404.12,-4.656612873e-09,134770602.4,-9.313225746e-10,64260146.46,50.46535706,20.25834511,-10.36008958,65.53457828,-10.36008958,21.87925854,49.14927964,49.14927964,29.2815628,0.4468437704,1.261633927,1.638364457,841802.8469,892568.6475,841802.8469,892568.6475,954030.9119,1249292.847,342.6682222,352.044405,488.697589,602.9534494,214.8122265,237.8432365
NEX-000096,afadb34b96fa52376275975787a6532a7ae51f441b39eeb47a9531caad181297,afadb34b96fa52376275975787a6532a7ae51f441b39eeb47a9531caad181297,-45;90;0;45;90;0;0;90;45;0;90;-45,12,2.19456,3.4674048,IM7_8552_NCAMP_RTD_MEASURED_V1,F0_CLT,train,True,True,2,90,0.1666666667,True,4,2,2,4,1.89804828e-17,0.3333333333,-5.551115123e-17,-8.164311994e-17,-0.1388888889,-0.01851851852,-0.3333333333,-1.17928951e-16,161756149.7,33235856.8,-8.381903172e-09,161756149.7,-9.313225746e-10,37274599.14,49.78508332,19.05496621,-11.30191591,68.62160983,-11.30191591,20.67587963,70.59602611,70.59602611,16.98499888,0.2054688917,1.244627083,1.715540246,1164122.133,1177471.644,1164122.133,1177471.644,553393.0713,724662.0598,328.910267,340.4619011,497.2139093,628.3289556,190.6903985,208.6287785
NEX-000097,eee3dd1c13de377e2910d05a92dd23deb8cedbb5cbd5ad826f915cd29696baa0,eee3dd1c13de377e2910d05a92dd23deb8cedbb5cbd5ad826f915cd29696baa0,-45;90;0;90;0;45;45;0;90;0;90;-45,12,2.19456,3.4674048,IM7_8552_NCAMP_RTD_MEASURED_V1,F0_CLT,validation,True,True,2,90,0.1666666667,True,4,2,2,4,7.449163404e-17,0.3333333333,-8.326672685e-17,-8.164311994e-17,-0.1666666667,0.1481481481,-0.4166666667,-1.417415277e-16,161756149.7,33235856.8,-1.210719347e-08,161756149.7,-4.656612873e-09,37274599.14,50.6090332,16.34736368,-14.12739489,73.21286501,-14.12739489,17.9682771,70.59602611,70.59602611,16.98499888,0.2054688917,1.26522583,1.830321625,1164122.133,1177471.644,1164122.133,1177471.644,553393.0713,724662.0598,269.8394729,298.0751009,439.4642103,494.7274984,131.1106301,139.5524633
NEX-000098,0d631dedb79a3f8408c6b598871bbd97370c6f42d9e9c75f1d0c5e3fd98cd1f7,0d631dedb79a3f8408c6b598871bbd97370c6f42d9e9c75f1d0c5e3fd98cd1f7,-45;90;0;90;45;0;0;45;90;0;90;-45,12,2.19456,3.4674048,IM7_8552_NCAMP_RTD_MEASURED_V1,F0_CLT,train,True,True,2,90,0.1666666667,True,4,2,2,4,1.89804828e-17,0.3333333333,-4.163336342e-17,-8.164311994e-17,-0.1944444444,0.09259259259,-0.3888888889,-1.38339731e-16,161756149.7,33235856.8,-8.381903172e-09,161756149.7,-9.313225746e-10,37274599.14,47.82284637,17.24989785,-13.18556856,74.19398349,-13.18556856,18.87081128,70.59602611,70.59602611,16.98499888,0.2054688917,1.195571159,1.854849587,1164122.133,1177471.644,1164122.133,1177471.644,553393.0713,724662.0598,274.1705104,304.239089,489.3813529,577.2878346,148.9982875,159.6682461
NEX-000099,f5a92d8cb73bbe9e787abbd8aa65634cd2a1844458773f79099a21a96809e4cc,f5a92d8cb73bbe9e787abbd8aa65634cd2a1844458773f79099a21a96809e4cc,-45;90;0;90;45;90;90;45;90;0;90;-45,12,2.19456,3.4674048,IM7_8552_NCAMP_RTD_MEASURED_V1,F0_CLT,train,True,True,2,90,0.1666666667,True,2,2,2,6,-0.3333333333,0.3333333333,-2.775557562e-17,-1.224646799e-16,-0.2037037037,0.09259259259,-0.3888888889,-1.394736632e-16,105435404.2,33235856.8,-8.381903172e-09,218076895.3,2.793967724e-09,37274599.14,47.19496215,17.24989785,-13.18556856,74.8218677,-13.18556856,18.87081128,45.73587263,94.59760869,16.98499888,0.1524043011,1.179874054,1.870546693,744749.3098,749390.3288,1593680.892,1638570.662,553393.0713,724662.0598,269.4377319,299.1212201,495.1807351,585.3046493,148.4850166,159.0537365
NEX-000100,ea6487454fa64bf1480af718d906dbeb82f98942d52222b25e88c80118462f1b,ea6487454fa64bf1480af718d906dbeb82f98942d52222b25e88c80118462f1b,-45;90;0;90;90;45;45;90;90;0;90;-45,12,2.19456,3.4674048,IM7_8552_NCAMP_RTD_MEASURED_V1,F0_CLT,validation,True,True,2,90,0.1666666667,True,2,2,2,6,-0.3333333333,0.3333333333,-5.551115123e-17,-1.224646799e-16,-0.2314814815,0.1481481481,-0.4166666667,-1.496790532e-16,105435404.2,33235856.8,-1.210719347e-08,218076895.3,-9.313225746e-10,37274599.14,46.21384368,16.34736368,-14.12739489,77.60805453,-14.12739489,17.9682771,45.73587263,94.59760869,16.98499888,0.1524043011,1.155346092,1.940201363,744749.3098,749390.3288,1593680.892,1638570.662,553393.0713,724662.0598,238.7008645,263.1543315,475.9945625,539.7695393,127.5664321,135.4430814
NEX-000101,8ecc3fcba7b43096174eb9ebac99b9439dea2f9a3d62e4e5a11ab3bfa00e6803,8ecc3fcba7b43096174eb9ebac99b9439dea2f9a3d62e4e5a11ab3bfa00e6803,-45;90;45;-45;0;45;45;0;-45;45;90;-45,12,2.19456,3.4674048,IM7_8552_NCAMP_RTD_MEASURED_V1,F0_CLT,train,True,True,2,90,0.1666666667,True,2,4,4,2,1.161249975e-16,-0.3333333333,-1.526556659e-16,-4.082155997e-17,-0.25,-0.3703703704,-0.3333333333,-1.099914255e-16,134770602.4,60221404.12,-1.583248377e-08,134770602.4,-1.210719347e-08,64260146.46,36.53442292,24.771016,-11.30191591,70.44017065,-11.30191591,26.39192942,49.14927964,49.14927964,29.2815628,0.4468437704,0.913360573,1.761004266,841802.8469,892568.6475,841802.8469,892568.6475,954030.9119,1249292.847,213.3674304,220.4284056,514.7474015,577.2246544,241.2443296,261.9793273
NEX-000102,8894277910e2c8a916f7a798bfce4d08de8f014f76f150e3d500570423d2d9df,8894277910e2c8a916f7a798bfce4d08de8f014f76f150e3d500570423d2d9df,-45;90;45;-45;45;0;0;45;-45;45;90;-45,12,2.19456,3.4674048,IM7_8552_NCAMP_RTD_MEASURED_V1,F0_CLT,train,True,True,2,90,0.1666666667,True,2,4,4,2,6.061384623e-17,-0.3333333333,-1.110223025e-16,-4.082155997e-17,-0.2777777778,-0.4259259259,-0.3055555556,-1.065896288e-16,134770602.4,60221404.12,-1.210719347e-08,134770602.4,-8.381903172e-09,64260146.46,33.74823609,25.67355018,-10.36008958,71.42128912,-10.36008958,27.2944636,49.14927964,49.14927964,29.2815628,0.4468437704,0.8437059023,1.785532228,841802.8469,892568.6475,841802.8469,892568.6475,954030.9119,1249292.847,190.7466273,197.3886161,500.5273118,529.0711848,257.6539873,281.7907049
NEX-000103,e5522100b6d5e8be05a9672f5b6d22fdb9ca75a94552921025d0473deaad66a0,e5522100b6d5e8be05a9672f5b6d22fdb9ca75a94552921025d0473deaad66a0,-45;90;45;0;-45;45;45;-45;0;45;90;-45,12,2.19456,3.4674048,IM7_8552_NCAMP_RTD_MEASURED_V1,F0_CLT,train,True,True,2,90,0.1666666667,True,2,4,4,2,1.161249975e-16,-0.3333333333,-1.526556659e-16,-4.082155997e-17,-0.1944444444,-0.2592592593,-0.2777777778,-1.031878322e-16,134770602.4,60221404.12,-1.583248377e-08,134770602.4,-1.210719347e-08,64260146.46,42.10679658,22.96594764,-9.418263257,68.4779337,-9.418263257,24.58686107,49.14927964,49.14927964,29.2815628,0.4468437704,1.052669914,1.711948342,841802.8469,892568.6475,841802.8469,892568.6475,954030.9119,1249292.847,272.4108014,280.7954466,526.417335,646.2140321,251.2126585,280.1878849
NEX-000104,5d8c7084d60806e044ebb1f609d01db0d84a303c67c5716c3f3c84e8d7822ca5,5d8c7084d60806e044ebb1f609d01db0d84a303c67c5716c3f3c84e8d7822ca5,-45;90;45;0;0;90;90;0;0;45;90;-45,12,2.19456,3.4674048,IM7_8552_NCAMP_RTD_MEASURED_V1,F0_CLT,train,True,True,2,90,0.1666666667,True,4,2,2,4,1.438805731e-16,0.3333333333,-9.714451465e-17,-8.164311994e-17,-0.1666666667,-0.1851851852,-0.25,-1.009199677e-16,161756149.7,33235856.8,-1.210719347e-08,161756149.7,-4.656612873e-09,37274599.14,45.19382813,21.76256874,-8.476436932,67.79765995,-8.476436932,23.38348217,70.59602611,70.59602611,16.98499888,0.2054688917,1.129845703,1.694941499,1164122.133,1177471.644,1164122.133,1177471.644,553393.0713,724662.0598,305.3447749,314.0792873,530.9958653,660.7093906,249.5574287,282.7018666
NEX-000105,75790ec4c35100194497e2a0ade4abb8ad114170768e45a5523d6ade2559ee2a,75790ec4c35100194497e2a0ade4abb8ad114170768e45a5523d6ade2559ee2a,-45;90;45;0;45;-45;-45;45;0;45;90;-45,12,2.19456,3.4674048,IM7_8552_NCAMP_RTD_MEASURED_V1,F0_CLT,train,True,True,2,90,0.1666666667,True,2,4,4,2,1.161249975e-16,-0.3333333333,-6.938893904e-17,-4.082155997e-17,-0.1944444444,-0.2592592593,-0.2222222222,-9.638423882e-17,134770602.4,60221404.12,-8.381903172e-09,134770602.4,-4.656612873e-09,64260146.46,42.10679658,22.96594764,-7.534610606,68.4779337,-7.534610606,24.58686107,49.14927964,49.14927964,29.2815628,0.4468437704,1.052669914,1.711948342,841802.8469,892568.6475,841802.8469,892568.6475,954030.9119,1249292.847,278.8716133,287.5553111,536.3415767,646.7131555,271.9645456,311.9955462
NEX-000106,8aa06edc998f8615cb39e2d0ec1f039debf3a7d64e639d65bad8550b3e2f8a4e,8aa06edc998f8615cb39e2d0ec1f039debf3a7d64e639d65bad8550b3e2f8a4e,-45;90;45;0;90;0;0;90;0;45;90;-45,12,2.19456,3.4674048,IM7_8552_NCAMP_RTD_MEASURED_V1,F0_CLT,train,True,True,2,90,0.1666666667,True,4,2,2,4,6.061384623e-17,0.3333333333,-9.714451465e-17,-8.164311994e-17,-0.2222222222,-0.1851851852,-0.25,-1.07723561e-16,161756149.7,33235856.8,-1.210719347e-08,161756149.7,-4.656612873e-09,37274599.14,41.42652283,21.76256874,-8.476436932,71.56496525,-8.476436932,23.38348217,70.59602611,70.59602611,16.98499888,0.2054688917,1.035663071,1.789124131,1164122.133,1177471.644,1164122.133,1177471.644,553393.0713,724662.0598,275.6267676,282.8365948,566.1937969,695.814131,246.670351,278.312188
NEX-000107,45bec85376f5ca0cdefc89efc509713334fc2e4f560f9d8d7073cceea4642345,45bec85376f5ca0cdefc89efc509713334fc2e4f560f9d8d7073cceea4642345,-45;90;45;45;-45;0;0;-45;45;45;90;-45,12,2.19456,3.4674048,IM7_8552_NCAMP_RTD_MEASURED_V1,F0_CLT,train,True,True,2,90,0.1666666667,True,2,4,4,2,6.061384623e-17,-0.3333333333,-1.110223025e-16,-4.082155997e-17,-0.2777777778,-0.4259259259,-0.1944444444,-9.298244216e-17,134770602.4,60221404.12,-1.210719347e-08,134770602.4,-8.381903172e-09,64260146.46,33.74823609,25.67355018,-6.59278428,71.42128912,-6.59278428,27.2944636,49.14927964,49.14927964,29.2815628,0.4468437704,0.8437059023,1.785532228,841802.8469,892568.6475,841802.8469,892568.6475,954030.9119,1249292.847,200.7727436,208.0425651,502.8387323,524.7215641,306.630098,353.7029166
NEX-000108,d965e5b435efc28fc394684d00af04240546129163eae9d19989e95b2e7b51ff,d965e5b435efc28fc394684d00af04240546129163eae9d19989e95b2e7b51ff,-45;90;45;45;0;-45;-45;0;45;45;90;-45,12,2.19456,3.4674048,IM7_8552_NCAMP_RTD_MEASURED_V1,F0_CLT,train,True,True,2,45,0.1666666667,True,2,4,4,2,1.161249975e-16,-0.3333333333,-6.938893904e-17,-4.082155997e-17,-0.25,-0.3703703704,-0.1666666667,-8.958064549e-17,134770602.4,60221404.12,-8.381903172e-09,134770602.4,-4.656612873e-09,64260146.46,36.53442292,24.771016,-5.650957954,70.44017065,-5.650957954,26.39192942,49.14927964,49.14927964,29.2815628,0.4468437704,0.913360573,1.761004266,841802.8469,892568.6475,841802.8469,892568.6475,954030.9119,1249292.847,229.790976,237.794565,526.1459582,568.7868142,309.7389535,365.5974344
NEX-000109,54df2be7aa9a246c8a7ccfc9360f5e24848fd55ca0374b1fb4a2ff18d02387d2,54df2be7aa9a246c8a7ccfc9360f5e24848fd55ca0374b1fb4a2ff18d02387d2,-45;90;45;90;0;90;90;0;90;45;90;-45,12,2.19456,3.4674048,IM7_8552_NCAMP_RTD_MEASURED_V1,F0_CLT,train,True,True,2,90,0.1666666667,True,2,2,2,6,-0.3333333333,0.3333333333,-6.938893904e-17,-1.224646799e-16,-0.3425925926,-0.1851851852,-0.25,-1.224646799e-16,105435404.2,33235856.8,-1.210719347e-08,218076895.3,-1.862645149e-09,37274599.14,33.26402801,21.76256874,-8.476436932,79.72746008,-8.476436932,23.38348217,45.73587263,94.59760869,16.98499888,0.1524043011,0.8316007001,1.993186502,744749.3098,749390.3288,1593680.892,1638570.662,553393.0713,724662.0598,211.1853794,215.8613751,634.1554826,712.2382186,235.9596744,262.7800251
NEX-000110,60204207b6857b65c28848d311163e33ebb67fc8e5b98a5397a2af34d00f36e1,60204207b6857b65c28848d311163e33ebb67fc8e5b98a5397a2af34d00f36e1,-45;90;45;90;90;0;0;90;90;45;90;-45,12,2.19456,3.4674048,IM7_8552_NCAMP_RTD_MEASURED_V1,F0_CLT,test,True,True,2,90,0.1666666667,True,2,2,2,6,-0.3333333333,0.3333333333,-6.938893904e-17,-1.224646799e-16,-0.3981481481,-0.1851851852,-0.25,-1.292682732e-16,105435404.2,33235856.8,-1.210719347e-08,218076895.3,-1.862645149e-09,37274599.14,29.4967227,21.76256874,-8.476436932,83.49476538,-8.476436932,23.38348217,45.73587263,94.59760869,16.98499888,0.1524043011,0.7374180676,2.087369134,744749.3098,749390.3288,1593680.892,1638570.662,553393.0713,724662.0598,181.4511037,185.2110504,653.5223181,697.3965894,227.9795256,251.8671995
NEX-000111,c69a0c43369b864fe98fc12c091431b0325a2946aef27b5bd793b4bdfdc9c3a2,c69a0c43369b864fe98fc12c091431b0325a2946aef27b5bd793b4bdfdc9c3a2,-45;90;90;0;0;45;45;0;0;90;90;-45,12,2.19456,3.4674048,IM7_8552_NCAMP_RTD_MEASURED_V1,F0_CLT,train,True,True,2,90,0.1666666667,True,4,2,2,4,1.438805731e-16,0.3333333333,-8.326672685e-17,-8.164311994e-17,-0.3333333333,0.1481481481,-0.4166666667,-1.621523077e-16,161756149.7,33235856.8,-1.210719347e-08,161756149.7,-4.656612873e-09,37274599.14,39.30711729,16.34736368,-14.12739489,84.51478092,-14.12739489,17.9682771,70.59602611,70.59602611,16.98499888,0.2054688917,0.9826779322,2.112869523,1164122.133,1177471.644,1164122.133,1177471.644,553393.0713,724662.0598,190.411036,209.3755714,538.6203437,621.6352395,118.9521628,125.6477012
NEX-000112,7eb43e3268daadf7d78cff2acdc1ed34951555667dbd3a153ecf3ba512377c61,7eb43e3268daadf7d78cff2acdc1ed34951555667dbd3a153ecf3ba512377c61,-45;90;90;0;45;0;0;45;0;90;90;-45,12,2.19456,3.4674048,IM7_8552_NCAMP_RTD_MEASURED_V1,F0_CLT,train,True,True,2,90,0.1666666667,True,4,2,2,4,8.836942184e-17,0.3333333333,-4.163336342e-17,-8.164311994e-17,-0.3611111111,0.09259259259,-0.3888888889,-1.58750511e-16,161756149.7,33235856.8,-8.381903172e-09,161756149.7,-9.313225746e-10,37274599.14,36.52093046,17.24989785,-13.18556856,85.4958994,-13.18556856,18.87081128,70.59602611,70.59602611,16.98499888,0.2054688917,0.9130232615,2.137397485,1164122.133,1177471.644,1164122.133,1177471.644,553393.0713,724662.0598,190.378737,212.737455,604.8445696,756.3170606,134.7113177,142.9833361
NEX-000113,f7a23dd701f800fa73ef378618f5b3a7c584866dc6ac273a7963c1e4c3b76d25,f7a23dd701f800fa73ef378618f5b3a7c584866dc6ac273a7963c1e4c3b76d25,-45;90;90;0;45;90;90;45;0;90;90;-45,12,2.19456,3.4674048,IM7_8552_NCAMP_RTD_MEASURED_V1,F0_CLT,train,True,True,2,90,0.1666666667,True,2,2,2,6,-0.3333333333,0.3333333333,-2.775557562e-17,-1.224646799e-16,-0.3703703704,0.09259259259,-0.3888888889,-1.598844432e-16,105435404.2,33235856.8,-8.381903172e-09,218076895.3,2.793967724e-09,37274599.14,35.89304624,17.24989785,-13.18556856,86.12378361,-13.18556856,18.87081128,45.73587263,94.59760869,16.98499888,0.1524043011,0.897326156,2.15309459,744749.3098,749390.3288,1593680.892,1638570.662,553393.0713,724662.0598,185.7974979,207.6866777,612.2016094,769.7265073,133.5411261,141.6516426
NEX-000114,520a4798f4f7e48d7a78446699eedb36f720a5f879a6c263b8ef2e499528a681,520a4798f4f7e48d7a78446699eedb36f720a5f879a6c263b8ef2e499528a681,-45;90;90;0;90;45;45;90;0;90;90;-45,12,2.19456,3.4674048,IM7_8552_NCAMP_RTD_MEASURED_V1,F0_CLT,train,True,True,2,90,0.1666666667,True,2,2,2,6,-0.3333333333,0.3333333333,-5.551115123e-17,-1.224646799e-16,-0.3981481481,0.1481481481,-0.4166666667,-1.700898332e-16,105435404.2,33235856.8,-1.210719347e-08,218076895.3,-9.313225746e-10,37274599.14,34.91192777,16.34736368,-14.12739489,88.90997044,-14.12739489,17.9682771,45.73587263,94.59760869,16.98499888,0.1524043011,0.8727981942,2.222749261,744749.3098,749390.3288,1593680.892,1638570.662,553393.0713,724662.0598,160.0057675,175.6996681,584.0132281,686.7506215,111.0239318,116.841798
NEX-000115,248b8ae74684e742476a1d48623f943d59edd2355ffac0dab382c6602dc786de,248b8ae74684e742476a1d48623f943d59edd2355ffac0dab382c6602dc786de,-45;90;90;45;0;90;90;0;45;90;90;-45,12,2.19456,3.4674048,IM7_8552_NCAMP_RTD_MEASURED_V1,F0_CLT,train,True,True,2,90,0.1666666667,True,2,2,2,6,-0.3333333333,0.3333333333,-2.775557562e-17,-1.224646799e-16,-0.4259259259,-0.01851851852,-0.3333333333,-1.530808499e-16,105435404.2,33235856.8,-8.381903172e-09,218076895.3,2.793967724e-09,37274599.14,30.32067258,19.05496621,-11.30191591,88.08602056,-11.30191591,20.67587963,45.73587263,94.59760869,16.98499888,0.1524043011,0.7580168146,2.202150514,744749.3098,749390.3288,1593680.892,1638570.662,553393.0713,724662.0598,172.1059738,180.889665,707.6259571,867.061046,163.4059561,174.9885564
NEX-000116,2e6648604776b0cdddb8c7078a8b66399996f0d4e43f8fd081da462abce07694,2e6648604776b0cdddb8c7078a8b66399996f0d4e43f8fd081da462abce07694,-45;90;90;45;90;0;0;90;45;90;90;-45,12,2.19456,3.4674048,IM7_8552_NCAMP_RTD_MEASURED_V1,F0_CLT,train,True,True,2,90,0.1666666667,True,2,2,2,6,-0.3333333333,0.3333333333,-2.775557562e-17,-1.224646799e-16,-0.4814814815,-0.01851851852,-0.3333333333,-1.598844432e-16,105435404.2,33235856.8,-8.381903172e-09,218076895.3,2.793967724e-09,37274599.14,26.55336728,19.05496621,-11.30191591,91.85332586,-11.30191591,20.67587963,45.73587263,94.59760869,16.98499888,0.1524043011,0.663834182,2.296333147,744749.3098,749390.3288,1593680.892,1638570.662,553393.0713,724662.0598,142.8333521,150.4617818,745.4039593,841.7795134,151.9383674,161.8534167
NEX-000117,1f1a7a0e2d298c0f5a68fce186bf75d5dd413915efb4fa644efc0f09f3213170,1f1a7a0e2d298c0f5a68fce186bf75d5dd413915efb4fa644efc0f09f3213170,-45;90;90;90;0;45;45;0;90;90;90;-45,12,2.19456,3.4674048,IM7_8552_NCAMP_RTD_MEASURED_V1,F0_CLT,validation,True,True,3,90,0.1666666667,True,2,2,2,6,-0.3333333333,0.3333333333,-5.551115123e-17,-1.224646799e-16,-0.5092592593,0.1481481481,-0.4166666667,-1.836970199e-16,105435404.2,33235856.8,-1.210719347e-08,218076895.3,-9.313225746e-10,37274599.14,27.37731716,16.34736368,-14.12739489,96.44458105,-14.12739489,17.9682771,45.73587263,94.59760869,16.98499888,0.1524043011,0.684432929,2.411114526,744749.3098,749390.3288,1593680.892,1638570.662,553393.0713,724662.0598,108.3377778,118.7265062,682.9762752,862.1670785,91.19248225,95.48346094
NEX-000118,1e417cf84fea7217589947b3c37c84de6a747446046fb0929bebb441145f0a4c,1e417cf84fea7217589947b3c37c84de6a747446046fb0929bebb441145f0a4c,-45;90;90;90;45;0;0;45;90;90;90;-45,12,2.19456,3.4674048,IM7_8552_NCAMP_RTD_MEASURED_V1,F0_CLT,train,True,True,3,45,0.1666666667,True,2,2,2,6,-0.3333333333,0.3333333333,-1.387778781e-17,-1.224646799e-16,-0.537037037,0.09259259259,-0.3888888889,-1.802952232e-16,105435404.2,33235856.8,-8.381903172e-09,218076895.3,2.793967724e-09,37274599.14,24.59113033,17.24989785,-13.18556856,97.42569952,-13.18556856,18.87081128,45.73587263,94.59760869,16.98499888,0.1524043011,0.6147782583,2.435642488,744749.3098,749390.3288,1593680.892,1638570.662,553393.0713,724662.0598,104.3090978,116.35228,774.1269231,977.594294,101.7372711,106.9130783
NEX-000119,9084a834cc04e0bd2271abaf9d3707b90ee801505204ec482e0a8db298bd3774,759c6bbe4f90fcdf9b4d5d472e71f2668f426d867f81688d3dd52996ed7ab0b6,45;-45;-45;0;45;90;90;45;0;-45;-45;45,12,2.19456,3.4674048,IM7_8552_NCAMP_RTD_MEASURED_V1,F0_CLT,validation,True,True,2,90,0.1666666667,True,2,4,4,2,7.081923622e-17,-0.3333333333,2.498001805e-16,-4.082155997e-17,0.08333333333,-0.8148148148,4.718447855e-16,-1.133932221e-18,134770602.4,60221404.12,2.048909664e-08,134770602.4,2.421438694e-08,64260146.46,51.91798132,31.99128942,1.687538997e-14,40.61606541,1.509903313e-14,33.61220284,49.14927964,49.14927964,29.2815628,0.4468437704,1.297949533,1.015401635,841802.8469,892568.6475,841802.8469,892568.6475,954030.9119,1249292.847,258.3294886,264.8249329,208.8829058,229.1551065,454.7788383,636.5332919
NEX-000120,4b922380ec1094b0d57d0d58b99d563cc79413aebcf83340177a23b78ec468e2,6b85fcd33d8c5386faab7c92a074a1ddde6a077c86a476ecd36a3bc4b5d23a92,45;-45;-45;0;90;45;45;90;0;-45;-45;45,12,2.19456,3.4674048,IM7_8552_NCAMP_RTD_MEASURED_V1,F0_CLT,train,True,True,2,90,0.1666666667,True,2,4,4,2,4.30636606e-17,-0.3333333333,2.220446049e-16,-4.082155997e-17,0.05555555556,-0.7592592593,-0.02777777778,-1.133932221e-17,134770602.4,60221404.12,1.676380634e-08,134770602.4,2.048909664e-08,64260146.46,50.93686284,31.08875524,-0.9418263257,43.40225224,-0.9418263257,32.70966867,49.14927964,49.14927964,29.2815628,0.4468437704,1.273421571,1.085056306,841802.8469,892568.6475,841802.8469,892568.6475,954030.9119,1249292.847,282.603498,295.9548885,244.6000104,268.7514327,447.4382423,628.3017651
NEX-000121,c0d90630494b673f54335eaca0702ee76e2ba7d0080698673e752485a40a22de,81d251970800dcb4c998ed9754813cdf0e97ec8a398ef2b17b948835a1c588f2,45;-45;-45;45;0;90;90;0;45;-45;-45;45,12,2.19456,3.4674048,IM7_8552_NCAMP_RTD_MEASURED_V1,F0_CLT,train,True,True,2,90,0.1666666667,True,2,4,4,2,7.592193122e-17,-0.3333333333,2.498001805e-16,-4.082155997e-17,0.02777777778,-0.9259259259,0.05555555556,5.669661107e-18,134770602.4,60221404.12,2.048909664e-08,134770602.4,2.421438694e-08,64260146.46,46.34560766,33.79635777,1.883652651,42.57830236,1.883652651,35.4172712,49.14927964,49.14927964,29.2815628,0.4468437704,1.158640191,1.064457559,841802.8469,892568.6475,841802.8469,892568.6475,954030.9119,1249292.847,188.1821522,192.8164509,175.7843545,183.7298375,465.543806,612.0617798
NEX-000122,4bc3bb793b8bc70570ffcb4a6f4569e4fe67e737d0e74ba47c5fd045e18bd2c9,38c59736260c4addb4786a6e9dbf5ae3e4876b9f54327e0c7ef5c5951d48ff5c,45;-45;-45;45;90;0;0;90;45;-45;-45;45,12,2.19456,3.4674048,IM7_8552_NCAMP_RTD_MEASURED_V1,F0_CLT,test,True,True,2,90,0.1666666667,True,2,4,4,2,-7.34479563e-18,-0.3333333333,2.498001805e-16,-4.082155997e-17,-0.02777777778,-0.9259259259,0.05555555556,-1.133932221e-18,134770602.4,60221404.12,2.048909664e-08,134770602.4,2.421438694e-08,64260146.46,42.57830236,33.79635777,1.883652651,46.34560766,1.883652651,35.4172712,49.14927964,49.14927964,29.2815628,0.4468437704,1.064457559,1.158640191,841802.8469,892568.6475,841802.8469,892568.6475,954030.9119,1249292.847,175.7843545,183.7298375,188.1821522,192.8164509,465.543806,612.0617798
NEX-000123,241866588022d19f807301048bb21cb56c1a0a3e5370b1a5f9825b9321e5910a,e9206607e60a0168dd15f3714369c18aca44888ee588cf02d55dcb02dd329f27,45;-45;-45;90;0;45;45;0;90;-45;-45;45,12,2.19456,3.4674048,IM7_8552_NCAMP_RTD_MEASURED_V1,F0_CLT,test,True,True,2,90,0.1666666667,True,2,4,4,2,4.30636606e-17,-0.3333333333,2.220446049e-16,-4.082155997e-17,-0.05555555556,-0.7592592593,-0.02777777778,-2.494650887e-17,134770602.4,60221404.12,1.676380634e-08,134770602.4,2.048909664e-08,64260146.46,43.40225224,31.08875524,-0.9418263257,50.93686284,-0.9418263257,32.70966867,49.14927964,49.14927964,29.2815628,0.4468437704,1.085056306,1.273421571,841802.8469,892568.6475,841802.8469,892568.6475,954030.9119,1249292.847,244.6000104,268.7514327,282.603498,295.9548885,447.4382423,628.3017651
NEX-000124,ce133dd16ce21f33ae1c32d7377e4866d3fda03481bb4428a5fa1410e7b66430,61ba10aac64d26aa690c3a54ddc2facd8b23bbd20c9ebe8b132534cf93b83703,45;-45;-45;90;45;0;0;45;90;-45;-45;45,12,2.19456,3.4674048,IM7_8552_NCAMP_RTD_MEASURED_V1,F0_CLT,train,True,True,2,90,0.1666666667,True,2,4,4,2,-1.244749063e-17,-0.3333333333,2.636779683e-16,-4.082155997e-17,-0.08333333333,-0.8148148148,4.718447855e-16,-2.154471221e-17,134770602.4,60221404.12,2.048909664e-08,134770602.4,2.421438694e-08,64260146.46,40.61606541,31.99128942,1.687538997e-14,51.91798132,1.687538997e-14,33.61220284,49.14927964,49.14927964,29.2815628,0.4468437704,1.015401635,1.297949533,841802.8469,892568.6475,841802.8469,892568.6475,954030.9119,1249292.847,208.8829058,229.1551065,258.3294886,264.8249329,454.7788383,636.5332919
NEX-000125,6f82ec648a323fe6526214cc97847e974bd003486ee4411900834bb1a5dcf633,392144d6f7ca6133948c5d9d6768a44538d0bb7062fc702a206976f7a1ad9ff1,45;-45;0;-45;45;90;90;45;-45;0;-45;45,12,2.19456,3.4674048,IM7_8552_NCAMP_RTD_MEASURED_V1,F0_CLT,train,True,True,2,90,0.1666666667,True,2,4,4,2,2.40831778e-17,-0.3333333333,2.081668171e-16,-4.082155997e-17,0.1666666667,-0.6481481481,0.08333333333,9.071457771e-18,134770602.4,60221404.12,1.676380634e-08,134770602.4,2.048909664e-08,64260146.46,60.2765418,29.28368689,2.825478977,37.67270999,2.825478977,30.90460031,49.14927964,49.14927964,29.2815628,0.4468437704,1.506913545,0.9418177497,841802.8469,892568.6475,841802.8469,892568.6475,954030.9119,1249292.847,363.1574447,374.160025,230.4650445,268.0793052,396.7422985,504.6047481
NEX-000126,b14907357236a738344e6abfd9aba5b690d662d20d34d13928da8d6bf9451f34,31d34cdbd035d94bb7556af144cefafdf9a2b78f5d36796390f2684fb73705b6,45;-45;0;-45;90;45;45;90;-45;0;-45;45,12,2.19456,3.4674048,IM7_8552_NCAMP_RTD_MEASURED_V1,F0_CLT,train,True,True,2,90,0.1666666667,True,2,4,4,2,-3.672397815e-18,-0.3333333333,1.804112415e-16,-4.082155997e-17,0.1388888889,-0.5925925926,0.05555555556,-1.133932221e-18,134770602.4,60221404.12,1.303851604e-08,134770602.4,1.676380634e-08,64260146.46,59.29542333,28.38115271,1.883652651,40.45889682,1.883652651,30.00206613,49.14927964,49.14927964,29.2815628,0.4468437704,1.482385583,1.01147242,841802.8469,892568.6475,841802.8469,892568.6475,954030.9119,1249292.847,388.1404565,410.2353558,265.2671422,307.123955,393.5012784,515.910352
NEX-000127,aa178a294e69497b0d4295b9da9220ca599849cdedc10e7ecb763964fdff054c,6790b96a4de61b419d1d6099fa54a03ee2867218a77c1afa7ee88587715c2948,45;-45;0;0;0;90;90;0;0;0;-45;45,12,2.19456,3.4674048,IM7_8552_NCAMP_RTD_MEASURED_V1,F0_CLT,test,True,True,3,90,0.1666666667,True,6,2,2,2,0.3333333333,0.3333333333,2.081668171e-16,-4.082155997e-17,0.287037037,-0.4074074074,0.1388888889,1.58750511e-17,218076895.3,33235856.8,1.676380634e-08,105435404.2,2.048909664e-08,37274599.14,72.35001806,25.37270545,4.709131629,33.4211966,4.709131629,26.99361888,94.59760869,45.73587263,16.98499888,0.3152248247,1.808750452,0.835529915,1593680.892,1638570.662,744749.3098,749390.3288,553393.0713,724662.0598,515.4662605,536.0294435,226.5416025,263.408143,324.4829896,388.8935111
NEX-000128,8036e7fb831dca5feda549717b2dd82fd0873a80dffbee57e003d296f2be4d31,5ca8eeed07c8e9a388573d47a2db09332d5aa5a357f16ca6fa0a1771e18f2b00,45;-45;0;0;90;0;0;90;0;0;-45;45,12,2.19456,3.4674048,IM7_8552_NCAMP_RTD_MEASURED_V1,F0_CLT,test,True,True,2,90,0.1666666667,True,6,2,2,2,0.3333333333,0.3333333333,2.081668171e-16,-4.082155997e-17,0.2314814815,-0.4074074074,0.1388888889,9.071457771e-18,218076895.3,33235856.8,1.676380634e-08,105435404.2,2.048909664e-08,37274599.14,68.58271276,25.37270545,4.709131629,37.1885019,4.709131629,26.99361888,94.59760869,45.73587263,16.98499888,0.3152248247,1.714567819,0.9297125475,1593680.892,1638570.662,744749.3098,749390.3288,553393.0713,724662.0598,503.9089525,541.4065193,259.266943,301.3933082,327.7605005,395.6288916
NEX-000129,be535046fac2f24f3ed7e816644dc2f718af322d75db38b9e4ba3bb7aeab6103,f61cd00e07f5778c4f24a1c948f5e131c3b2e3b445ccb81962af5597321bf217,45;-45;0;45;-45;90;90;-45;45;0;-45;45,12,2.19456,3.4674048,IM7_8552_NCAMP_RTD_MEASURED_V1,F0_CLT,train,True,True,2,90,0.1666666667,True,2,4,4,2,2.40831778e-17,-0.3333333333,2.081668171e-16,-4.082155997e-17,0.1666666667,-0.6481481481,0.1944444444,2.267864443e-17,134770602.4,60221404.12,1.676380634e-08,134770602.4,2.048909664e-08,64260146.46,60.2765418,29.28368689,6.59278428,37.67270999,6.59278428,30.90460031,49.14927964,49.14927964,29.2815628,0.4468437704,1.506913545,0.9418177497,841802.8469,892568.6475,841802.8469,892568.6475,954030.9119,1249292.847,362.2092354,375.0651237,223.54425,263.5102204,356.423842,415.4672825
NEX-000130,ab65b4dd832b3d1096ecc9f85d2cf52103af947c2ddbcaf6db64e2a07943dfd4,397280242e89e8be12818a48a10f383247df11f4896b529aaf004ee5304693ab,45;-45;0;45;90;-45;-45;90;45;0;-45;45,12,2.19456,3.4674048,IM7_8552_NCAMP_RTD_MEASURED_V1,F0_CLT,train,True,True,2,90,0.1666666667,True,2,4,4,2,-3.672397815e-18,-0.3333333333,2.636779683e-16,-4.082155997e-17,0.1388888889,-0.5925925926,0.2222222222,1.927684776e-17,134770602.4,60221404.12,2.048909664e-08,134770602.4,2.421438694e-08,64260146.46,59.29542333,28.38115271,7.534610606,40.45889682,7.534610606,30.00206613,49.14927964,49.14927964,29.2815628,0.4468437704,1.482385583,1.01147242,841802.8469,892568.6475,841802.8469,892568.6475,954030.9119,1249292.847,384.0825911,411.8375023,253.276144,299.613445,337.0503197,387.5794714
NEX-000131,8f4e0739e2ae572914f73fac0b27a3c3309ebf93c2a0db6a6436a98da72c932e,23ef06be0d57068161d2a3501da6d06d2e159c285a47381a4c3d663adc96bd46,45;-45;0;90;-45;45;45;-45;90;0;-45;45,12,2.19456,3.4674048,IM7_8552_NCAMP_RTD_MEASURED_V1,F0_CLT,test,True,True,2,90,0.1666666667,True,2,4,4,2,-3.672397815e-18,-0.3333333333,1.804112415e-16,-4.082155997e-17,0.08333333333,-0.4814814815,0.1111111111,-7.93752555e-18,134770602.4,60221404.12,1.303851604e-08,134770602.4,1.676380634e-08,64260146.46,57.33318638,26.57608435,3.767305303,46.03127047,3.767305303,28.19699778,49.14927964,49.14927964,29.2815628,0.4468437704,1.43332966,1.150781762,841802.8469,892568.6475,841802.8469,892568.6475,954030.9119,1249292.847,414.9714635,472.0256,327.6762426,381.3858204,355.5986861,443.4914021
NEX-000132,070d4921993fffb03fab038fd762514d830a4d250420c659ee5f96490760b3d8,e624772376b536560008b553bef5cd103cbd10407293a3bbfedb6cd73b5ed85e,45;-45;0;90;0;90;90;0;90;0;-45;45,12,2.19456,3.4674048,IM7_8552_NCAMP_RTD_MEASURED_V1,F0_CLT,validation,True,True,2,90,0.1666666667,True,4,2,2,4,2.40831778e-17,0.3333333333,2.359223927e-16,-8.164311994e-17,0.1111111111,-0.4074074074,0.1388888889,-5.669661107e-18,161756149.7,33235856.8,1.676380634e-08,161756149.7,2.328306437e-08,37274599.14,60.42021794,25.37270545,4.709131629,45.35099672,4.709131629,26.99361888,70.59602611,70.59602611,16.98499888,0.2054688917,1.510505448,1.133774918,1164122.133,1177471.644,1164122.133,1177471.644,553393.0713,724662.0598,453.9175152,526.0699544,330.0863589,384.3855166,331.6774565,404.0740862
NEX-000133,0942035caecbf5b3ec57846940aaa1c658e8a5ad4d3230a86f605d0f81a725e0,d413d334267b160c951f2dd1ec042360491815a5bae5004e52f0fa691c7b006e,45;-45;0;90;45;-45;-45;45;90;0;-45;45,12,2.19456,3.4674048,IM7_8552_NCAMP_RTD_MEASURED_V1,F0_CLT,train,True,True,2,90,0.1666666667,True,2,4,4,2,-3.672397815e-18,-0.3333333333,2.636779683e-16,-4.082155997e-17,0.08333333333,-0.4814814815,0.1666666667,-1.133932221e-18,134770602.4,60221404.12,2.048909664e-08,134770602.4,2.421438694e-08,64260146.46,57.33318638,26.57608435,5.650957954,46.03127047,5.650957954,28.19699778,49.14927964,49.14927964,29.2815628,0.4468437704,1.43332966,1.150781762,841802.8469,892568.6475,841802.8469,892568.6475,954030.9119,1249292.847,411.2693102,472.5122619,322.4808944,378.4210261,338.1828688,404.12737
NEX-000134,5c7c739d1b55296029b57a06b115c30e3ab89b4062cd9e786c792f64208f9c95,a1cd6bcb10e645b4996d81bbac783996d2dd7be484b194a8498cba8ec52e074f,45;-45;0;90;90;0;0;90;90;0;-45;45,12,2.19456,3.4674048,IM7_8552_NCAMP_RTD_MEASURED_V1,F0_CLT,train,True,True,2,90,0.1666666667,True,4,2,2,4,-5.918354905e-17,0.3333333333,2.359223927e-16,-8.164311994e-17,0.05555555556,-0.4074074074,0.1388888889,-1.247325444e-17,161756149.7,33235856.8,1.676380634e-08,161756149.7,2.328306437e-08,37274599.14,56.65291263,25.37270545,4.709131629,49.11830203,4.709131629,26.99361888,70.59602611,70.59602611,16.98499888,0.2054688917,1.416322816,1.227957551,1164122.133,1177471.644,1164122.133,1177471.644,553393.0713,724662.0598,424.9466726,509.219929,362.429754,423.1126827,332.4534663,405.8033588
NEX-000135,269367e7ddede257e6f266e52b88625a9f6f8f3fe9c306f67d30c6b3b18c48b1,afd757b0710fc3ec48679f648338adee38cb3a75c7d6db37b6a553f70844c529,45;-45;45;-45;0;90;90;0;-45;45;-45;45,12,2.19456,3.4674048,IM7_8552_NCAMP_RTD_MEASURED_V1,F0_CLT,test,True,True,2,90,0.1666666667,True,2,4,4,2,7.592193122e-17,-0.3333333333,1.665334537e-16,-4.082155997e-17,0.02777777778,-0.9259259259,0.2222222222,2.608044109e-17,134770602.4,60221404.12,1.303851604e-08,134770602.4,1.676380634e-08,64260146.46,46.34560766,33.79635777,7.534610606,42.57830236,7.534610606,35.4172712,49.14927964,49.14927964,29.2815628,0.4468437704,1.158640191,1.064457559,841802.8469,892568.6475,841802.8469,892568.6475,954030.9119,1249292.847,187.3610986,192.9744918,174.0121877,183.5251798,405.6510657,468.7296676
NEX-000136,81f58f9aa779c99c54cf8f04febf9f5692f5bebfe2e82e8f2c06136640ab381a,25a0aaf71142d453f54da93c0e5e95ff074bf219667c059da674d0063c8745a4,45;-45;45;-45;90;0;0;90;-45;45;-45;45,12,2.19456,3.4674048,IM7_8552_NCAMP_RTD_MEASURED_V1,F0_CLT,train,True,True,2,90,0.1666666667,True,2,4,4,2,-7.34479563e-18,-0.3333333333,1.665334537e-16,-4.082155997e-17,-0.02777777778,-0.9259259259,0.2222222222,1.927684776e-17,134770602.4,60221404.12,1.303851604e-08,134770602.4,1.676380634e-08,64260146.46,42.57830236,33.79635777,7.534610606,46.34560766,7.534610606,35.4172712,49.14927964,49.14927964,29.2815628,0.4468437704,1.064457559,1.158640191,841802.8469,892568.6475,841802.8469,892568.6475,954030.9119,1249292.847,174.0121877,183.5251798,187.3610986,192.9744918,405.6510657,468.7296676
NEX-000137,a9e4e74f764609c685b761200d1aba7ec886bd29a899957f04ddc85611e2ce40,7a09cd9f24539d1e63932a1b1152c292759db50b5d24f6c1b7b28c7afe170543,45;-45;45;0;-45;90;90;-45;0;45;-45;45,12,2.19456,3.4674048,IM7_8552_NCAMP_RTD_MEASURED_V1,F0_CLT,train,True,True,2,90,0.1666666667,True,2,4,4,2,7.081923622e-17,-0.3333333333,1.665334537e-16,-4.082155997e-17,0.08333333333,-0.8148148148,0.2777777778,3.288403442e-17,134770602.4,60221404.12,1.303851604e-08,134770602.4,1.676380634e-08,64260146.46,51.91798132,31.99128942,9.418263257,40.61606541,9.418263257,33.61220284,49.14927964,49.14927964,29.2815628,0.4468437704,1.297949533,1.015401635,841802.8469,892568.6475,841802.8469,892568.6475,954030.9119,1249292.847,256.5746967,265.7572529,200.732216,227.5591092,357.774266,401.1180756
NEX-000138,df663a5790a2bb79afe179d3842b3afdb19b35c1607bc42d1d33e1545db2ff36,3e884e921a58b6d97fd74492dc83e54c2feb4f185ecdba71331ba2644c55eb89,45;-45;45;0;90;-45;-45;90;0;45;-45;45,12,2.19456,3.4674048,IM7_8552_NCAMP_RTD_MEASURED_V1,F0_CLT,train,True,True,2,90,0.1666666667,True,2,4,4,2,4.30636606e-17,-0.3333333333,2.220446049e-16,-4.082155997e-17,0.05555555556,-0.7592592593,0.3055555556,2.948223776e-17,134770602.4,60221404.12,1.676380634e-08,134770602.4,2.048909664e-08,64260146.46,50.93686284,31.08875524,10.36008958,43.40225224,10.36008958,32.70966867,49.14927964,49.14927964,29.2815628,0.4468437704,1.273421571,1.085056306,841802.8469,892568.6475,841802.8469,892568.6475,954030.9119,1249292.847,276.9730915,297.0128151,233.0878303,267.3575194,337.4891881,374.140395
NEX-000139,993131bf6dacde5dfa7c02884fbdb95616d52c8cad167df5144943286caa918a,eccc89a530e5249fbfef069038dc095a30cb200a05fb6e7d8706f6ac482ddfe2,45;-45;45;90;-45;0;0;-45;90;45;-45;45,12,2.19456,3.4674048,IM7_8552_NCAMP_RTD_MEASURED_V1,F0_CLT,train,True,True,2,90,0.1666666667,True,2,4,4,2,-1.244749063e-17,-0.3333333333,1.804112415e-16,-4.082155997e-17,-0.08333333333,-0.8148148148,0.2777777778,1.247325444e-17,134770602.4,60221404.12,1.303851604e-08,134770602.4,1.676380634e-08,64260146.46,40.61606541,31.99128942,9.418263257,51.91798132,9.418263257,33.61220284,49.14927964,49.14927964,29.2815628,0.4468437704,1.015401635,1.297949533,841802.8469,892568.6475,841802.8469,892568.6475,954030.9119,1249292.847,200.732216,227.5591092,256.5746967,265.7572529,357.774266,401.1180756
NEX-000140,24412d3bdcdcdce032c2de418d37173258f82d57a824913fe7827b8c3d1fa6ce,8e465fb824b11d828ad32f69fa4e15e738a08a63b554aeda42781d85913e4770,45;-45;45;90;0;-45;-45;0;90;45;-45;45,12,2.19456,3.4674048,IM7_8552_NCAMP_RTD_MEASURED_V1,F0_CLT,test,True,True,2,90,0.1666666667,True,2,4,4,2,4.30636606e-17,-0.3333333333,2.220446049e-16,-4.082155997e-17,-0.05555555556,-0.7592592593,0.3055555556,1.58750511e-17,134770602.4,60221404.12,1.676380634e-08,134770602.4,2.048909664e-08,64260146.46,43.40225224,31.08875524,10.36008958,50.93686284,10.36008958,32.70966867,49.14927964,49.14927964,29.2815628,0.4468437704,1.085056306,1.273421571,841802.8469,892568.6475,841802.8469,892568.6475,954030.9119,1249292.847,233.0878303,267.3575194,276.9730915,297.0128151,337.4891881,374.140395
NEX-000141,3487920d6c3501247aff0b34664e5bff8dd034a32c049e8cec523226734c3d62,8973c175936914899fc6c2f22797382546a8a53a6c421af14558e19551674eda,45;-45;90;-45;0;45;45;0;-45;90;-45;45,12,2.19456,3.4674048,IM7_8552_NCAMP_RTD_MEASURED_V1,F0_CLT,train,True,True,2,90,0.1666666667,True,2,4,4,2,7.959432903e-17,-0.3333333333,1.804112415e-16,-4.082155997e-17,-0.1388888889,-0.5925925926,0.05555555556,-3.515189886e-17,134770602.4,60221404.12,1.303851604e-08,134770602.4,1.676380634e-08,64260146.46,40.45889682,28.38115271,1.883652651,59.29542333,1.883652651,30.00206613,49.14927964,49.14927964,29.2815628,0.4468437704,1.01147242,1.482385583,841802.8469,892568.6475,841802.8469,892568.6475,954030.9119,1249292.847,265.2671422,307.123955,388.1404565,410.2353558,393.5012784,515.910352
NEX-000142,4bf6e7a7949da89cbaa2b8c3507b5ec08be6300544d595c0c2af0da417f03868,57c1da0dcce8eaf0bbf581e05565982912a185dd0eb040fd4878362f2add3ffd,45;-45;90;-45;45;0;0;45;-45;90;-45;45,12,2.19456,3.4674048,IM7_8552_NCAMP_RTD_MEASURED_V1,F0_CLT,train,True,True,2,90,0.1666666667,True,2,4,4,2,2.40831778e-17,-0.3333333333,2.220446049e-16,-4.082155997e-17,-0.1666666667,-0.6481481481,0.08333333333,-3.17501022e-17,134770602.4,60221404.12,1.676380634e-08,134770602.4,2.048909664e-08,64260146.46,37.67270999,29.28368689,2.825478977,60.2765418,2.825478977,30.90460031,49.14927964,49.14927964,29.2815628,0.4468437704,0.9418177497,1.506913545,841802.8469,892568.6475,841802.8469,892568.6475,954030.9119,1249292.847,230.4650445,268.0793052,363.1574447,374.160025,396.7422985,504.6047481
NEX-000143,e7004394333e74e0d82a1690978e82b5d44ae3ece6b0d3368e1949a957984a0e,21ff933f5ed4f83c2a50342d68beebfa3ec6ced97178a3fe4023b08a4c3bd5b2,45;-45;90;0;-45;45;45;-45;0;90;-45;45,12,2.19456,3.4674048,IM7_8552_NCAMP_RTD_MEASURED_V1,F0_CLT,train,True,True,2,90,0.1666666667,True,2,4,4,2,7.959432903e-17,-0.3333333333,1.804112415e-16,-4.082155997e-17,-0.08333333333,-0.4814814815,0.1111111111,-2.834830554e-17,134770602.4,60221404.12,1.303851604e-08,134770602.4,1.676380634e-08,64260146.46,46.03127047,26.57608435,3.767305303,57.33318638,3.767305303,28.19699778,49.14927964,49.14927964,29.2815628,0.4468437704,1.150781762,1.43332966,841802.8469,892568.6475,841802.8469,892568.6475,954030.9119,1249292.847,327.6762426,381.3858204,414.9714635,472.0256,355.5986861,443.4914021
NEX-000144,32d94b8002d60bb750343f5899da8670c634df2daeacc4402ee8a8f988a2cb78,16d9dec33d363e1c199ba5b12325f2ab4c2626e36bc12f5b7f34fc9a54d378f1,45;-45;90;0;0;90;90;0;0;90;-45;45,12,2.19456,3.4674048,IM7_8552_NCAMP_RTD_MEASURED_V1,F0_CLT,test,True,True,2,90,0.1666666667,True,4,2,2,4,1.073499046e-16,0.3333333333,2.359223927e-16,-8.164311994e-17,-0.05555555556,-0.4074074074,0.1388888889,-2.608044109e-17,161756149.7,33235856.8,1.676380634e-08,161756149.7,2.328306437e-08,37274599.14,49.11830203,25.37270545,4.709131629,56.65291263,4.709131629,26.99361888,70.59602611,70.59602611,16.98499888,0.2054688917,1.227957551,1.416322816,1164122.133,1177471.644,1164122.133,1177471.644,553393.0713,724662.0598,362.429754,423.1126827,424.9466726,509.219929,332.4534663,405.8033588
NEX-000145,880c3ce2e8b5d6a430c34ec293b13344735a8994b0988fb5fdcdbcee1d283b25,2a6e3ca3c52b46a6c678373ad7bc8fc24f635a6481b1f301ed050b578e2ea77a,45;-45;90;0;45;-45;-45;45;0;90;-45;45,12,2.19456,3.4674048,IM7_8552_NCAMP_RTD_MEASURED_V1,F0_CLT,train,True,True,2,90,0.1666666667,True,2,4,4,2,7.959432903e-17,-0.3333333333,2.636779683e-16,-4.082155997e-17,-0.08333333333,-0.4814814815,0.1666666667,-2.154471221e-17,134770602.4,60221404.12,2.048909664e-08,134770602.4,2.421438694e-08,64260146.46,46.03127047,26.57608435,5.650957954,57.33318638,5.650957954,28.19699778,49.14927964,49.14927964,29.2815628,0.4468437704,1.150781762,1.43332966,841802.8469,892568.6475,841802.8469,892568.6475,954030.9119,1249292.847,322.4808944,378.4210261,411.2693102,472.5122619,338.1828688,404.12737
NEX-000146,06a4d37e048f89c802462f6911f396a54d3bdedcb9ec779d97bf5b09188bc638,ae875fdbd931c952e05666ed3db17238b1cf37b62d8abd399376972ef93928fc,45;-45;90;0;90;0;0;90;0;90;-45;45,12,2.19456,3.4674048,IM7_8552_NCAMP_RTD_MEASURED_V1,F0_CLT,validation,True,True,2,90,0.1666666667,True,4,2,2,4,2.40831778e-17,0.3333333333,2.359223927e-16,-8.164311994e-17,-0.1111111111,-0.4074074074,0.1388888889,-3.288403442e-17,161756149.7,33235856.8,1.676380634e-08,161756149.7,2.328306437e-08,37274599.14,45.35099672,25.37270545,4.709131629,60.42021794,4.709131629,26.99361888,70.59602611,70.59602611,16.98499888,0.2054688917,1.133774918,1.510505448,1164122.133,1177471.644,1164122.133,1177471.644,553393.0713,724662.0598,330.0863589,384.3855166,453.9175152,526.0699544,331.6774565,404.0740862
NEX-000147,441562c37d8bd244c448a2125b9c3ed99966922b5d9076c4f4badc3afbe2f568,1e675b8b40af96b5b4ab5510fd5758d0d527295287efa1885a19b118dac2e955,45;-45;90;45;-45;0;0;-45;45;90;-45;45,12,2.19456,3.4674048,IM7_8552_NCAMP_RTD_MEASURED_V1,F0_CLT,train,True,True,2,90,0.1666666667,True,2,4,4,2,2.40831778e-17,-0.3333333333,2.220446049e-16,-4.082155997e-17,-0.1666666667,-0.6481481481,0.1944444444,-1.814291554e-17,134770602.4,60221404.12,1.676380634e-08,134770602.4,2.048909664e-08,64260146.46,37.67270999,29.28368689,6.59278428,60.2765418,6.59278428,30.90460031,49.14927964,49.14927964,29.2815628,0.4468437704,0.9418177497,1.506913545,841802.8469,892568.6475,841802.8469,892568.6475,954030.9119,1249292.847,223.54425,263.5102204,362.2092354,375.0651237,356.423842,415.4672825
NEX-000148,68b9c52ea5ec99950308784e9ad5ed7b9fb0da7561418c4fa2a67c76e8c84a97,f151941c8fb08e8b5a7ee1ba6fa9c62a112a2bc5edc17e984da1ced64bd95831,45;-45;90;45;0;-45;-45;0;45;90;-45;45,12,2.19456,3.4674048,IM7_8552_NCAMP_RTD_MEASURED_V1,F0_CLT,test,True,True,2,90,0.1666666667,True,2,4,4,2,7.959432903e-17,-0.3333333333,2.636779683e-16,-4.082155997e-17,-0.1388888889,-0.5925925926,0.2222222222,-1.474111888e-17,134770602.4,60221404.12,2.048909664e-08,134770602.4,2.421438694e-08,64260146.46,40.45889682,28.38115271,7.534610606,59.29542333,7.534610606,30.00206613,49.14927964,49.14927964,29.2815628,0.4468437704,1.01147242,1.482385583,841802.8469,892568.6475,841802.8469,892568.6475,954030.9119,1249292.847,253.276144,299.613445,384.0825911,411.8375023,337.0503197,387.5794714
NEX-000149,2026e9c0ac5bae778e40aa7aaddbebe55b8c9a29dbea4a014204ee1ba331f4fd,ff1695f8d406e2762574d452f80ab8406fd32d5d5e662202194a6e1f30542627,45;-45;90;90;0;90;90;0;90;90;-45;45,12,2.19456,3.4674048,IM7_8552_NCAMP_RTD_MEASURED_V1,F0_CLT,train,True,True,2,90,0.1666666667,True,2,2,2,6,-0.3333333333,0.3333333333,2.498001805e-16,-1.224646799e-16,-0.2314814815,-0.4074074074,0.1388888889,-4.76251533e-17,105435404.2,33235856.8,1.676380634e-08,218076895.3,2.700835466e-08,37274599.14,37.1885019,25.37270545,4.709131629,68.58271276,4.709131629,26.99361888,45.73587263,94.59760869,16.98499888,0.1524043011,0.9297125475,1.714567819,744749.3098,749390.3288,1593680.892,1638570.662,553393.0713,724662.0598,259.266943,301.3933082,503.9089525,541.4065193,327.7605005,395.6288916
NEX-000150,a3ea8387af85375a3de1c017788d610a96c70d85434bbb499a07ba169ea8f8a6,e177705046f9d2e806444a053a7783ecb7e03f0350d01aa72038e6c2720305f9,45;-45;90;90;90;0;0;90;90;90;-45;45,12,2.19456,3.4674048,IM7_8552_NCAMP_RTD_MEASURED_V1,F0_CLT,train,True,True,3,90,0.1666666667,True,2,2,2,6,-0.3333333333,0.3333333333,2.498001805e-16,-1.224646799e-16,-0.287037037,-0.4074074074,0.1388888889,-5.442874663e-17,105435404.2,33235856.8,1.676380634e-08,218076895.3,2.700835466e-08,37274599.14,33.4211966,25.37270545,4.709131629,72.35001806,4.709131629,26.99361888,45.73587263,94.59760869,16.98499888,0.1524043011,0.835529915,1.808750452,744749.3098,749390.3288,1593680.892,1638570.662,553393.0713,724662.0598,226.5416025,263.408143,515.4662605,536.0294435,324.4829896,388.8935111
NEX-000151,deaf2fc4f31e287139e375c28d348cbe8f42b124091c96d790c08f570a02c06b,1c7ae64cf276abeb73d2e3879b2657ea7469896c4b1e9b581087d053d3506243,45;0;-45;-45;45;90;90;45;-45;-45;0;45,12,2.19456,3.4674048,IM7_8552_NCAMP_RTD_MEASURED_V1,F0_CLT,test,True,True,2,90,0.1666666667,True,2,4,4,2,-5.040845623e-17,-0.3333333333,1.526556659e-16,-4.082155997e-17,0.2777777778,-0.4259259259,0.1944444444,2.267864443e-17,134770602.4,60221404.12,1.210719347e-08,134770602.4,1.583248377e-08,64260146.46,71.42128912,25.67355018,6.59278428,33.74823609,6.59278428,27.2944636,49.14927964,49.14927964,29.2815628,0.4468437704,1.785532228,0.8437059023,841802.8469,892568.6475,841802.8469,892568.6475,954030.9119,1249292.847,502.8387323,524.7215641,200.7727436,208.0425651,306.630098,353.7029166
NEX-000152,539f541fad0acf94cda3acb1bc6f6defe4693d12071e905e4ab01ffc6a3208fa,2c60bfdb88686c6568839ddebf4d07c90ae096a0cd6151bbe91ba221bcb4dfd6,45;0;-45;-45;90;45;45;90;-45;-45;0;45,12,2.19456,3.4674048,IM7_8552_NCAMP_RTD_MEASURED_V1,F0_CLT,validation,True,True,2,45,0.1666666667,True,2,4,4,2,-7.816403185e-17,-0.3333333333,1.249000903e-16,-4.082155997e-17,0.25,-0.3703703704,0.1666666667,1.247325444e-17,134770602.4,60221404.12,8.381903172e-09,134770602.4,1.210719347e-08,64260146.46,70.44017065,24.771016,5.650957954,36.53442292,5.650957954,26.39192942,49.14927964,49.14927964,29.2815628,0.4468437704,1.761004266,0.913360573,841802.8469,892568.6475,841802.8469,892568.6475,954030.9119,1249292.847,526.1459582,568.7868142,229.790976,237.794565,309.7389535,365.5974344
NEX-000153,e783ef84edb2f08a3f2fe75842487e7e7cf5ba4e4dc0169092bd5504c0637c0a,ebfde11b14627202fd1beabb6a24042d194105beb04fff542e3f301dd64c40aa,45;0;-45;0;0;90;90;0;0;-45;0;45,12,2.19456,3.4674048,IM7_8552_NCAMP_RTD_MEASURED_V1,F0_CLT,test,True,True,2,90,0.1666666667,True,6,2,2,2,0.3333333333,0.3333333333,1.526556659e-16,-4.082155997e-17,0.3981481481,-0.1851851852,0.25,2.948223776e-17,218076895.3,33235856.8,1.210719347e-08,105435404.2,1.583248377e-08,37274599.14,83.49476538,21.76256874,8.476436932,29.4967227,8.476436932,23.38348217,94.59760869,45.73587263,16.98499888,0.3152248247,2.087369134,0.7374180676,1593680.892,1638570.662,744749.3098,749390.3288,553393.0713,724662.0598,653.5223181,697.3965894,181.4511037,185.2110504,227.9795256,251.8671995
NEX-000154,08c737ab23e83f3b5cb8bbd29446e676c8fdc6fd80584448392b600309337334,63140693a449d5f90549243944e4e59b156500cca3158d7d769d0aecd5e60855,45;0;-45;0;90;0;0;90;0;-45;0;45,12,2.19456,3.4674048,IM7_8552_NCAMP_RTD_MEASURED_V1,F0_CLT,test,True,True,2,90,0.1666666667,True,6,2,2,2,0.3333333333,0.3333333333,1.526556659e-16,-4.082155997e-17,0.3425925926,-0.1851851852,0.25,2.267864443e-17,218076895.3,33235856.8,1.210719347e-08,105435404.2,1.583248377e-08,37274599.14,79.72746008,21.76256874,8.476436932,33.26402801,8.476436932,23.38348217,94.59760869,45.73587263,16.98499888,0.3152248247,1.993186502,0.8316007001,1593680.892,1638570.662,744749.3098,749390.3288,553393.0713,724662.0598,634.1554826,712.2382186,211.1853794,215.8613751,235.9596744,262.7800251
NEX-000155,86567e1807603cfd3a612695506dc9ded5417cceadfe1d4af523335041f5aff1,c5cb9bc85d4e73198e78dca08fb09f3f5604653ffae644841ce1588e919dfb1b,45;0;-45;45;-45;90;90;-45;45;-45;0;45,12,2.19456,3.4674048,IM7_8552_NCAMP_RTD_MEASURED_V1,F0_CLT,train,True,True,2,90,0.1666666667,True,2,4,4,2,-5.040845623e-17,-0.3333333333,1.526556659e-16,-4.082155997e-17,0.2777777778,-0.4259259259,0.3055555556,3.628583109e-17,134770602.4,60221404.12,1.210719347e-08,134770602.4,1.583248377e-08,64260146.46,71.42128912,25.67355018,10.36008958,33.74823609,10.36008958,27.2944636,49.14927964,49.14927964,29.2815628,0.4468437704,1.785532228,0.8437059023,841802.8469,892568.6475,841802.8469,892568.6475,954030.9119,1249292.847,500.5273118,529.0711848,190.7466273,197.3886161,257.6539873,281.7907049
NEX-000156,a60fd760002d13a04e66f5cad53f452d2c8ef41aee1fb4d547e4817f35894ba9,d6cd29a66261716f21fe389a4c1523fa6eec318757194d9e9b348ba4b07d5b18,45;0;-45;45;90;-45;-45;90;45;-45;0;45,12,2.19456,3.4674048,IM7_8552_NCAMP_RTD_MEASURED_V1,F0_CLT,train,True,True,2,90,0.1666666667,True,2,4,4,2,-7.816403185e-17,-0.3333333333,2.081668171e-16,-4.082155997e-17,0.25,-0.3703703704,0.3333333333,3.288403442e-17,134770602.4,60221404.12,1.583248377e-08,134770602.4,1.955777407e-08,64260146.46,70.44017065,24.771016,11.30191591,36.53442292,11.30191591,26.39192942,49.14927964,49.14927964,29.2815628,0.4468437704,1.761004266,0.913360573,841802.8469,892568.6475,841802.8469,892568.6475,954030.9119,1249292.847,514.7474015,577.2246544,213.3674304,220.4284056,241.2443296,261.9793273
NEX-000157,7b3ac1a207a7d5e5e8c1b70ab17a617509b051119f1835e78223ffe60700e0c2,3fcb3b0b2fc6ece6759886bd0f49a55434fac8f256d27ab172054b72486553bf,45;0;-45;90;-45;45;45;-45;90;-45;0;45,12,2.19456,3.4674048,IM7_8552_NCAMP_RTD_MEASURED_V1,F0_CLT,train,True,True,2,90,0.1666666667,True,2,4,4,2,-7.816403185e-17,-0.3333333333,1.249000903e-16,-4.082155997e-17,0.1944444444,-0.2592592593,0.2222222222,5.669661107e-18,134770602.4,60221404.12,8.381903172e-09,134770602.4,1.210719347e-08,64260146.46,68.4779337,22.96594764,7.534610606,42.10679658,7.534610606,24.58686107,49.14927964,49.14927964,29.2815628,0.4468437704,1.711948342,1.052669914,841802.8469,892568.6475,841802.8469,892568.6475,954030.9119,1249292.847,536.3415767,646.7131555,278.8716133,287.5553111,271.9645456,311.9955462
NEX-000158,be6c350cddb639e18a4a300d0f0f5a1b3b65834b54337091dca6bbe0c4362117,a2cde64b4a1ebf735937dbcf0e3e9f9c4d4caac72c85da4da606eea73020eef7,45;0;-45;90;0;90;90;0;90;-45;0;45,12,2.19456,3.4674048,IM7_8552_NCAMP_RTD_MEASURED_V1,F0_CLT,train,True,True,2,90,0.1666666667,True,4,2,2,4,-5.040845623e-17,0.3333333333,1.804112415e-16,-8.164311994e-17,0.2222222222,-0.1851851852,0.25,7.93752555e-18,161756149.7,33235856.8,1.210719347e-08,161756149.7,1.862645149e-08,37274599.14,71.56496525,21.76256874,8.476436932,41.42652283,8.476436932,23.38348217,70.59602611,70.59602611,16.98499888,0.2054688917,1.789124131,1.035663071,1164122.133,1177471.644,1164122.133,1177471.644,553393.0713,724662.0598,566.1937969,695.814131,275.6267676,282.8365948,246.670351,278.312188
NEX-000159,827258d97429a5881acf777eef8e25b2b7b6354ed1931ba93754894c15ff2cf3,c0ebd54466eddaff91617ffeeda427afda1196c4c6dbf00a80b6d4c3bf581e91,45;0;-45;90;45;-45;-45;45;90;-45;0;45,12,2.19456,3.4674048,IM7_8552_NCAMP_RTD_MEASURED_V1,F0_CLT,train,True,True,2,90,0.1666666667,True,2,4,4,2,-7.816403185e-17,-0.3333333333,2.081668171e-16,-4.082155997e-17,0.1944444444,-0.2592592593,0.2777777778,1.247325444e-17,134770602.4,60221404.12,1.583248377e-08,134770602.4,1.955777407e-08,64260146.46,68.4779337,22.96594764,9.418263257,42.10679658,9.418263257,24.58686107,49.14927964,49.14927964,29.2815628,0.4468437704,1.711948342,1.052669914,841802.8469,892568.6475,841802.8469,892568.6475,954030.9119,1249292.847,526.417335,646.2140321,272.4108014,280.7954466,251.2126585,280.1878849
NEX-000160,49615df178f798fb07b8b0aa512c20223dcd2d64f88a0f51465bf0462163fd3c,7678d9431faf75934a19f062a47c0bc87c584da05c89e451d961d906032d9fd8,45;0;-45;90;90;0;0;90;90;-45;0;45,12,2.19456,3.4674048,IM7_8552_NCAMP_RTD_MEASURED_V1,F0_CLT,train,True,True,2,90,0.1666666667,True,4,2,2,4,-1.336751831e-16,0.3333333333,1.804112415e-16,-8.164311994e-17,0.1666666667,-0.1851851852,0.25,1.133932221e-18,161756149.7,33235856.8,1.210719347e-08,161756149.7,1.862645149e-08,37274599.14,67.79765995,21.76256874,8.476436932,45.19382813,8.476436932,23.38348217,70.59602611,70.59602611,16.98499888,0.2054688917,1.694941499,1.129845703,1164122.133,1177471.644,1164122.133,1177471.644,553393.0713,724662.0598,530.9958653,660.7093906,305.3447749,314.0792873,249.5574287,282.7018666
NEX-000161,1cdac2ec627cea41eedae5898b35282d024b1ddbe9aa168851e779c4d1bb6b28,56fd68bd72ed6ade1b0abb32d9fe6aaaccee03686ce20451b24875bb28fa536f,45;0;0;-45;0;90;90;0;-45;0;0;45,12,2.19456,3.4674048,IM7_8552_NCAMP_RTD_MEASURED_V1,F0_CLT,test,True,True,2,90,0.1666666667,True,6,2,2,2,0.3333333333,0.3333333333,1.110223025e-16,-4.082155997e-17,0.4814814815,-0.01851851852,0.3333333333,3.968762775e-17,218076895.3,33235856.8,8.381903172e-09,105435404.2,1.210719347e-08,37274599.14,91.85332586,19.05496621,11.30191591,26.55336728,11.30191591,20.67587963,94.59760869,45.73587263,16.98499888,0.3152248247,2.296333147,0.663834182,1593680.892,1638570.662,744749.3098,749390.3288,553393.0713,724662.0598,745.4039593,841.7795134,142.8333521,150.4617818,151.9383674,161.8534167
NEX-000162,d16518577d6b7601710affb728e585b3ec4d8a9e014b5f1b3e1d1786ff297709,fd1b420bfa073e2f43da31e4cf56bf4f127560f991656a6183bfd29b98632280,45;0;0;-45;90;0;0;90;-45;0;0;45,12,2.19456,3.4674048,IM7_8552_NCAMP_RTD_MEASURED_V1,F0_CLT,train,True,True,2,90,0.1666666667,True,6,2,2,2,0.3333333333,0.3333333333,1.110223025e-16,-4.082155997e-17,0.4259259259,-0.01851851852,0.3333333333,3.288403442e-17,218076895.3,33235856.8,8.381903172e-09,105435404.2,1.210719347e-08,37274599.14,88.08602056,19.05496621,11.30191591,30.32067258,11.30191591,20.67587963,94.59760869,45.73587263,16.98499888,0.3152248247,2.202150514,0.7580168146,1593680.892,1638570.662,744749.3098,749390.3288,553393.0713,724662.0598,707.6259571,867.061046,172.1059738,180.889665,163.4059561,174.9885564
NEX-000163,8473da32de2c65977a208918b14913187221d457a5298ce71e99a725d9e66099,49dcc0444b62b991260464101c5fb352599d6d35c49e68348b5f51360337a1d5,45;0;0;0;-45;90;90;-45;0;0;0;45,12,2.19456,3.4674048,IM7_8552_NCAMP_RTD_MEASURED_V1,F0_CLT,train,True,True,3,45,0.1666666667,True,6,2,2,2,0.3333333333,0.3333333333,1.110223025e-16,-4.082155997e-17,0.537037037,0.09259259259,0.3888888889,4.649122108e-17,218076895.3,33235856.8,8.381903172e-09,105435404.2,1.210719347e-08,37274599.14,97.42569952,17.24989785,13.18556856,24.59113033,13.18556856,18.87081128,94.59760869,45.73587263,16.98499888,0.3152248247,2.435642488,0.6147782583,1593680.892,1638570.662,744749.3098,749390.3288,553393.0713,724662.0598,774.1269231,977.594294,104.3090978,116.35228,101.7372711,106.9130783
NEX-000164,d33b9bef85a0ef33e3f5aa8066de824dcae07411230cf4bc2dadc2d4cf9309b2,d7eb7bef8e9c03bc0a54578456a203e0ef271ee787cbee3d7ac2d58bf1a00873,45;0;0;0;90;-45;-45;90;0;0;0;45,12,2.19456,3.4674048,IM7_8552_NCAMP_RTD_MEASURED_V1,F0_CLT,train,True,True,3,90,0.1666666667,True,6,2,2,2,0.3333333333,0.3333333333,1.665334537e-16,-4.082155997e-17,0.5092592593,0.1481481481,0.4166666667,4.308942441e-17,218076895.3,33235856.8,1.210719347e-08,105435404.2,1.583248377e-08,37274599.14,96.44458105,16.34736368,14.12739489,27.37731716,14.12739489,17.9682771,94.59760869,45.73587263,16.98499888,0.3152248247,2.411114526,0.684432929,1593680.892,1638570.662,744749.3098,749390.3288,553393.0713,724662.0598,682.9762752,862.1670785,108.3377778,118.7265062,91.19248225,95.48346094
NEX-000165,05323adbcf30b612f51ed5c4cf420d254a6283273d7f4ecc93139c5ec3e70cf0,c42fe46a81bdc46e7f9e9dd9065bcdd1eb0d0c5374dd7e8e62a54335568a65e2,45;0;0;90;-45;0;0;-45;90;0;0;45,12,2.19456,3.4674048,IM7_8552_NCAMP_RTD_MEASURED_V1,F0_CLT,train,True,True,2,90,0.1666666667,True,6,2,2,2,0.3333333333,0.3333333333,1.249000903e-16,-4.082155997e-17,0.3703703704,0.09259259259,0.3888888889,2.608044109e-17,218076895.3,33235856.8,8.381903172e-09,105435404.2,1.210719347e-08,37274599.14,86.12378361,17.24989785,13.18556856,35.89304624,13.18556856,18.87081128,94.59760869,45.73587263,16.98499888,0.3152248247,2.15309459,0.897326156,1593680.892,1638570.662,744749.3098,749390.3288,553393.0713,724662.0598,612.2016094,769.7265073,185.7974979,207.6866777,133.5411261,141.6516426
NEX-000166,12f979f7958734b06b2023ec96c86d8619952c20010890f084774698ff2d6fc3,5b07d7e06362a0d7041c92be0ba4070a3dff177d9e60fd04c1013fcc1e4fe12f,45;0;0;90;-45;90;90;-45;90;0;0;45,12,2.19456,3.4674048,IM7_8552_NCAMP_RTD_MEASURED_V1,F0_CLT,validation,True,True,2,90,0.1666666667,True,4,2,2,4,-7.816403185e-17,0.3333333333,1.387778781e-16,-8.164311994e-17,0.3611111111,0.09259259259,0.3888888889,2.494650887e-17,161756149.7,33235856.8,8.381903172e-09,161756149.7,1.583248377e-08,37274599.14,85.4958994,17.24989785,13.18556856,36.52093046,13.18556856,18.87081128,70.59602611,70.59602611,16.98499888,0.2054688917,2.137397485,0.9130232615,1164122.133,1177471.644,1164122.133,1177471.644,553393.0713,724662.0598,604.8445696,756.3170606,190.378737,212.737455,134.7113177,142.9833361
NEX-000167,7c71d4ae4409669c9ceece11600e51c2866acbc16d610b86a2f0de14d096b5c4,232c1f12e3c4081bb7afa71e7e0882cdcbd6ab0d3361e28ca3a736a84785b4dc,45;0;0;90;0;-45;-45;0;90;0;0;45,12,2.19456,3.4674048,IM7_8552_NCAMP_RTD_MEASURED_V1,F0_CLT,test,True,True,2,90,0.1666666667,True,6,2,2,2,0.3333333333,0.3333333333,1.665334537e-16,-4.082155997e-17,0.3981481481,0.1481481481,0.4166666667,2.948223776e-17,218076895.3,33235856.8,1.210719347e-08,105435404.2,1.583248377e-08,37274599.14,88.90997044,16.34736368,14.12739489,34.91192777,14.12739489,17.9682771,94.59760869,45.73587263,16.98499888,0.3152248247,2.222749261,0.8727981942,1593680.892,1638570.662,744749.3098,749390.3288,553393.0713,724662.0598,584.0132281,686.7506215,160.0057675,175.6996681,111.0239318,116.841798
NEX-000168,519a6451bd7ab14e5132a5d5cff1e554539b866a90e28949cac6900fd1bfa843,a5b7e3c760b7a449535c1ed49d20a699babe254ffd406ccf2cdde93fb2d42c3a,45;0;0;90;90;-45;-45;90;90;0;0;45,12,2.19456,3.4674048,IM7_8552_NCAMP_RTD_MEASURED_V1,F0_CLT,train,True,True,2,90,0.1666666667,True,4,2,2,4,-1.336751831e-16,0.3333333333,1.942890293e-16,-8.164311994e-17,0.3333333333,0.1481481481,0.4166666667,2.154471221e-17,161756149.7,33235856.8,1.210719347e-08,161756149.7,1.955777407e-08,37274599.14,84.51478092,16.34736368,14.12739489,39.30711729,14.12739489,17.9682771,70.59602611,70.59602611,16.98499888,0.2054688917,2.112869523,0.9826779322,1164122.133,1177471.644,1164122.133,1177471.644,553393.0713,724662.0598,538.6203437,621.6352395,190.411036,209.3755714,118.9521628,125.6477012
NEX-000169,e541c8047664e6a409169f90f51187c4fcf8ca3d658e8dfd107d7fb9b7752db3,a6578bd2d567a27bc6cc9c7715a411852b272d73207bef1aea763666a24d30c1,45;0;45;-45;-45;90;90;-45;-45;45;0;45,12,2.19456,3.4674048,IM7_8552_NCAMP_RTD_MEASURED_V1,F0_CLT,validation,True,True,2,90,0.1666666667,True,2,4,4,2,-5.040845623e-17,-0.3333333333,5.551115123e-17,-4.082155997e-17,0.2777777778,-0.4259259259,0.4722222222,5.669661107e-17,134770602.4,60221404.12,3.725290298e-09,134770602.4,9.313225746e-09,64260146.46,71.42128912,25.67355018,16.01104754,33.74823609,16.01104754,27.2944636,49.14927964,49.14927964,29.2815628,0.4468437704,1.785532228,0.8437059023,841802.8469,892568.6475,841802.8469,892568.6475,954030.9119,1249292.847,491.6866914,543.1162159,164.6676034,170.1979306,179.8081563,188.868789
NEX-000170,35999e717a6d40979ebceb1dd7a1d34109e358f9627bbcf8becc400d09314309,097b4e3f3af18b6ce9ce669bd155748f23a813470c1466e685d6c37bf17b0111,45;0;45;-45;90;-45;-45;90;-45;45;0;45,12,2.19456,3.4674048,IM7_8552_NCAMP_RTD_MEASURED_V1,F0_CLT,train,True,True,2,90,0.1666666667,True,2,4,4,2,-7.816403185e-17,-0.3333333333,1.110223025e-16,-4.082155997e-17,0.25,-0.3703703704,0.5,5.329481441e-17,134770602.4,60221404.12,7.450580597e-09,134770602.4,1.303851604e-08,64260146.46,70.44017065,24.771016,16.95287386,36.53442292,16.95287386,26.39192942,49.14927964,49.14927964,29.2815628,0.4468437704,1.761004266,0.913360573,841802.8469,892568.6475,841802.8469,892568.6475,954030.9119,1249292.847,486.0805376,598.1756639,178.7019578,188.010917,166.5509915,173.9984244
NEX-000171,30359dd75a77c6b1cc47175e8158a3233ada138e7c22039815f00b66d38aecab,9a5c74f00dc424327d44a86a6f175ab8b1a4d2f1d2c83a4c1391e3ad729e3e4a,45;0;90;-45;-45;45;45;-45;-45;90;0;45,12,2.19456,3.4674048,IM7_8552_NCAMP_RTD_MEASURED_V1,F0_CLT,train,True,True,2,90,0.1666666667,True,2,4,4,2,-2.265288062e-17,-0.3333333333,8.326672685e-17,-4.082155997e-17,0.1111111111,-0.09259259259,0.3055555556,-4.535728886e-18,134770602.4,60221404.12,4.656612873e-09,134770602.4,8.381903172e-09,64260146.46,65.53457828,20.25834511,10.36008958,50.46535706,10.36008958,21.87925854,49.14927964,49.14927964,29.2815628,0.4468437704,1.638364457,1.261633927,841802.8469,892568.6475,841802.8469,892568.6475,954030.9119,1249292.847,488.697589,602.9534494,342.6682222,352.044405,214.8122265,237.8432365
NEX-000172,16e09aff03d73ceef72a1a7d6c20ac014506674b6a714ad1c6ebae18a0f0155c,8edbc9bd4dc21673c5453026feb8d3517cd20f2241e6ea5d8762d55948774d15,45;0;90;-45;0;90;90;0;-45;90;0;45,12,2.19456,3.4674048,IM7_8552_NCAMP_RTD_MEASURED_V1,F0_CLT,train,True,True,2,90,0.1666666667,True,4,2,2,4,-8.775092811e-18,0.3333333333,1.387778781e-16,-8.164311994e-17,0.1388888889,-0.01851851852,0.3333333333,-2.267864443e-18,161756149.7,33235856.8,8.381903172e-09,161756149.7,1.583248377e-08,37274599.14,68.62160983,19.05496621,11.30191591,49.78508332,11.30191591,20.67587963,70.59602611,70.59602611,16.98499888,0.2054688917,1.715540246,1.244627083,1164122.133,1177471.644,1164122.133,1177471.644,553393.0713,724662.0598,497.2139093,628.3289556,328.910267,340.4619011,190.6903985,208.6287785
NEX-000173,d40c31ea87d538e8e3620fa8074541e5250a81974aedb105c5af56aa96c5f32d,86bc759372c2a961172e60a43dc1b1b7f11abcea976999503bdcd3d0cb63230c,45;0;90;-45;45;-45;-45;45;-45;90;0;45,12,2.19456,3.4674048,IM7_8552_NCAMP_RTD_MEASURED_V1,F0_CLT,train,True,True,2,90,0.1666666667,True,2,4,4,2,-2.265288062e-17,-0.3333333333,1.665334537e-16,-4.082155997e-17,0.1111111111,-0.09259259259,0.3611111111,2.267864443e-18,134770602.4,60221404.12,1.210719347e-08,134770602.4,1.583248377e-08,64260146.46,65.53457828,20.25834511,12.24374223,50.46535706,12.24374223,21.87925854,49.14927964,49.14927964,29.2815628,0.4468437704,1.638364457,1.261633927,841802.8469,892568.6475,841802.8469,892568.6475,954030.9119,1249292.847,464.4948091,587.0945955,329.2056092,339.6827687,194.5249482,210.9065803
NEX-000174,6dc099dc1b2a0970dcf70365e460d11374bc1db22afef19337b344042b208030,7af6ce9f338f770df59124c8e837470b81224b81d69dd98752f92db1e2587385,45;0;90;-45;90;0;0;90;-45;90;0;45,12,2.19456,3.4674048,IM7_8552_NCAMP_RTD_MEASURED_V1,F0_CLT,train,True,True,2,90,0.1666666667,True,4,2,2,4,-9.204181966e-17,0.3333333333,1.387778781e-16,-8.164311994e-17,0.08333333333,-0.01851851852,0.3333333333,-9.071457771e-18,161756149.7,33235856.8,8.381903172e-09,161756149.7,1.583248377e-08,37274599.14,64.85430453,19.05496621,11.30191591,53.55238862,11.30191591,20.67587963,70.59602611,70.59602611,16.98499888,0.2054688917,1.621357613,1.338809715,1164122.133,1177471.644,1164122.133,1177471.644,553393.0713,724662.0598,461.4389293,580.8069625,360.804185,372.029899,192.3130536,210.7672624
NEX-000175,1aebe60392ca0c666ab6fab853d67f00f92dd4e8e108a150ec0e2d680c579090,04b5dc5a8b5398fd1409db18a2edaf7a12911e04537ee53b146d9d4278aa04e1,45;0;90;0;-45;0;0;-45;0;90;0;45,12,2.19456,3.4674048,IM7_8552_NCAMP_RTD_MEASURED_V1,F0_CLT,test,True,True,2,90,0.1666666667,True,6,2,2,2,0.3333333333,0.3333333333,1.249000903e-16,-4.082155997e-17,0.2037037037,0.09259259259,0.3888888889,5.669661107e-18,218076895.3,33235856.8,8.381903172e-09,105435404.2,1.210719347e-08,37274599.14,74.8218677,17.24989785,13.18556856,47.19496215,13.18556856,18.87081128,94.59760869,45.73587263,16.98499888,0.3152248247,1.870546693,1.179874054,1593680.892,1638570.662,744749.3098,749390.3288,553393.0713,724662.0598,495.1807351,585.3046493,269.4377319,299.1212201,148.4850166,159.0537365
NEX-000176,5c781be24849b0a5db649424791be087bbadb76b7dea597b61f2fea6a4de0520,c26e29cf06f3acd2d6e9fd090ea671eac224b7da75618646da24690bf854ceca,45;0;90;0;-45;90;90;-45;0;90;0;45,12,2.19456,3.4674048,IM7_8552_NCAMP_RTD_MEASURED_V1,F0_CLT,train,True,True,2,90,0.1666666667,True,4,2,2,4,-8.775092811e-18,0.3333333333,1.387778781e-16,-8.164311994e-17,0.1944444444,0.09259259259,0.3888888889,4.535728886e-18,161756149.7,33235856.8,8.381903172e-09,161756149.7,1.583248377e-08,37274599.14,74.19398349,17.24989785,13.18556856,47.82284637,13.18556856,18.87081128,70.59602611,70.59602611,16.98499888,0.2054688917,1.854849587,1.195571159,1164122.133,1177471.644,1164122.133,1177471.644,553393.0713,724662.0598,489.3813529,577.2878346,274.1705104,304.239089,148.9982875,159.6682461
NEX-000177,4be3e5690f23057d867bf1b6dee1f57101b7f78e70e55592146b4059ed574345,c189e6b0e6dfb9da64221f6b7df225afc1a3b13a7f9fb67b73028f92f276fa5f,45;0;90;0;0;-45;-45;0;0;90;0;45,12,2.19456,3.4674048,IM7_8552_NCAMP_RTD_MEASURED_V1,F0_CLT,validation,True,True,2,90,0.1666666667,True,6,2,2,2,0.3333333333,0.3333333333,1.665334537e-16,-4.082155997e-17,0.2314814815,0.1481481481,0.4166666667,9.071457771e-18,218076895.3,33235856.8,1.210719347e-08,105435404.2,1.583248377e-08,37274599.14,77.60805453,16.34736368,14.12739489,46.21384368,14.12739489,17.9682771,94.59760869,45.73587263,16.98499888,0.3152248247,1.940201363,1.155346092,1593680.892,1638570.662,744749.3098,749390.3288,553393.0713,724662.0598,475.9945625,539.7695393,238.7008645,263.1543315,127.5664321,135.4430814
NEX-000178,902214a46320e17b07e191567b2ee4db07c8e60203361224877c91458a459492,5cf77b2e7c543c20e7c7485f93ec24ad76a766930023c9f00d95582bfc3915fc,45;0;90;0;90;-45;-45;90;0;90;0;45,12,2.19456,3.4674048,IM7_8552_NCAMP_RTD_MEASURED_V1,F0_CLT,test,True,True,2,90,0.1666666667,True,4,2,2,4,-3.653066843e-17,0.3333333333,1.942890293e-16,-8.164311994e-17,0.1666666667,0.1481481481,0.4166666667,1.133932221e-18,161756149.7,33235856.8,1.210719347e-08,161756149.7,1.955777407e-08,37274599.14,73.21286501,16.34736368,14.12739489,50.6090332,14.12739489,17.9682771,70.59602611,70.59602611,16.98499888,0.2054688917,1.830321625,1.26522583,1164122.133,1177471.644,1164122.133,1177471.644,553393.0713,724662.0598,439.4642103,494.7274984,269.8394729,298.0751009,131.1106301,139.5524633
NEX-000179,8e4312cbd9917dab08ea9e3eac6a65a05d9e76caec1955ac902a9d4132b404d8,3e1ef9e8b78b4085582664826e110ffdfdf50a6c3f1d8a8ecdcde63784412eb7,45;0;90;90;-45;0;0;-45;90;90;0;45,12,2.19456,3.4674048,IM7_8552_NCAMP_RTD_MEASURED_V1,F0_CLT,train,True,True,2,90,0.1666666667,True,4,2,2,4,-9.204181966e-17,0.3333333333,1.526556659e-16,-8.164311994e-17,0.02777777778,0.09259259259,0.3888888889,-1.58750511e-17,161756149.7,33235856.8,8.381903172e-09,161756149.7,1.583248377e-08,37274599.14,62.89206758,17.24989785,13.18556856,59.12476228,13.18556856,18.87081128,70.59602611,70.59602611,16.98499888,0.2054688917,1.572301689,1.478119057,1164122.133,1177471.644,1164122.133,1177471.644,553393.0713,724662.0598,391.9738884,450.8466764,361.5932947,397.3599662,153.9293644,165.6369816
NEX-000180,a18f4f682994a0344578309014fd242e9297060c1204c65f48b2c74d6be0343c,433ddc624bb62a7518cba54b5ca5b4544044edd6bdd6eaf91ce36de18a452de4,45;0;90;90;-45;90;90;-45;90;90;0;45,12,2.19456,3.4674048,IM7_8552_NCAMP_RTD_MEASURED_V1,F0_CLT,test,True,True,2,90,0.1666666667,True,2,2,2,6,-0.3333333333,0.3333333333,1.665334537e-16,-1.224646799e-16,0.01851851852,0.09259259259,0.3888888889,-1.700898332e-17,105435404.2,33235856.8,8.381903172e-09,218076895.3,1.955777407e-08,37274599.14,62.26418336,17.24989785,13.18556856,59.75264649,13.18556856,18.87081128,45.73587263,94.59760869,16.98499888,0.1524043011,1.556604584,1.493816162,744749.3098,749390.3288,1593680.892,1638570.662,553393.0713,724662.0598,386.8550074,444.5212909,366.603916,402.6026626,153.9841278,165.7039551
NEX-000181,8433011d53d0994716034ccdf3011987b2fb87de97dd204a966afe13e89859f4,611964d8db64e781ba7bda3ad9d271a6629482fac60585912341a34f454a453b,45;0;90;90;0;-45;-45;0;90;90;0;45,12,2.19456,3.4674048,IM7_8552_NCAMP_RTD_MEASURED_V1,F0_CLT,train,True,True,2,90,0.1666666667,True,4,2,2,4,-3.653066843e-17,0.3333333333,1.942890293e-16,-8.164311994e-17,0.05555555556,0.1481481481,0.4166666667,-1.247325444e-17,161756149.7,33235856.8,1.210719347e-08,161756149.7,1.955777407e-08,37274599.14,65.67825441,16.34736368,14.12739489,58.1436438,14.12739489,17.9682771,70.59602611,70.59602611,16.98499888,0.2054688917,1.64195636,1.453591095,1164122.133,1177471.644,1164122.133,1177471.644,553393.0713,724662.0598,380.4084321,424.5246803,324.2217407,359.6844126,134.3327399,143.3329128
NEX-000182,034922884f5436835a519f3b7769944df384f04050024a8c9819d1e0dd61a00a,1a06d00051575b796fc4c932de5bbd63421a459c446084e0e59d5c1ace244aca,45;0;90;90;90;-45;-45;90;90;90;0;45,12,2.19456,3.4674048,IM7_8552_NCAMP_RTD_MEASURED_V1,F0_CLT,validation,True,True,3,90,0.1666666667,True,2,2,2,6,-0.3333333333,0.3333333333,2.220446049e-16,-1.224646799e-16,-0.009259259259,0.1481481481,0.4166666667,-2.041077999e-17,105435404.2,33235856.8,1.210719347e-08,218076895.3,2.328306437e-08,37274599.14,61.28306489,16.34736368,14.12739489,62.53883332,14.12739489,17.9682771,45.73587263,94.59760869,16.98499888,0.1524043011,1.532076622,1.563470833,744749.3098,749390.3288,1593680.892,1638570.662,553393.0713,724662.0598,347.3669041,386.2178052,356.72453,397.0110079,134.7135577,143.7826601
NEX-000183,65eb950f78100e6d8f0dc5ebc1ee82c45aa319a1947ab3880af3eba4504dfea9,9836e74366d37c2cd3e16137fcfa9fbcedc5b7d92f725c1a93f3500dbbb86501,45;45;-45;-45;0;90;90;0;-45;-45;45;45,12,2.19456,3.4674048,IM7_8552_NCAMP_RTD_MEASURED_V1,F0_CLT,validation,True,True,2,90,0.1666666667,True,2,4,4,2,7.592193122e-17,-0.3333333333,5.551115123e-17,-4.082155997e-17,0.02777777778,-0.9259259259,0.4444444444,5.329481441e-17,134770602.4,60221404.12,3.725290298e-09,134770602.4,7.450580597e-09,64260146.46,46.34560766,33.79635777,15.06922121,42.57830236,15.06922121,35.4172712,49.14927964,49.14927964,29.2815628,0.4468437704,1.158640191,1.064457559,841802.8469,892568.6475,841802.8469,892568.6475,954030.9119,1249292.847,185.0347697,193.5806732,168.8071924,182.747475,303.1634107,321.2779588
NEX-000184,dd038cd77f2d869fdb829d1833ea199e786fc80347101149a63a59bb405b5c2a,93405b9351341a941c59cd4282d53367cb9aaace52b6720d87e50f3b0940b04c,45;45;-45;-45;90;0;0;90;-45;-45;45;45,12,2.19456,3.4674048,IM7_8552_NCAMP_RTD_MEASURED_V1,F0_CLT,test,True,True,2,90,0.1666666667,True,2,4,4,2,-7.34479563e-18,-0.3333333333,5.551115123e-17,-4.082155997e-17,-0.02777777778,-0.9259259259,0.4444444444,4.649122108e-17,134770602.4,60221404.12,3.725290298e-09,134770602.4,7.450580597e-09,64260146.46,42.57830236,33.79635777,15.06922121,46.34560766,15.06922121,35.4172712,49.14927964,49.14927964,29.2815628,0.4468437704,1.064457559,1.158640191,841802.8469,892568.6475,841802.8469,892568.6475,954030.9119,1249292.847,168.8071924,182.747475,185.0347697,193.5806732,303.1634107,321.2779588
NEX-000185,ee5c081a8ad5b11f36fad8a2b32e1c38cea5fed6fc5363c4624f3cc102e87ca1,433038a8f70ce763d34603679fe09d734a4b73e0529a2a7e5fafd26232a4ad21,45;45;-45;0;-45;90;90;-45;0;-45;45;45,12,2.19456,3.4674048,IM7_8552_NCAMP_RTD_MEASURED_V1,F0_CLT,train,True,True,2,90,0.1666666667,True,2,4,4,2,7.081923622e-17,-0.3333333333,5.551115123e-17,-4.082155997e-17,0.08333333333,-0.8148148148,0.5,6.009840774e-17,134770602.4,60221404.12,3.725290298e-09,134770602.4,7.450580597e-09,64260146.46,51.91798132,31.99128942,16.95287386,40.61606541,16.95287386,33.61220284,49.14927964,49.14927964,29.2815628,0.4468437704,1.297949533,1.015401635,841802.8469,892568.6475,841802.8469,892568.6475,954030.9119,1249292.847,252.9429503,268.4890621,184.1818439,223.0689741,253.3774888,265.5111524
NEX-000186,bc610c04b238722877a4f4564512f98d1d65e775eca1ab8994e5859084af2275,fa14d3baebec9cfed267c45c2afd027d7eab2ade4f889fa7ade5928eb9247453,45;45;-45;0;90;-45;-45;90;0;-45;45;45,12,2.19456,3.4674048,IM7_8552_NCAMP_RTD_MEASURED_V1,F0_CLT,train,True,True,2,90,0.1666666667,True,2,4,4,2,4.30636606e-17,-0.3333333333,1.110223025e-16,-4.082155997e-17,0.05555555556,-0.7592592593,0.5277777778,5.669661107e-17,134770602.4,60221404.12,7.450580597e-09,134770602.4,1.11758709e-08,64260146.46,50.93686284,31.08875524,17.89470019,43.40225224,17.89470019,32.70966867,49.14927964,49.14927964,29.2815628,0.4468437704,1.273421571,1.085056306,841802.8469,892568.6475,841802.8469,892568.6475,954030.9119,1249292.847,265.8569598,299.8810197,212.0031848,263.6980097,235.1741737,244.822865
NEX-000187,eaf99df0a1fc54483fa14a017753c894e696666a981becc97ab41e0efa042995,b216d9ba5ccfa06827efbf0769cd1bfd4f373de34f3af23aaaea7add8a17f4d7,45;45;-45;90;-45;0;0;-45;90;-45;45;45,12,2.19456,3.4674048,IM7_8552_NCAMP_RTD_MEASURED_V1,F0_CLT,validation,True,True,2,90,0.1666666667,True,2,4,4,2,-1.244749063e-17,-0.3333333333,5.551115123e-17,-4.082155997e-17,-0.08333333333,-0.8148148148,0.5,3.968762775e-17,134770602.4,60221404.12,3.725290298e-09,134770602.4,7.450580597e-09,64260146.46,40.61606541,31.99128942,16.95287386,51.91798132,16.95287386,33.61220284,49.14927964,49.14927964,29.2815628,0.4468437704,1.015401635,1.297949533,841802.8469,892568.6475,841802.8469,892568.6475,954030.9119,1249292.847,184.1818439,223.0689741,252.9429503,268.4890621,253.3774888,265.5111524
NEX-000188,61e07f7e7a3d1ec2b16268459dcda9ebf8f4277426d4b5c72ec50d492af30182,a08d789e7249ccfca0f02dd1992e7952dace9d469dd8b40eeb8b65548275f80b,45;45;-45;90;0;-45;-45;0;90;-45;45;45,12,2.19456,3.4674048,IM7_8552_NCAMP_RTD_MEASURED_V1,F0_CLT,train,True,True,2,90,0.1666666667,True,2,4,4,2,4.30636606e-17,-0.3333333333,1.110223025e-16,-4.082155997e-17,-0.05555555556,-0.7592592593,0.5277777778,4.308942441e-17,134770602.4,60221404.12,7.450580597e-09,134770602.4,1.11758709e-08,64260146.46,43.40225224,31.08875524,17.89470019,50.93686284,17.89470019,32.70966867,49.14927964,49.14927964,29.2815628,0.4468437704,1.085056306,1.273421571,841802.8469,892568.6475,841802.8469,892568.6475,954030.9119,1249292.847,212.0031848,263.6980097,265.8569598,299.8810197,235.1741737,244.822865
NEX-000189,d38cf3530abdc588cb4f01fc026aacdeaf972ca04f6a5258a4cd9a325e290aa2,590021cf9c9bddc888c95fca25cfba1f0ab66c2fa114bc114fe1f16c6352f007,45;45;0;-45;-45;90;90;-45;-45;0;45;45,12,2.19456,3.4674048,IM7_8552_NCAMP_RTD_MEASURED_V1,F0_CLT,validation,True,True,2,45,0.1666666667,True,2,4,4,2,2.40831778e-17,-0.3333333333,0,-4.082155997e-17,0.1666666667,-0.6481481481,0.5833333333,7.030379773e-17,134770602.4,60221404.12,0,134770602.4,3.725290298e-09,64260146.46,60.2765418,29.28368689,19.77835284,37.67270999,19.77835284,30.90460031,49.14927964,49.14927964,29.2815628,0.4468437704,1.506913545,0.9418177497,841802.8469,892568.6475,841802.8469,892568.6475,954030.9119,1249292.847,350.1908703,389.2175322,164.5915896,209.7690905,177.3776415,183.8592739
NEX-000190,2165bbc93a3d23d608c32c0c704ab1b3023ffbafd098ea1f42878b6f8796fba9,7cd17a00568fa615255c0541eebf99be1e8d2f02ae173f393a1f4d27a00cc3e6,45;45;0;-45;90;-45;-45;90;-45;0;45;45,12,2.19456,3.4674048,IM7_8552_NCAMP_RTD_MEASURED_V1,F0_CLT,train,True,True,2,45,0.1666666667,True,2,4,4,2,-3.672397815e-18,-0.3333333333,5.551115123e-17,-4.082155997e-17,0.1388888889,-0.5925925926,0.6111111111,6.690200106e-17,134770602.4,60221404.12,3.725290298e-09,134770602.4,7.450580597e-09,64260146.46,59.29542333,28.38115271,20.72017917,40.45889682,20.72017917,30.00206613,49.14927964,49.14927964,29.2815628,0.4468437704,1.482385583,1.01147242,841802.8469,892568.6475,841802.8469,892568.6475,954030.9119,1249292.847,347.0137606,430.9669041,180.3615544,229.2153731,163.148934,168.062207
NEX-000191,506122db72c1dd52b116432a0ca5859f41a9d4bd6054ea68cd5f24d0de480d11,76323a83b86d5ca8cc8ae1dee43b3fe5b99410ac8e321e08a61257366c627864,45;45;90;-45;-45;0;0;-45;-45;90;45;45,12,2.19456,3.4674048,IM7_8552_NCAMP_RTD_MEASURED_V1,F0_CLT,train,True,True,2,45,0.1666666667,True,2,4,4,2,2.40831778e-17,-0.3333333333,0,-4.082155997e-17,-0.1666666667,-0.6481481481,0.5833333333,2.948223776e-17,134770602.4,60221404.12,0,134770602.4,3.725290298e-09,64260146.46,37.67270999,29.28368689,19.77835284,60.2765418,19.77835284,30.90460031,49.14927964,49.14927964,29.2815628,0.4468437704,0.9418177497,1.506913545,841802.8469,892568.6475,841802.8469,892568.6475,954030.9119,1249292.847,164.5915896,209.7690905,350.1908703,389.2175322,177.3776415,183.8592739
NEX-000192,d0939c9ea64bfd23002fa4d28279b684c373648a3cb07314c1b7bc2246a77b25,c6dc65235fdf69fc7c977503f2fde89016d9651337397f36d39f6a1c500e10b7,45;45;90;-45;0;-45;-45;0;-45;90;45;45,12,2.19456,3.4674048,IM7_8552_NCAMP_RTD_MEASURED_V1,F0_CLT,validation,True,True,2,45,0.1666666667,True,2,4,4,2,7.959432903e-17,-0.3333333333,5.551115123e-17,-4.082155997e-17,-0.1388888889,-0.5925925926,0.6111111111,3.288403442e-17,134770602.4,60221404.12,3.725290298e-09,134770602.4,7.450580597e-09,64260146.46,40.45889682,28.38115271,20.72017917,59.29542333,20.72017917,30.00206613,49.14927964,49.14927964,29.2815628,0.4468437704,1.01147242,1.482385583,841802.8469,892568.6475,841802.8469,892568.6475,954030.9119,1249292.847,180.3615544,229.2153731,347.0137606,430.9669041,163.148934,168.062207
NEX-000193,a7534c7d2c0d49d6fb3351cfa4e3029d543540f5dc550b9a60da674e3596a2c9,d965e5b435efc28fc394684d00af04240546129163eae9d19989e95b2e7b51ff,45;90;-45;-45;0;45;45;0;-45;-45;90;45,12,2.19456,3.4674048,IM7_8552_NCAMP_RTD_MEASURED_V1,F0_CLT,train,True,True,2,45,0.1666666667,True,2,4,4,2,1.161249975e-16,-0.3333333333,1.249000903e-16,-4.082155997e-17,-0.25,-0.3703703704,0.1666666667,-4.875908552e-17,134770602.4,60221404.12,8.381903172e-09,134770602.4,1.210719347e-08,64260146.46,36.53442292,24.771016,5.650957954,70.44017065,5.650957954,26.39192942,49.14927964,49.14927964,29.2815628,0.4468437704,0.913360573,1.761004266,841802.8469,892568.6475,841802.8469,892568.6475,954030.9119,1249292.847,229.790976,237.794565,526.1459582,568.7868142,309.7389535,365.5974344
NEX-000194,57203941242bcb41611cd85ebe2a66474ec1cda6e68fef5a9d1b406eef808910,45bec85376f5ca0cdefc89efc509713334fc2e4f560f9d8d7073cceea4642345,45;90;-45;-45;45;0;0;45;-45;-45;90;45,12,2.19456,3.4674048,IM7_8552_NCAMP_RTD_MEASURED_V1,F0_CLT,train,True,True,2,90,0.1666666667,True,2,4,4,2,6.061384623e-17,-0.3333333333,1.665334537e-16,-4.082155997e-17,-0.2777777778,-0.4259259259,0.1944444444,-4.535728886e-17,134770602.4,60221404.12,1.210719347e-08,134770602.4,1.583248377e-08,64260146.46,33.74823609,25.67355018,6.59278428,71.42128912,6.59278428,27.2944636,49.14927964,49.14927964,29.2815628,0.4468437704,0.8437059023,1.785532228,841802.8469,892568.6475,841802.8469,892568.6475,954030.9119,1249292.847,200.7727436,208.0425651,502.8387323,524.7215641,306.630098,353.7029166
NEX-000195,a02299f016c1eddcb014ccf62ad2c5f349e48d11c33504cfa66a13343af4df93,75790ec4c35100194497e2a0ade4abb8ad114170768e45a5523d6ade2559ee2a,45;90;-45;0;-45;45;45;-45;0;-45;90;45,12,2.19456,3.4674048,IM7_8552_NCAMP_RTD_MEASURED_V1,F0_CLT,train,True,True,2,90,0.1666666667,True,2,4,4,2,1.161249975e-16,-0.3333333333,1.249000903e-16,-4.082155997e-17,-0.1944444444,-0.2592592593,0.2222222222,-4.195549219e-17,134770602.4,60221404.12,8.381903172e-09,134770602.4,1.210719347e-08,64260146.46,42.10679658,22.96594764,7.534610606,68.4779337,7.534610606,24.58686107,49.14927964,49.14927964,29.2815628,0.4468437704,1.052669914,1.711948342,841802.8469,892568.6475,841802.8469,892568.6475,954030.9119,1249292.847,278.8716133,287.5553111,536.3415767,646.7131555,271.9645456,311.9955462
NEX-000196,27346ace2b13587992c5859b4cc47e22ae47c51ef80ae6a2b1df8a57dcb674f0,5d8c7084d60806e044ebb1f609d01db0d84a303c67c5716c3f3c84e8d7822ca5,45;90;-45;0;0;90;90;0;0;-45;90;45,12,2.19456,3.4674048,IM7_8552_NCAMP_RTD_MEASURED_V1,F0_CLT,train,True,True,2,90,0.1666666667,True,4,2,2,4,1.438805731e-16,0.3333333333,1.804112415e-16,-8.164311994e-17,-0.1666666667,-0.1851851852,0.25,-3.968762775e-17,161756149.7,33235856.8,1.210719347e-08,161756149.7,1.955777407e-08,37274599.14,45.19382813,21.76256874,8.476436932,67.79765995,8.476436932,23.38348217,70.59602611,70.59602611,16.98499888,0.2054688917,1.129845703,1.694941499,1164122.133,1177471.644,1164122.133,1177471.644,553393.0713,724662.0598,305.3447749,314.0792873,530.9958653,660.7093906,249.5574287,282.7018666
NEX-000197,ac07c167df8c1188939123de0d9e39e0bcc9d698405cc5b8e22bfcb469fdd507,e5522100b6d5e8be05a9672f5b6d22fdb9ca75a94552921025d0473deaad66a0,45;90;-45;0;45;-45;-45;45;0;-45;90;45,12,2.19456,3.4674048,IM7_8552_NCAMP_RTD_MEASURED_V1,F0_CLT,train,True,True,2,90,0.1666666667,True,2,4,4,2,1.161249975e-16,-0.3333333333,2.081668171e-16,-4.082155997e-17,-0.1944444444,-0.2592592593,0.2777777778,-3.515189886e-17,134770602.4,60221404.12,1.583248377e-08,134770602.4,1.955777407e-08,64260146.46,42.10679658,22.96594764,9.418263257,68.4779337,9.418263257,24.58686107,49.14927964,49.14927964,29.2815628,0.4468437704,1.052669914,1.711948342,841802.8469,892568.6475,841802.8469,892568.6475,954030.9119,1249292.847,272.4108014,280.7954466,526.417335,646.2140321,251.2126585,280.1878849
NEX-000198,be639e195e5a9fda990d62706731701cbaee2b4b3c36149a520453e7dccfbe47,8aa06edc998f8615cb39e2d0ec1f039debf3a7d64e639d65bad8550b3e2f8a4e,45;90;-45;0;90;0;0;90;0;-45;90;45,12,2.19456,3.4674048,IM7_8552_NCAMP_RTD_MEASURED_V1,F0_CLT,train,True,True,2,90,0.1666666667,True,4,2,2,4,6.061384623e-17,0.3333333333,1.804112415e-16,-8.164311994e-17,-0.2222222222,-0.1851851852,0.25,-4.649122108e-17,161756149.7,33235856.8,1.210719347e-08,161756149.7,1.955777407e-08,37274599.14,41.42652283,21.76256874,8.476436932,71.56496525,8.476436932,23.38348217,70.59602611,70.59602611,16.98499888,0.2054688917,1.035663071,1.789124131,1164122.133,1177471.644,1164122.133,1177471.644,553393.0713,724662.0598,275.6267676,282.8365948,566.1937969,695.814131,246.670351,278.312188
NEX-000199,728fd45ca9372e211eb1d2f4f50f8bbcb09ac856cb30e45fce86ac9a339b5749,8894277910e2c8a916f7a798bfce4d08de8f014f76f150e3d500570423d2d9df,45;90;-45;45;-45;0;0;-45;45;-45;90;45,12,2.19456,3.4674048,IM7_8552_NCAMP_RTD_MEASURED_V1,F0_CLT,train,True,True,2,90,0.1666666667,True,2,4,4,2,6.061384623e-17,-0.3333333333,1.665334537e-16,-4.082155997e-17,-0.2777777778,-0.4259259259,0.3055555556,-3.17501022e-17,134770602.4,60221404.12,1.210719347e-08,134770602.4,1.583248377e-08,64260146.46,33.74823609,25.67355018,10.36008958,71.42128912,10.36008958,27.2944636,49.14927964,49.14927964,29.2815628,0.4468437704,0.8437059023,1.785532228,841802.8469,892568.6475,841802.8469,892568.6475,954030.9119,1249292.847,190.7466273,197.3886161,500.5273118,529.0711848,257.6539873,281.7907049
NEX-000200,94de5c3895c5d336fc3213944619d6e9805041e59aa6df12567393159b80af12,8ecc3fcba7b43096174eb9ebac99b9439dea2f9a3d62e4e5a11ab3bfa00e6803,45;90;-45;45;0;-45;-45;0;45;-45;90;45,12,2.19456,3.4674048,IM7_8552_NCAMP_RTD_MEASURED_V1,F0_CLT,train,True,True,2,90,0.1666666667,True,2,4,4,2,1.161249975e-16,-0.3333333333,2.081668171e-16,-4.082155997e-17,-0.25,-0.3703703704,0.3333333333,-2.834830554e-17,134770602.4,60221404.12,1.583248377e-08,134770602.4,1.955777407e-08,64260146.46,36.53442292,24.771016,11.30191591,70.44017065,11.30191591,26.39192942,49.14927964,49.14927964,29.2815628,0.4468437704,0.913360573,1.761004266,841802.8469,892568.6475,841802.8469,892568.6475,954030.9119,1249292.847,213.3674304,220.4284056,514.7474015,577.2246544,241.2443296,261.9793273
NEX-000201,9724a53c704b81b1c4f35eea997e434884aab435e5cfba8ebc2775430d179cb6,54df2be7aa9a246c8a7ccfc9360f5e24848fd55ca0374b1fb4a2ff18d02387d2,45;90;-45;90;0;90;90;0;90;-45;90;45,12,2.19456,3.4674048,IM7_8552_NCAMP_RTD_MEASURED_V1,F0_CLT,train,True,True,2,90,0.1666666667,True,2,2,2,6,-0.3333333333,0.3333333333,2.081668171e-16,-1.224646799e-16,-0.3425925926,-0.1851851852,0.25,-6.123233996e-17,105435404.2,33235856.8,1.210719347e-08,218076895.3,2.235174179e-08,37274599.14,33.26402801,21.76256874,8.476436932,79.72746008,8.476436932,23.38348217,45.73587263,94.59760869,16.98499888,0.1524043011,0.8316007001,1.993186502,744749.3098,749390.3288,1593680.892,1638570.662,553393.0713,724662.0598,211.1853794,215.8613751,634.1554826,712.2382186,235.9596744,262.7800251
NEX-000202,adb5d230f23dcb025a19dcf2960cc433b37c236f40a5952a34d9bbaf63afc3b2,60204207b6857b65c28848d311163e33ebb67fc8e5b98a5397a2af34d00f36e1,45;90;-45;90;90;0;0;90;90;-45;90;45,12,2.19456,3.4674048,IM7_8552_NCAMP_RTD_MEASURED_V1,F0_CLT,test,True,True,2,90,0.1666666667,True,2,2,2,6,-0.3333333333,0.3333333333,2.081668171e-16,-1.224646799e-16,-0.3981481481,-0.1851851852,0.25,-6.803593329e-17,105435404.2,33235856.8,1.210719347e-08,218076895.3,2.235174179e-08,37274599.14,29.4967227,21.76256874,8.476436932,83.49476538,8.476436932,23.38348217,45.73587263,94.59760869,16.98499888,0.1524043011,0.7374180676,2.087369134,744749.3098,749390.3288,1593680.892,1638570.662,553393.0713,724662.0598,181.4511037,185.2110504,653.5223181,697.3965894,227.9795256,251.8671995
NEX-000203,e8bcbc0e9be620fce3af5b32d5bd33ff84f8d0a67b27d6e5fff4c9c8dff3fb41,9366ea698aa332a2301a6527b5a2b17cddd50b21bf68555b7eba011dbd11747f,45;90;0;-45;-45;45;45;-45;-45;0;90;45,12,2.19456,3.4674048,IM7_8552_NCAMP_RTD_MEASURED_V1,F0_CLT,train,True,True,2,90,0.1666666667,True,2,4,4,2,8.836942184e-17,-0.3333333333,8.326672685e-17,-4.082155997e-17,-0.1111111111,-0.09259259259,0.3055555556,-3.17501022e-17,134770602.4,60221404.12,4.656612873e-09,134770602.4,8.381903172e-09,64260146.46,50.46535706,20.25834511,10.36008958,65.53457828,10.36008958,21.87925854,49.14927964,49.14927964,29.2815628,0.4468437704,1.261633927,1.638364457,841802.8469,892568.6475,841802.8469,892568.6475,954030.9119,1249292.847,342.6682222,352.044405,488.697589,602.9534494,214.8122265,237.8432365
NEX-000204,a72d48374191d998a26ec37e4f72e5ac5bb02b3b14de23a4c6d25e71d39a5f1a,eb32b5698513196724b42c1f39581b574e2f79e6d29381affcd6ef7708e2015b,45;90;0;-45;0;90;90;0;-45;0;90;45,12,2.19456,3.4674048,IM7_8552_NCAMP_RTD_MEASURED_V1,F0_CLT,train,True,True,2,90,0.1666666667,True,4,2,2,4,1.022472097e-16,0.3333333333,1.387778781e-16,-8.164311994e-17,-0.08333333333,-0.01851851852,0.3333333333,-2.948223776e-17,161756149.7,33235856.8,8.381903172e-09,161756149.7,1.583248377e-08,37274599.14,53.55238862,19.05496621,11.30191591,64.85430453,11.30191591,20.67587963,70.59602611,70.59602611,16.98499888,0.2054688917,1.338809715,1.621357613,1164122.133,1177471.644,1164122.133,1177471.644,553393.0713,724662.0598,360.804185,372.029899,461.4389293,580.8069625,192.3130536,210.7672624
NEX-000205,35c0a8f06236eb06e0a5caf492253268b6294c471d427544f1526a2a91c2c393,fecd9828573b4463c6e9b79c34ea387d42183c38bbd5cb493fc1032264bc46a1,45;90;0;-45;45;-45;-45;45;-45;0;90;45,12,2.19456,3.4674048,IM7_8552_NCAMP_RTD_MEASURED_V1,F0_CLT,test,True,True,2,90,0.1666666667,True,2,4,4,2,8.836942184e-17,-0.3333333333,1.665334537e-16,-4.082155997e-17,-0.1111111111,-0.09259259259,0.3611111111,-2.494650887e-17,134770602.4,60221404.12,1.210719347e-08,134770602.4,1.583248377e-08,64260146.46,50.46535706,20.25834511,12.24374223,65.53457828,12.24374223,21.87925854,49.14927964,49.14927964,29.2815628,0.4468437704,1.261633927,1.638364457,841802.8469,892568.6475,841802.8469,892568.6475,954030.9119,1249292.847,329.2056092,339.6827687,464.4948091,587.0945955,194.5249482,210.9065803
NEX-000206,4ecfba205646554071261aa56fff07aca4c436d6afe3decd9cd27548699b3c28,afadb34b96fa52376275975787a6532a7ae51f441b39eeb47a9531caad181297,45;90;0;-45;90;0;0;90;-45;0;90;45,12,2.19456,3.4674048,IM7_8552_NCAMP_RTD_MEASURED_V1,F0_CLT,train,True,True,2,90,0.1666666667,True,4,2,2,4,1.89804828e-17,0.3333333333,1.387778781e-16,-8.164311994e-17,-0.1388888889,-0.01851851852,0.3333333333,-3.628583109e-17,161756149.7,33235856.8,8.381903172e-09,161756149.7,1.583248377e-08,37274599.14,49.78508332,19.05496621,11.30191591,68.62160983,11.30191591,20.67587963,70.59602611,70.59602611,16.98499888,0.2054688917,1.244627083,1.715540246,1164122.133,1177471.644,1164122.133,1177471.644,553393.0713,724662.0598,328.910267,340.4619011,497.2139093,628.3289556,190.6903985,208.6287785
NEX-000207,b752af0a55d08d7347a5a6a3671c1991c43b100eb9ee6f282a58f00ee474bebb,e15c1815f6eb21846069bc79a16794458fde4894f0be7092904827229ddfa717,45;90;0;0;-45;0;0;-45;0;0;90;45,12,2.19456,3.4674048,IM7_8552_NCAMP_RTD_MEASURED_V1,F0_CLT,validation,True,True,2,90,0.1666666667,True,6,2,2,2,0.3333333333,0.3333333333,1.249000903e-16,-4.082155997e-17,-0.01851851852,0.09259259259,0.3888888889,-2.154471221e-17,218076895.3,33235856.8,8.381903172e-09,105435404.2,1.210719347e-08,37274599.14,59.75264649,17.24989785,13.18556856,62.26418336,13.18556856,18.87081128,94.59760869,45.73587263,16.98499888,0.3152248247,1.493816162,1.556604584,1593680.892,1638570.662,744749.3098,749390.3288,553393.0713,724662.0598,366.603916,402.6026626,386.8550074,444.5212909,153.9841278,165.7039551
NEX-000208,5fd8762104efe725261010f96ca850da3df2434b2e650ce2e66359ae56825040,eb76704a2c9e5ee2c0c4f8d5ff31752df8df47fdd9ef9c959468d9b2ff6b1f06,45;90;0;0;-45;90;90;-45;0;0;90;45,12,2.19456,3.4674048,IM7_8552_NCAMP_RTD_MEASURED_V1,F0_CLT,train,True,True,2,90,0.1666666667,True,4,2,2,4,1.022472097e-16,0.3333333333,1.387778781e-16,-8.164311994e-17,-0.02777777778,0.09259259259,0.3888888889,-2.267864443e-17,161756149.7,33235856.8,8.381903172e-09,161756149.7,1.583248377e-08,37274599.14,59.12476228,17.24989785,13.18556856,62.89206758,13.18556856,18.87081128,70.59602611,70.59602611,16.98499888,0.2054688917,1.478119057,1.572301689,1164122.133,1177471.644,1164122.133,1177471.644,553393.0713,724662.0598,361.5932947,397.3599662,391.9738884,450.8466764,153.9293644,165.6369816
NEX-000209,fbd1787553f1c62ae8f6083c1df48c3aba49ac0843eadea023d0e2ea677673c1,b3fe98f00b163f08f87fccd0eee0c2ee12613eaa418a1e1be0cd8baffae623c0,45;90;0;0;0;-45;-45;0;0;0;90;45,12,2.19456,3.4674048,IM7_8552_NCAMP_RTD_MEASURED_V1,F0_CLT,train,True,True,3,90,0.1666666667,True,6,2,2,2,0.3333333333,0.3333333333,1.665334537e-16,-4.082155997e-17,0.009259259259,0.1481481481,0.4166666667,-1.814291554e-17,218076895.3,33235856.8,1.210719347e-08,105435404.2,1.583248377e-08,37274599.14,62.53883332,16.34736368,14.12739489,61.28306489,14.12739489,17.9682771,94.59760869,45.73587263,16.98499888,0.3152248247,1.563470833,1.532076622,1593680.892,1638570.662,744749.3098,749390.3288,553393.0713,724662.0598,356.72453,397.0110079,347.3669041,386.2178052,134.7135577,143.7826601
NEX-000210,02ea5de1de0eab14b73756b18d8f324218a459c5a51a544c1d3422455aa4200a,5f9cbd10e4fb5db84712aa1870862aead69159fd0e0189a480abdd3daf82bad8,45;90;0;0;90;-45;-45;90;0;0;90;45,12,2.19456,3.4674048,IM7_8552_NCAMP_RTD_MEASURED_V1,F0_CLT,train,True,True,2,90,0.1666666667,True,4,2,2,4,7.449163404e-17,0.3333333333,1.942890293e-16,-8.164311994e-17,-0.05555555556,0.1481481481,0.4166666667,-2.608044109e-17,161756149.7,33235856.8,1.210719347e-08,161756149.7,1.955777407e-08,37274599.14,58.1436438,16.34736368,14.12739489,65.67825441,14.12739489,17.9682771,70.59602611,70.59602611,16.98499888,0.2054688917,1.453591095,1.64195636,1164122.133,1177471.644,1164122.133,1177471.644,553393.0713,724662.0598,324.2217407,359.6844126,380.4084321,424.5246803,134.3327399,143.3329128
NEX-000211,1ed22a6188a48151555f89d088c28c9a00c8137f2447f5e70a4a8a4b3513f30c,0d631dedb79a3f8408c6b598871bbd97370c6f42d9e9c75f1d0c5e3fd98cd1f7,45;90;0;90;-45;0;0;-45;90;0;90;45,12,2.19456,3.4674048,IM7_8552_NCAMP_RTD_MEASURED_V1,F0_CLT,train,True,True,2,90,0.1666666667,True,4,2,2,4,1.89804828e-17,0.3333333333,1.526556659e-16,-8.164311994e-17,-0.1944444444,0.09259259259,0.3888888889,-4.308942441e-17,161756149.7,33235856.8,8.381903172e-09,161756149.7,1.583248377e-08,37274599.14,47.82284637,17.24989785,13.18556856,74.19398349,13.18556856,18.87081128,70.59602611,70.59602611,16.98499888,0.2054688917,1.195571159,1.854849587,1164122.133,1177471.644,1164122.133,1177471.644,553393.0713,724662.0598,274.1705104,304.239089,489.3813529,577.2878346,148.9982875,159.6682461
NEX-000212,f326b836d30479981233619fdc39608c0fa04ed25a5a878ee188ffc4bb5cf439,f5a92d8cb73bbe9e787abbd8aa65634cd2a1844458773f79099a21a96809e4cc,45;90;0;90;-45;90;90;-45;90;0;90;45,12,2.19456,3.4674048,IM7_8552_NCAMP_RTD_MEASURED_V1,F0_CLT,train,True,True,2,90,0.1666666667,True,2,2,2,6,-0.3333333333,0.3333333333,1.665334537e-16,-1.224646799e-16,-0.2037037037,0.09259259259,0.3888888889,-4.422335664e-17,105435404.2,33235856.8,8.381903172e-09,218076895.3,1.955777407e-08,37274599.14,47.19496215,17.24989785,13.18556856,74.8218677,13.18556856,18.87081128,45.73587263,94.59760869,16.98499888,0.1524043011,1.179874054,1.870546693,744749.3098,749390.3288,1593680.892,1638570.662,553393.0713,724662.0598,269.4377319,299.1212201,495.1807351,585.3046493,148.4850166,159.0537365
NEX-000213,ea4628c56787a7a2fceafdebf20ee0256d784812955185e292ded9d195069536,eee3dd1c13de377e2910d05a92dd23deb8cedbb5cbd5ad826f915cd29696baa0,45;90;0;90;0;-45;-45;0;90;0;90;45,12,2.19456,3.4674048,IM7_8552_NCAMP_RTD_MEASURED_V1,F0_CLT,validation,True,True,2,90,0.1666666667,True,4,2,2,4,7.449163404e-17,0.3333333333,1.942890293e-16,-8.164311994e-17,-0.1666666667,0.1481481481,0.4166666667,-3.968762775e-17,161756149.7,33235856.8,1.210719347e-08,161756149.7,1.955777407e-08,37274599.14,50.6090332,16.34736368,14.12739489,73.21286501,14.12739489,17.9682771,70.59602611,70.59602611,16.98499888,0.2054688917,1.26522583,1.830321625,1164122.133,1177471.644,1164122.133,1177471.644,553393.0713,724662.0598,269.8394729,298.0751009,439.4642103,494.7274984,131.1106301,139.5524633
NEX-000214,fbf84c28623a6039e805535d0ee7208e3161a3a9eb95aa3663168e9492d5435d,ea6487454fa64bf1480af718d906dbeb82f98942d52222b25e88c80118462f1b,45;90;0;90;90;-45;-45;90;90;0;90;45,12,2.19456,3.4674048,IM7_8552_NCAMP_RTD_MEASURED_V1,F0_CLT,validation,True,True,2,90,0.1666666667,True,2,2,2,6,-0.3333333333,0.3333333333,2.220446049e-16,-1.224646799e-16,-0.2314814815,0.1481481481,0.4166666667,-4.76251533e-17,105435404.2,33235856.8,1.210719347e-08,218076895.3,2.328306437e-08,37274599.14,46.21384368,16.34736368,14.12739489,77.60805453,14.12739489,17.9682771,45.73587263,94.59760869,16.98499888,0.1524043011,1.155346092,1.940201363,744749.3098,749390.3288,1593680.892,1638570.662,553393.0713,724662.0598,238.7008645,263.1543315,475.9945625,539.7695393,127.5664321,135.4430814
NEX-000215,0c91614754395ae7358f73762d96cf4c41e8287a97bd2435aec336357380d986,24bd72d12f2e8efb625ab64d01fd3450cffec99485de656cc616a472326a9184,45;90;45;-45;-45;0;0;-45;-45;45;90;45,12,2.19456,3.4674048,IM7_8552_NCAMP_RTD_MEASURED_V1,F0_CLT,validation,True,True,2,90,0.1666666667,True,2,4,4,2,6.061384623e-17,-0.3333333333,6.938893904e-17,-4.082155997e-17,-0.2777777778,-0.4259259259,0.4722222222,-1.133932221e-17,134770602.4,60221404.12,3.725290298e-09,134770602.4,7.450580597e-09,64260146.46,33.74823609,25.67355018,16.01104754,71.42128912,16.01104754,27.2944636,49.14927964,49.14927964,29.2815628,0.4468437704,0.8437059023,1.785532228,841802.8469,892568.6475,841802.8469,892568.6475,954030.9119,1249292.847,164.6676034,170.1979306,491.6866914,543.1162159,179.8081563,188.868789
NEX-000216,bf45c25ce30761a4934c76bed827e5308d6b0a9ba210e6c747679a8f5d69f320,49e333e8b52862ba95697acaf5a1112781816d29d4a15514befe86c71a5572e0,45;90;45;-45;0;-45;-45;0;-45;45;90;45,12,2.19456,3.4674048,IM7_8552_NCAMP_RTD_MEASURED_V1,F0_CLT,train,True,True,2,90,0.1666666667,True,2,4,4,2,1.161249975e-16,-0.3333333333,1.249000903e-16,-4.082155997e-17,-0.25,-0.3703703704,0.5,-7.93752555e-18,134770602.4,60221404.12,7.450580597e-09,134770602.4,1.11758709e-08,64260146.46,36.53442292,24.771016,16.95287386,70.44017065,16.95287386,26.39192942,49.14927964,49.14927964,29.2815628,0.4468437704,0.913360573,1.761004266,841802.8469,892568.6475,841802.8469,892568.6475,954030.9119,1249292.847,178.7019578,188.010917,486.0805376,598.1756639,166.5509915,173.9984244
NEX-000217,dce886a2cefe297ad591451339b5dc86447a8d18b251f78dda9ee9e14746b82b,248b8ae74684e742476a1d48623f943d59edd2355ffac0dab382c6602dc786de,45;90;90;-45;0;90;90;0;-45;90;90;45,12,2.19456,3.4674048,IM7_8552_NCAMP_RTD_MEASURED_V1,F0_CLT,train,True,True,2,90,0.1666666667,True,2,2,2,6,-0.3333333333,0.3333333333,1.665334537e-16,-1.224646799e-16,-0.4259259259,-0.01851851852,0.3333333333,-7.143772995e-17,105435404.2,33235856.8,8.381903172e-09,218076895.3,1.955777407e-08,37274599.14,30.32067258,19.05496621,11.30191591,88.08602056,11.30191591,20.67587963,45.73587263,94.59760869,16.98499888,0.1524043011,0.7580168146,2.202150514,744749.3098,749390.3288,1593680.892,1638570.662,553393.0713,724662.0598,172.1059738,180.889665,707.6259571,867.061046,163.4059561,174.9885564
NEX-000218,9f0c7fe21d0ef59cd05ed39cfce35dc1c6361925ccbd33394b4b3009622240b3,2e6648604776b0cdddb8c7078a8b66399996f0d4e43f8fd081da462abce07694,45;90;90;-45;90;0;0;90;-45;90;90;45,12,2.19456,3.4674048,IM7_8552_NCAMP_RTD_MEASURED_V1,F0_CLT,train,True,True,2,90,0.1666666667,True,2,2,2,6,-0.3333333333,0.3333333333,1.665334537e-16,-1.224646799e-16,-0.4814814815,-0.01851851852,0.3333333333,-7.824132328e-17,105435404.2,33235856.8,8.381903172e-09,218076895.3,1.955777407e-08,37274599.14,26.55336728,19.05496621,11.30191591,91.85332586,11.30191591,20.67587963,45.73587263,94.59760869,16.98499888,0.1524043011,0.663834182,2.296333147,744749.3098,749390.3288,1593680.892,1638570.662,553393.0713,724662.0598,142.8333521,150.4617818,745.4039593,841.7795134,151.9383674,161.8534167
NEX-000219,d31b7e688a15babecf104ee328d3657fc3ab356e17e29438eba9db4a00e404ae,7eb43e3268daadf7d78cff2acdc1ed34951555667dbd3a153ecf3ba512377c61,45;90;90;0;-45;0;0;-45;0;90;90;45,12,2.19456,3.4674048,IM7_8552_NCAMP_RTD_MEASURED_V1,F0_CLT,train,True,True,2,90,0.1666666667,True,4,2,2,4,8.836942184e-17,0.3333333333,1.526556659e-16,-8.164311994e-17,-0.3611111111,0.09259259259,0.3888888889,-6.35002044e-17,161756149.7,33235856.8,8.381903172e-09,161756149.7,1.583248377e-08,37274599.14,36.52093046,17.24989785,13.18556856,85.4958994,13.18556856,18.87081128,70.59602611,70.59602611,16.98499888,0.2054688917,0.9130232615,2.137397485,1164122.133,1177471.644,1164122.133,1177471.644,553393.0713,724662.0598,190.378737,212.737455,604.8445696,756.3170606,134.7113177,142.9833361
NEX-000220,7941be4bf9de3a5235f472f1b78e371f2f6e8be5b2cfbb9914b294e8f541866b,f7a23dd701f800fa73ef378618f5b3a7c584866dc6ac273a7963c1e4c3b76d25,45;90;90;0;-45;90;90;-45;0;90;90;45,12,2.19456,3.4674048,IM7_8552_NCAMP_RTD_MEASURED_V1,F0_CLT,train,True,True,2,90,0.1666666667,True,2,2,2,6,-0.3333333333,0.3333333333,1.665334537e-16,-1.224646799e-16,-0.3703703704,0.09259259259,0.3888888889,-6.463413662e-17,105435404.2,33235856.8,8.381903172e-09,218076895.3,1.955777407e-08,37274599.14,35.89304624,17.24989785,13.18556856,86.12378361,13.18556856,18.87081128,45.73587263,94.59760869,16.98499888,0.1524043011,0.897326156,2.15309459,744749.3098,749390.3288,1593680.892,1638570.662,553393.0713,724662.0598,185.7974979,207.6866777,612.2016094,769.7265073,133.5411261,141.6516426
NEX-000221,4d0d7fc63528eb270594a89143fa2ecd5bdcf3e1e633f1cf0c173d72da5fafd6,c69a0c43369b864fe98fc12c091431b0325a2946aef27b5bd793b4bdfdc9c3a2,45;90;90;0;0;-45;-45;0;0;90;90;45,12,2.19456,3.4674048,IM7_8552_NCAMP_RTD_MEASURED_V1,F0_CLT,train,True,True,2,90,0.1666666667,True,4,2,2,4,1.438805731e-16,0.3333333333,1.942890293e-16,-8.164311994e-17,-0.3333333333,0.1481481481,0.4166666667,-6.009840774e-17,161756149.7,33235856.8,1.210719347e-08,161756149.7,1.955777407e-08,37274599.14,39.30711729,16.34736368,14.12739489,84.51478092,14.12739489,17.9682771,70.59602611,70.59602611,16.98499888,0.2054688917,0.9826779322,2.112869523,1164122.133,1177471.644,1164122.133,1177471.644,553393.0713,724662.0598,190.411036,209.3755714,538.6203437,621.6352395,118.9521628,125.6477012
NEX-000222,dc0034c6f33d7a6f00715a2ae813dfb0b9121d34e757217ccc848df47df59fba,520a4798f4f7e48d7a78446699eedb36f720a5f879a6c263b8ef2e499528a681,45;90;90;0;90;-45;-45;90;0;90;90;45,12,2.19456,3.4674048,IM7_8552_NCAMP_RTD_MEASURED_V1,F0_CLT,train,True,True,2,90,0.1666666667,True,2,2,2,6,-0.3333333333,0.3333333333,2.220446049e-16,-1.224646799e-16,-0.3981481481,0.1481481481,0.4166666667,-6.803593329e-17,105435404.2,33235856.8,1.210719347e-08,218076895.3,2.328306437e-08,37274599.14,34.91192777,16.34736368,14.12739489,88.90997044,14.12739489,17.9682771,45.73587263,94.59760869,16.98499888,0.1524043011,0.8727981942,2.222749261,744749.3098,749390.3288,1593680.892,1638570.662,553393.0713,724662.0598,160.0057675,175.6996681,584.0132281,686.7506215,111.0239318,116.841798
NEX-000223,561f49a79e1f20a01850a6488210ce018c0fb7750dad495d81277baf503efae8,1e417cf84fea7217589947b3c37c84de6a747446046fb0929bebb441145f0a4c,45;90;90;90;-45;0;0;-45;90;90;90;45,12,2.19456,3.4674048,IM7_8552_NCAMP_RTD_MEASURED_V1,F0_CLT,train,True,True,3,45,0.1666666667,True,2,2,2,6,-0.3333333333,0.3333333333,1.804112415e-16,-1.224646799e-16,-0.537037037,0.09259259259,0.3888888889,-8.504491661e-17,105435404.2,33235856.8,8.381903172e-09,218076895.3,1.955777407e-08,37274599.14,24.59113033,17.24989785,13.18556856,97.42569952,13.18556856,18.87081128,45.73587263,94.59760869,16.98499888,0.1524043011,0.6147782583,2.435642488,744749.3098,749390.3288,1593680.892,1638570.662,553393.0713,724662.0598,104.3090978,116.35228,774.1269231,977.594294,101.7372711,106.9130783
NEX-000224,3dd90d981c35785a802645f0cf4a57e083d2b58626dc16a983921c0ed8cfb581,1f1a7a0e2d298c0f5a68fce186bf75d5dd413915efb4fa644efc0f09f3213170,45;90;90;90;0;-45;-45;0;90;90;90;45,12,2.19456,3.4674048,IM7_8552_NCAMP_RTD_MEASURED_V1,F0_CLT,validation,True,True,3,90,0.1666666667,True,2,2,2,6,-0.3333333333,0.3333333333,2.220446049e-16,-1.224646799e-16,-0.5092592593,0.1481481481,0.4166666667,-8.164311994e-17,105435404.2,33235856.8,1.210719347e-08,218076895.3,2.328306437e-08,37274599.14,27.37731716,16.34736368,14.12739489,96.44458105,14.12739489,17.9682771,45.73587263,94.59760869,16.98499888,0.1524043011,0.684432929,2.411114526,744749.3098,749390.3288,1593680.892,1638570.662,553393.0713,724662.0598,108.3377778,118.7265062,682.9762752,862.1670785,91.19248225,95.48346094
NEX-000225,063bf0f10215b76d8ecbb86200f8df87473deebaca49c4b4dcea1e63b7f8c6ee,063bf0f10215b76d8ecbb86200f8df87473deebaca49c4b4dcea1e63b7f8c6ee,-45;-45;-45;0;45;45;45;90;90;45;45;45;0;-45;-45;-45,16,2.92608,4.6232064,IM7_8552_NCAMP_RTD_MEASURED_V1,F0_CLT,train,True,True,3,45,0.125,True,2,6,6,2,-9.260234482e-17,-0.5,6.938893904e-18,-3.061616998e-17,0.1171875,-0.7578125,-0.6328125,-7.797555791e-17,170698954.1,89290387.93,-1.862645149e-09,170698954.1,0,94675377.71,130.7015601,73.63615229,-50.85862159,93.02850705,-50.85862159,77.47831744,42.37489106,42.37489106,32.35570378,0.523086907,3.267539002,2.325712676,972151.7989,1055673.775,972151.7989,1055673.775,1405587.163,1840600.726,503.6765272,556.5840151,285.1008849,384.3997892,314.3833945,323.8403977
NEX-000226,1af5b24b7676cc154a7097449c36617b1e68c1ea113a664c2eadf4c117812751,1af5b24b7676cc154a7097449c36617b1e68c1ea113a664c2eadf4c117812751,-45;-45;-45;0;45;45;90;45;45;90;45;45;0;-45;-45;-45,16,2.92608,4.6232064,IM7_8552_NCAMP_RTD_MEASURED_V1,F0_CLT,validation,True,True,3,45,0.125,True,2,6,6,2,8.087000278e-17,-0.5,1.734723476e-16,-3.061616998e-17,0.10546875,-0.734375,-0.64453125,-8.228095682e-17,170698954.1,89290387.93,1.303851604e-08,170698954.1,1.862645149e-08,94675377.71,129.7204416,72.73361811,-51.80044792,95.81469388,-51.80044792,76.57578327,42.37489106,42.37489106,32.35570378,0.523086907,3.24301104,2.395367347,972151.7989,1055673.775,972151.7989,1055673.775,1405587.163,1840600.726,507.6222251,584.784644,299.9353301,406.89626,303.5276683,311.7304234
NEX-000227,0b816b32d581dc706b646736f65b34e420c1229bd60b51bac4874c4129c3c8a5,0b816b32d581dc706b646736f65b34e420c1229bd60b51bac4874c4129c3c8a5,-45;-45;-45;45;0;45;45;90;90;45;45;0;45;-45;-45;-45,16,2.92608,4.6232064,IM7_8552_NCAMP_RTD_MEASURED_V1,F0_CLT,train,True,True,3,90,0.125,True,2,6,6,2,7.081923622e-17,-0.5,-1.595945598e-16,-3.061616998e-17,0.0703125,-0.8515625,-0.5859375,-7.223502604e-17,170698954.1,89290387.93,-2.048909664e-08,170698954.1,-1.862645149e-08,94675377.71,119.5568128,77.246289,-47.09131629,96.95298094,-47.09131629,81.08845415,42.37489106,42.37489106,32.35570378,0.523086907,2.988920319,2.423824524,972151.7989,1055673.775,972151.7989,1055673.775,1405587.163,1840600.726,407.1598943,436.8144827,300.7159153,367.3341027,389.4100731,402.4034106
NEX-000228,e38b853179e73d5405f1d9f27acfad5eee7c2508722eaaafb421d91dff6fcc78,e38b853179e73d5405f1d9f27acfad5eee7c2508722eaaafb421d91dff6fcc78,-45;-45;-45;45;0;45;90;45;45;90;45;0;45;-45;-45;-45,16,2.92608,4.6232064,IM7_8552_NCAMP_RTD_MEASURED_V1,F0_CLT,train,True,True,3,90,0.125,True,2,6,6,2,2.373526899e-16,-0.5,6.938893904e-18,-3.061616998e-17,0.05859375,-0.828125,-0.59765625,-7.654042495e-17,170698954.1,89290387.93,-1.862645149e-09,170698954.1,0,94675377.71,118.5756943,76.34375482,-48.03314261,99.73916777,-48.03314261,80.18591998,42.37489106,42.37489106,32.35570378,0.523086907,2.964392357,2.493479194,972151.7989,1055673.775,972151.7989,1055673.775,1405587.163,1840600.726,417.2706322,460.7358275,321.2223284,397.5602128,376.5444507,388.0260496
NEX-000229,07764f3a3b9b10dffbcaefa608e9445e433a3408e92c530396e7f85f5739b504,07764f3a3b9b10dffbcaefa608e9445e433a3408e92c530396e7f85f5739b504,-45;-45;-45;45;45;0;45;90;90;45;0;45;45;-45;-45;-45,16,2.92608,4.6232064,IM7_8552_NCAMP_RTD_MEASURED_V1,F0_CLT,train,True,True,3,90,0.125,True,2,6,6,2,-4.33149389e-17,-0.5,-4.857225733e-17,-3.061616998e-17,0.03515625,-0.921875,-0.55078125,-6.792962714e-17,170698954.1,89290387.93,-9.313225746e-09,170698954.1,-3.725290298e-09,94675377.71,111.1982523,79.95389153,-44.26583731,99.89633637,-44.26583731,83.79605669,42.37489106,42.37489106,32.35570378,0.523086907,2.779956307,2.497408409,972151.7989,1055673.775,972151.7989,1055673.775,1405587.163,1840600.726,331.9971825,351.3427965,289.6389067,323.8409409,444.9391015,461.4721509
NEX-000230,0107e3104279df766c6332097bd1b6329fa88354176ecc04a930f2bc2ef77f2c,0107e3104279df766c6332097bd1b6329fa88354176ecc04a930f2bc2ef77f2c,-45;-45;-45;45;45;0;90;45;45;90;0;45;45;-45;-45;-45,16,2.92608,4.6232064,IM7_8552_NCAMP_RTD_MEASURED_V1,F0_CLT,test,True,True,3,90,0.125,True,2,6,6,2,1.162796209e-16,-0.5,1.179611964e-16,-3.061616998e-17,0.0234375,-0.8984375,-0.5625,-7.223502604e-17,170698954.1,89290387.93,9.313225746e-09,170698954.1,1.11758709e-08,94675377.71,110.2171338,79.05135735,-45.20766364,102.6825232,-45.20766364,82.89352251,42.37489106,42.37489106,32.35570378,0.523086907,2.755428345,2.56706308,972151.7989,1055673.775,972151.7989,1055673.775,1405587.163,1840600.726,344.5166912,373.0098931,313.3945778,352.9290755,430.1689288,445.0189446
NEX-000231,32d9aa3ed38c3f1b49bea40615bf37bd0da7227dd139a232d2ed34cf9f1317d7,32d9aa3ed38c3f1b49bea40615bf37bd0da7227dd139a232d2ed34cf9f1317d7,-45;-45;-45;45;45;45;0;90;90;0;45;45;45;-45;-45;-45,16,2.92608,4.6232064,IM7_8552_NCAMP_RTD_MEASURED_V1,F0_CLT,test,True,True,3,90,0.125,True,2,6,6,2,-1.088768567e-16,-0.5,3.469446952e-17,-3.061616998e-17,0.01171875,-0.96875,-0.52734375,-6.50593612e-17,170698954.1,89290387.93,1.862645149e-09,170698954.1,3.725290298e-09,94675377.71,105.6258786,81.75895988,-42.38218466,101.8585733,-42.38218466,85.60112504,42.37489106,42.37489106,32.35570378,0.523086907,2.640646965,2.546464333,972151.7989,1055673.775,972151.7989,1055673.775,1405587.163,1840600.726,281.279527,295.6698873,269.699361,288.0099907,480.7677383,500.2882064
NEX-000232,12a09d8a98bd690ea3526a95cb1919f883bd8dd62331d0f1099034b735428867,12a09d8a98bd690ea3526a95cb1919f883bd8dd62331d0f1099034b735428867,-45;-45;-45;45;45;45;90;0;0;90;45;45;45;-45;-45;-45,16,2.92608,4.6232064,IM7_8552_NCAMP_RTD_MEASURED_V1,F0_CLT,validation,True,True,3,90,0.125,True,2,6,6,2,1.964344751e-16,-0.5,3.469446952e-17,-3.061616998e-17,-0.01171875,-0.96875,-0.52734375,-6.792962714e-17,170698954.1,89290387.93,1.862645149e-09,170698954.1,3.725290298e-09,94675377.71,101.8585733,81.75895988,-42.38218466,105.6258786,-42.38218466,85.60112504,42.37489106,42.37489106,32.35570378,0.523086907,2.546464333,2.640646965,972151.7989,1055673.775,972151.7989,1055673.775,1405587.163,1840600.726,269.699361,288.0099907,281.279527,295.6698873,480.7677383,500.2882064
NEX-000233,530a64473e33b736eebc30fda6c0ec693f100f69e1e77a9965212e19029d02f6,530a64473e33b736eebc30fda6c0ec693f100f69e1e77a9965212e19029d02f6,-45;-45;-45;45;45;90;0;45;45;0;90;45;45;-45;-45;-45,16,2.92608,4.6232064,IM7_8552_NCAMP_RTD_MEASURED_V1,F0_CLT,train,True,True,3,90,0.125,True,2,6,6,2,-3.637604499e-17,-0.5,1.179611964e-16,-3.061616998e-17,-0.0234375,-0.8984375,-0.5625,-7.797555791e-17,170698954.1,89290387.93,9.313225746e-09,170698954.1,1.11758709e-08,94675377.71,102.6825232,79.05135735,-45.20766364,110.2171338,-45.20766364,82.89352251,42.37489106,42.37489106,32.35570378,0.523086907,2.56706308,2.755428345,972151.7989,1055673.775,972151.7989,1055673.775,1405587.163,1840600.726,313.3945778,352.9290755,344.5166912,373.0098931,430.1689288,445.0189446
NEX-000234,4722ba2217913b3063e5a60ad95a818bc0996231f0d6d274dfdea7754301e634,4722ba2217913b3063e5a60ad95a818bc0996231f0d6d274dfdea7754301e634,-45;-45;-45;45;45;90;45;0;0;45;90;45;45;-45;-45;-45,16,2.92608,4.6232064,IM7_8552_NCAMP_RTD_MEASURED_V1,F0_CLT,train,True,True,3,90,0.125,True,2,6,6,2,1.09340727e-16,-0.5,-4.857225733e-17,-3.061616998e-17,-0.03515625,-0.921875,-0.55078125,-7.654042495e-17,170698954.1,89290387.93,-9.313225746e-09,170698954.1,-3.725290298e-09,94675377.71,99.89633637,79.95389153,-44.26583731,111.1982523,-44.26583731,83.79605669,42.37489106,42.37489106,32.35570378,0.523086907,2.497408409,2.779956307,972151.7989,1055673.775,972151.7989,1055673.775,1405587.163,1840600.726,289.6389067,323.8409409,331.9971825,351.3427965,444.9391015,461.4721509
NEX-000235,29a54aabd524bc91e89ae92fac6b5765f68ef3e0970e87ba054fb88cc5cdd689,29a54aabd524bc91e89ae92fac6b5765f68ef3e0970e87ba054fb88cc5cdd689,-45;-45;-45;45;90;45;0;45;45;0;45;90;45;-45;-45;-45,16,2.92608,4.6232064,IM7_8552_NCAMP_RTD_MEASURED_V1,F0_CLT,train,True,True,3,90,0.125,True,2,6,6,2,-1.373475809e-16,-0.5,6.938893904e-18,-3.061616998e-17,-0.05859375,-0.828125,-0.59765625,-9.089175462e-17,170698954.1,89290387.93,-1.862645149e-09,170698954.1,0,94675377.71,99.73916777,76.34375482,-48.03314261,118.5756943,-48.03314261,80.18591998,42.37489106,42.37489106,32.35570378,0.523086907,2.493479194,2.964392357,972151.7989,1055673.775,972151.7989,1055673.775,1405587.163,1840600.726,321.2223284,397.5602128,417.2706322,460.7358275,376.5444507,388.0260496
NEX-000236,d034acb532bcac9eadc810a4c30f4f83c656b4edf7d6679c6e1c07731bc9c0f7,d034acb532bcac9eadc810a4c30f4f83c656b4edf7d6679c6e1c07731bc9c0f7,-45;-45;-45;45;90;45;45;0;0;45;45;90;45;-45;-45;-45,16,2.92608,4.6232064,IM7_8552_NCAMP_RTD_MEASURED_V1,F0_CLT,train,True,True,3,90,0.125,True,2,6,6,2,1.430297182e-18,-0.5,-1.318389842e-16,-3.061616998e-17,-0.0703125,-0.8515625,-0.5859375,-8.945662166e-17,170698954.1,89290387.93,-2.048909664e-08,170698954.1,-1.490116119e-08,94675377.71,96.95298094,77.246289,-47.09131629,119.5568128,-47.09131629,81.08845415,42.37489106,42.37489106,32.35570378,0.523086907,2.423824524,2.988920319,972151.7989,1055673.775,972151.7989,1055673.775,1405587.163,1840600.726,300.7159153,367.3341027,407.1598943,436.8144827,389.4100731,402.4034106
NEX-000237,708f23ed336c44657c667711627eb3001cbf1fbddf0c80c02c85099028296687,708f23ed336c44657c667711627eb3001cbf1fbddf0c80c02c85099028296687,-45;-45;-45;90;45;45;0;45;45;0;45;45;90;-45;-45;-45,16,2.92608,4.6232064,IM7_8552_NCAMP_RTD_MEASURED_V1,F0_CLT,train,True,True,3,45,0.125,True,2,6,6,2,1.841995765e-17,-0.5,1.179611964e-16,-3.061616998e-17,-0.10546875,-0.734375,-0.64453125,-1.081133502e-16,170698954.1,89290387.93,1.303851604e-08,170698954.1,1.490116119e-08,94675377.71,95.81469388,72.73361811,-51.80044792,129.7204416,-51.80044792,76.57578327,42.37489106,42.37489106,32.35570378,0.523086907,2.395367347,3.24301104,972151.7989,1055673.775,972151.7989,1055673.775,1405587.163,1840600.726,299.9353301,406.89626,507.6222251,584.784644,303.5276683,311.7304234
NEX-000238,dbf3a7003cd54581116003c6130e2f6a7932e57aa937513bf83cfce88a006b4f,dbf3a7003cd54581116003c6130e2f6a7932e57aa937513bf83cfce88a006b4f,-45;-45;-45;90;45;45;45;0;0;45;45;45;90;-45;-45;-45,16,2.92608,4.6232064,IM7_8552_NCAMP_RTD_MEASURED_V1,F0_CLT,train,True,True,3,45,0.125,True,2,6,6,2,1.571978357e-16,-0.5,6.938893904e-18,-3.061616998e-17,-0.1171875,-0.7578125,-0.6328125,-1.066782173e-16,170698954.1,89290387.93,-1.862645149e-09,170698954.1,-3.725290298e-09,94675377.71,93.02850705,73.63615229,-50.85862159,130.7015601,-50.85862159,77.47831744,42.37489106,42.37489106,32.35570378,0.523086907,2.325712676,3.267539002,972151.7989,1055673.775,972151.7989,1055673.775,1405587.163,1840600.726,285.1008849,384.3997892,503.6765272,556.5840151,314.3833945,323.8403977
NEX-000239,f3493d8d5ab682e933aa6e9e47cc2bb2c02ad6b35844ba37286ee0ee5e8bf329,f3493d8d5ab682e933aa6e9e47cc2bb2c02ad6b35844ba37286ee0ee5e8bf329,-45;-45;0;-45;45;45;45;90;90;45;45;45;-45;0;-45;-45,16,2.92608,4.6232064,IM7_8552_NCAMP_RTD_MEASURED_V1,F0_CLT,validation,True,True,3,90,0.125,True,2,6,6,2,-5.479600264e-17,-0.5,6.938893904e-18,-3.061616998e-17,0.17578125,-0.640625,-0.57421875,-7.079989308e-17,170698954.1,89290387.93,-1.862645149e-09,170698954.1,3.725290298e-09,94675377.71,144.6324942,69.1234814,-46.14948996,88.12291468,-46.14948996,72.96564656,42.37489106,42.37489106,32.35570378,0.523086907,3.615812356,2.203072867,972151.7989,1055673.775,972151.7989,1055673.775,1405587.163,1840600.726,635.661727,700.0743309,289.865949,328.0890563,317.8742414,329.9810382
NEX-000240,469111e20fef83e07c85262b82456b4a54e092920986e47426d7d06ff82ce4eb,469111e20fef83e07c85262b82456b4a54e092920986e47426d7d06ff82ce4eb,-45;-45;0;-45;45;45;90;45;45;90;45;45;-45;0;-45;-45,16,2.92608,4.6232064,IM7_8552_NCAMP_RTD_MEASURED_V1,F0_CLT,train,True,True,2,90,0.125,True,2,6,6,2,1.256152389e-16,-0.5,1.734723476e-16,-3.061616998e-17,0.1640625,-0.6171875,-0.5859375,-7.510529198e-17,170698954.1,89290387.93,2.048909664e-08,170698954.1,2.235174179e-08,94675377.71,143.6513757,68.22094722,-47.09131629,90.90910151,-47.09131629,72.06311238,42.37489106,42.37489106,32.35570378,0.523086907,3.591284394,2.272727538,972151.7989,1055673.775,972151.7989,1055673.775,1405587.163,1840600.726,639.1785188,733.3831571,302.664622,345.2074068,307.9177946,318.7308498
NEX-000241,460c3a21915e182520bf748c117811297f7665bf3f87a542315d73a30b142c72,460c3a21915e182520bf748c117811297f7665bf3f87a542315d73a30b142c72,-45;-45;0;0;0;45;45;90;90;45;45;0;0;0;-45;-45,16,2.92608,4.6232064,IM7_8552_NCAMP_RTD_MEASURED_V1,F0_CLT,train,True,True,3,45,0.125,True,6,4,4,2,0.25,1.45716772e-16,-1.318389842e-16,-3.061616998e-17,0.3671875,-0.2578125,-0.52734375,-6.50593612e-17,254005247,62304840.61,-1.676380634e-08,141363755.9,-1.490116119e-08,67689830.4,190.1402124,54.38208983,-42.38218466,72.0979796,-42.38218466,58.22425499,77.4226722,43.08871514,23.13328084,0.4407412652,4.753505311,1.80244949,1767137.753,1870498.086,955477.8537,971306.9568,1004949.322,1315969.938,1020.668896,1234.184893,208.3078053,237.3625774,205.167452,213.8537087
NEX-000242,971ab03c7604514b840866fe7c122f6e32c39cc1d069008ef41709d32fac3307,971ab03c7604514b840866fe7c122f6e32c39cc1d069008ef41709d32fac3307,-45;-45;0;0;0;45;90;45;45;90;45;0;0;0;-45;-45,16,2.92608,4.6232064,IM7_8552_NCAMP_RTD_MEASURED_V1,F0_CLT,train,True,True,3,45,0.125,True,6,4,4,2,0.25,-1.318389842e-16,3.469446952e-17,-3.061616998e-17,0.35546875,-0.234375,-0.5390625,-6.936476011e-17,254005247,62304840.61,1.862645149e-09,141363755.9,3.725290298e-09,67689830.4,189.159094,53.47955566,-43.32401098,74.88416643,-43.32401098,57.32172082,77.4226722,43.08871514,23.13328084,0.4407412652,4.728977349,1.872104161,1767137.753,1870498.086,955477.8537,971306.9568,1004949.322,1315969.938,989.8385517,1302.158085,213.226809,240.6830296,197.7096621,205.5953372
NEX-000243,700325f7cfae3cd78b8dee91cd174038f7947057bc03c82476e30850f2088028,700325f7cfae3cd78b8dee91cd174038f7947057bc03c82476e30850f2088028,-45;-45;0;0;45;0;45;90;90;45;0;45;0;0;-45;-45,16,2.92608,4.6232064,IM7_8552_NCAMP_RTD_MEASURED_V1,F0_CLT,train,True,True,2,45,0.125,True,6,4,4,2,0.25,-4.857225733e-17,-2.081668171e-17,-3.061616998e-17,0.33203125,-0.328125,-0.4921875,-6.07539623e-17,254005247,62304840.61,-3.725290298e-09,141363755.9,-1.862645149e-09,67689830.4,181.7816519,57.08969237,-39.55670568,75.04133502,-39.55670568,60.93185753,77.4226722,43.08871514,23.13328084,0.4407412652,4.544541299,1.876033376,1767137.753,1870498.086,955477.8537,971306.9568,1004949.322,1315969.938,973.8513368,1105.359709,251.6102154,297.4202027,261.6474069,273.7848026
NEX-000244,79e788f531164865e7b465fc9bafa9a801a72c08314555b15fcae9b1c421676d,79e788f531164865e7b465fc9bafa9a801a72c08314555b15fcae9b1c421676d,-45;-45;0;0;45;0;90;45;45;90;0;45;0;0;-45;-45,16,2.92608,4.6232064,IM7_8552_NCAMP_RTD_MEASURED_V1,F0_CLT,train,True,True,2,90,0.125,True,6,4,4,2,0.25,-3.677613769e-16,1.45716772e-16,-3.061616998e-17,0.3203125,-0.3046875,-0.50390625,-6.50593612e-17,254005247,62304840.61,1.303851604e-08,141363755.9,1.490116119e-08,67689830.4,180.8005335,56.18715819,-40.49853201,77.82752185,-40.49853201,60.02932335,77.4226722,43.08871514,23.13328084,0.4407412652,4.520013337,1.945688046,1767137.753,1870498.086,955477.8537,971306.9568,1004949.322,1315969.938,964.5516516,1158.262329,259.4243719,303.4425299,253.2479275,264.3908134
NEX-000245,797a72e304e357c54e44874c35ea5c960a5ecb330fff9fd620afaf2b37bb762f,797a72e304e357c54e44874c35ea5c960a5ecb330fff9fd620afaf2b37bb762f,-45;-45;0;0;45;45;0;90;90;0;45;45;0;0;-45;-45,16,2.92608,4.6232064,IM7_8552_NCAMP_RTD_MEASURED_V1,F0_CLT,train,True,True,2,90,0.125,True,6,4,4,2,0.25,-2.15105711e-16,6.245004514e-17,-3.061616998e-17,0.30859375,-0.375,-0.46875,-5.788369637e-17,254005247,62304840.61,5.587935448e-09,141363755.9,7.450580597e-09,67689830.4,176.2092783,58.89476072,-37.67305303,77.00357197,-37.67305303,62.73692588,77.4226722,43.08871514,23.13328084,0.4407412652,4.405231957,1.925089299,1767137.753,1870498.086,955477.8537,971306.9568,1004949.322,1315969.938,931.9980201,1031.433868,277.4585891,320.6566386,299.7850252,314.8243438
NEX-000246,2d2c14c46efda96ccc9cd9210d732bcf7c174e25430d417daf62a03d045625f7,2d2c14c46efda96ccc9cd9210d732bcf7c174e25430d417daf62a03d045625f7,-45;-45;0;0;45;45;90;0;0;90;45;45;0;0;-45;-45,16,2.92608,4.6232064,IM7_8552_NCAMP_RTD_MEASURED_V1,F0_CLT,train,True,True,2,90,0.125,True,6,4,4,2,0.25,-2.15105711e-16,6.245004514e-17,-3.061616998e-17,0.28515625,-0.375,-0.46875,-6.07539623e-17,254005247,62304840.61,5.587935448e-09,141363755.9,7.450580597e-09,67689830.4,172.441973,58.89476072,-37.67305303,80.77087728,-37.67305303,62.73692588,77.4226722,43.08871514,23.13328084,0.4407412652,4.311049325,2.019271932,1767137.753,1870498.086,955477.8537,971306.9568,1004949.322,1315969.938,912.0856336,1040.880821,300.0990917,346.2183975,309.5765908,325.0428168
NEX-000247,c074bfe99303213d1fa7683cde769b78546ee8efb444ea465eedec4338503eac,c074bfe99303213d1fa7683cde769b78546ee8efb444ea465eedec4338503eac,-45;-45;0;0;45;90;0;45;45;0;90;45;0;0;-45;-45,16,2.92608,4.6232064,IM7_8552_NCAMP_RTD_MEASURED_V1,F0_CLT,validation,True,True,2,90,0.125,True,6,4,4,2,0.25,-3.677613769e-16,1.45716772e-16,-3.061616998e-17,0.2734375,-0.3046875,-0.50390625,-7.079989308e-17,254005247,62304840.61,1.303851604e-08,141363755.9,1.490116119e-08,67689830.4,173.2659229,56.18715819,-40.49853201,85.36213246,-40.49853201,60.02932335,77.4226722,43.08871514,23.13328084,0.4407412652,4.331648072,2.134053311,1767137.753,1870498.086,955477.8537,971306.9568,1004949.322,1315969.938,903.641725,1167.794305,303.1719765,356.540338,271.0249145,282.7579871
NEX-000248,0699971cff3e3f43d521de5f80ee3c2909f05bd428a1bb12cc7476d686593299,0699971cff3e3f43d521de5f80ee3c2909f05bd428a1bb12cc7476d686593299,-45;-45;0;0;45;90;45;0;0;45;90;45;0;0;-45;-45,16,2.92608,4.6232064,IM7_8552_NCAMP_RTD_MEASURED_V1,F0_CLT,test,True,True,2,45,0.125,True,6,4,4,2,0.25,-4.857225733e-17,-2.081668171e-17,-3.061616998e-17,0.26171875,-0.328125,-0.4921875,-6.936476011e-17,254005247,62304840.61,-3.725290298e-09,141363755.9,-1.862645149e-09,67689830.4,170.479736,57.08969237,-39.55670568,86.34325093,-39.55670568,60.93185753,77.4226722,43.08871514,23.13328084,0.4407412652,4.261993401,2.158581273,1767137.753,1870498.086,955477.8537,971306.9568,1004949.322,1315969.938,892.6843738,1125.348935,318.1069109,374.4326265,289.2480217,302.3808118
NEX-000249,28bf1eae07a145ea8649c59d5594bad23d5992cac487f256db74dd103e7cbb45,28bf1eae07a145ea8649c59d5594bad23d5992cac487f256db74dd103e7cbb45,-45;-45;0;0;45;90;45;90;90;45;90;45;0;0;-45;-45,16,2.92608,4.6232064,IM7_8552_NCAMP_RTD_MEASURED_V1,F0_CLT,validation,True,True,2,45,0.25,True,4,4,4,4,-9.642936606e-17,-4.857225733e-17,6.938893904e-18,-6.123233996e-17,0.2578125,-0.328125,-0.4921875,-6.984313776e-17,197684501.4,62304840.61,-3.725290298e-09,197684501.4,1.862645149e-09,67689830.4,169.8518518,57.08969237,-39.55670568,86.97113515,-39.55670568,60.93185753,60.84853816,60.84853816,23.13328084,0.3151731176,4.246296295,2.174278379,1366804.471,1405290.212,1366804.471,1405290.212,1004949.322,1315969.938,887.7909285,1125.242802,321.8421032,378.7135258,290.5088538,303.7006072
NEX-000250,4c72c329ddf63193012f0e9ff6757d08db9f69c5c1821151f249a17a31f013d2,4c72c329ddf63193012f0e9ff6757d08db9f69c5c1821151f249a17a31f013d2,-45;-45;0;0;45;90;90;45;45;90;90;45;0;0;-45;-45,16,2.92608,4.6232064,IM7_8552_NCAMP_RTD_MEASURED_V1,F0_CLT,validation,True,True,2,45,0.25,True,4,4,4,4,6.316519373e-17,-3.677613769e-16,1.734723476e-16,-6.123233996e-17,0.24609375,-0.3046875,-0.50390625,-7.414853667e-17,197684501.4,62304840.61,1.303851604e-08,197684501.4,1.862645149e-08,67689830.4,168.8707333,56.18715819,-40.49853201,89.75732198,-40.49853201,60.02932335,60.84853816,60.84853816,23.13328084,0.3151731176,4.221768334,2.243933049,1366804.471,1405290.212,1366804.471,1405290.212,1004949.322,1315969.938,867.4141276,1164.996656,328.9742169,388.249975,279.6003726,291.6976854
