frame_id,source_dataset_id,source_specimen_id,source_frame_number,time_s_from_first_available,frame_rate_hz_reported,image_path,mask_path,image_sha256,mask_sha256,width_px_deposited,height_px_deposited,source_acquisition_width_px_reported,source_acquisition_height_px_reported,mask_present,mask_positive_pixels,mask_area_fraction,bbox_xmin_px,bbox_ymin_px,bbox_xmax_px,bbox_ymax_px,temporal_block,split,data_role
GVF-2025-0003,jrsb4b9yy5_v1,CPEEK_PANEL_001,3,0.000000000,55.0,data/public_benchmark/images/frame_0003.png,data/public_benchmark/masks/frame_0003.png,4e9d973e562ee281165fc4825d2dc8bd94d93c24045090da7fa54f621055a251,be1091c2236a8f852023900becc51ed65113ab6481ee0c40317ab08f996d8f87,234,234,640,512,True,621,0.0113412228797,36,35,189,189,0,benchmark_only,experimental_public_benchmark
GVF-2025-0004,jrsb4b9yy5_v1,CPEEK_PANEL_001,4,0.018181818,55.0,data/public_benchmark/images/frame_0004.png,data/public_benchmark/masks/frame_0004.png,b94708577a7954c388b375e7781c957b1590e3f6c01e0e8fcd6bcae8ffaff4ab,be1091c2236a8f852023900becc51ed65113ab6481ee0c40317ab08f996d8f87,234,234,640,512,True,621,0.0113412228797,36,35,189,189,0,benchmark_only,experimental_public_benchmark
GVF-2025-0005,jrsb4b9yy5_v1,CPEEK_PANEL_001,5,0.036363636,55.0,data/public_benchmark/images/frame_0005.png,data/public_benchmark/masks/frame_0005.png,a00d98f91172390c3ca36844ab12f0014a83c4687446ffafa6ceebee83878bde,be1091c2236a8f852023900becc51ed65113ab6481ee0c40317ab08f996d8f87,234,234,640,512,True,621,0.0113412228797,36,35,189,189,0,benchmark_only,experimental_public_benchmark
GVF-2025-0006,jrsb4b9yy5_v1,CPEEK_PANEL_001,6,0.054545455,55.0,data/public_benchmark/images/frame_0006.png,data/public_benchmark/masks/frame_0006.png,eed92d13662da8ced08549e2690ecc989fa398d0382047c3f58c21dfced34007,be1091c2236a8f852023900becc51ed65113ab6481ee0c40317ab08f996d8f87,234,234,640,512,True,621,0.0113412228797,36,35,189,189,0,benchmark_only,experimental_public_benchmark
GVF-2025-0007,jrsb4b9yy5_v1,CPEEK_PANEL_001,7,0.072727273,55.0,data/public_benchmark/images/frame_0007.png,data/public_benchmark/masks/frame_0007.png,47bc629d9d9f1cc65a60411ea3d4d8b614be44fba6b60c6df12bcc2bddbcf4dc,be1091c2236a8f852023900becc51ed65113ab6481ee0c40317ab08f996d8f87,234,234,640,512,True,621,0.0113412228797,36,35,189,189,0,benchmark_only,experimental_public_benchmark
GVF-2025-0008,jrsb4b9yy5_v1,CPEEK_PANEL_001,8,0.090909091,55.0,data/public_benchmark/images/frame_0008.png,data/public_benchmark/masks/frame_0008.png,578d0ea86bb37736ecd9e0101445b1b2b052e73853fa732ea3f29da7488bc9c8,be1091c2236a8f852023900becc51ed65113ab6481ee0c40317ab08f996d8f87,234,234,640,512,True,621,0.0113412228797,36,35,189,189,0,benchmark_only,experimental_public_benchmark
GVF-2025-0009,jrsb4b9yy5_v1,CPEEK_PANEL_001,9,0.109090909,55.0,data/public_benchmark/images/frame_0009.png,data/public_benchmark/masks/frame_0009.png,3a9804a31ba889c00d78e9864d29b7373d9afb33287a4deb5973ef8f0ee6a053,be1091c2236a8f852023900becc51ed65113ab6481ee0c40317ab08f996d8f87,234,234,640,512,True,621,0.0113412228797,36,35,189,189,0,benchmark_only,experimental_public_benchmark
GVF-2025-0010,jrsb4b9yy5_v1,CPEEK_PANEL_001,10,0.127272727,55.0,data/public_benchmark/images/frame_0010.png,data/public_benchmark/masks/frame_0010.png,8289459b0f708dd71507185c852add9aace5b7763c68f88fc1c92244384c7ff5,be1091c2236a8f852023900becc51ed65113ab6481ee0c40317ab08f996d8f87,234,234,640,512,True,621,0.0113412228797,36,35,189,189,0,benchmark_only,experimental_public_benchmark
GVF-2025-0011,jrsb4b9yy5_v1,CPEEK_PANEL_001,11,0.145454545,55.0,data/public_benchmark/images/frame_0011.png,data/public_benchmark/masks/frame_0011.png,c5d57fdff465bfbccf92367bbd5aad01d111945d026066512e413432c1c9c4aa,be1091c2236a8f852023900becc51ed65113ab6481ee0c40317ab08f996d8f87,234,234,640,512,True,621,0.0113412228797,36,35,189,189,0,benchmark_only,experimental_public_benchmark
GVF-2025-0012,jrsb4b9yy5_v1,CPEEK_PANEL_001,12,0.163636364,55.0,data/public_benchmark/images/frame_0012.png,data/public_benchmark/masks/frame_0012.png,65f518dd061cf9e435005e1493ff5d8fb8e45c6608f62052cff3990136102cbd,be1091c2236a8f852023900becc51ed65113ab6481ee0c40317ab08f996d8f87,234,234,640,512,True,621,0.0113412228797,36,35,189,189,0,benchmark_only,experimental_public_benchmark
GVF-2025-0013,jrsb4b9yy5_v1,CPEEK_PANEL_001,13,0.181818182,55.0,data/public_benchmark/images/frame_0013.png,data/public_benchmark/masks/frame_0013.png,c7a5a6931c34f68f2a05c701c58f91caefddae78c4a434b75f3365c1f06dd227,be1091c2236a8f852023900becc51ed65113ab6481ee0c40317ab08f996d8f87,234,234,640,512,True,621,0.0113412228797,36,35,189,189,0,benchmark_only,experimental_public_benchmark
GVF-2025-0014,jrsb4b9yy5_v1,CPEEK_PANEL_001,14,0.200000000,55.0,data/public_benchmark/images/frame_0014.png,data/public_benchmark/masks/frame_0014.png,03ed2565c34cb99e542c05118368dc1349232879876b10a277e1cd89b2d7212d,be1091c2236a8f852023900becc51ed65113ab6481ee0c40317ab08f996d8f87,234,234,640,512,True,621,0.0113412228797,36,35,189,189,0,benchmark_only,experimental_public_benchmark
GVF-2025-0015,jrsb4b9yy5_v1,CPEEK_PANEL_001,15,0.218181818,55.0,data/public_benchmark/images/frame_0015.png,data/public_benchmark/masks/frame_0015.png,3425fc64dacd5c75329bef9235b987bbf853f9166a4e132665ef86901c165e81,be1091c2236a8f852023900becc51ed65113ab6481ee0c40317ab08f996d8f87,234,234,640,512,True,621,0.0113412228797,36,35,189,189,0,benchmark_only,experimental_public_benchmark
GVF-2025-0016,jrsb4b9yy5_v1,CPEEK_PANEL_001,16,0.236363636,55.0,data/public_benchmark/images/frame_0016.png,data/public_benchmark/masks/frame_0016.png,865a876c2a7a94be3a8064b07dfc75551e65deb51426f3dde8c3e04d47b6de87,be1091c2236a8f852023900becc51ed65113ab6481ee0c40317ab08f996d8f87,234,234,640,512,True,621,0.0113412228797,36,35,189,189,0,benchmark_only,experimental_public_benchmark
GVF-2025-0017,jrsb4b9yy5_v1,CPEEK_PANEL_001,17,0.254545455,55.0,data/public_benchmark/images/frame_0017.png,data/public_benchmark/masks/frame_0017.png,6dc7578727b26b153295a1d93b10dcd3cba9365f1bd34ae5b909db6449bb3e58,be1091c2236a8f852023900becc51ed65113ab6481ee0c40317ab08f996d8f87,234,234,640,512,True,621,0.0113412228797,36,35,189,189,0,benchmark_only,experimental_public_benchmark
GVF-2025-0018,jrsb4b9yy5_v1,CPEEK_PANEL_001,18,0.272727273,55.0,data/public_benchmark/images/frame_0018.png,data/public_benchmark/masks/frame_0018.png,6550f7cc7bccf57df6e7bd833a587843c3f1e00c5f4ba0a96f7a2e9b273f62fb,be1091c2236a8f852023900becc51ed65113ab6481ee0c40317ab08f996d8f87,234,234,640,512,True,621,0.0113412228797,36,35,189,189,0,benchmark_only,experimental_public_benchmark
GVF-2025-0019,jrsb4b9yy5_v1,CPEEK_PANEL_001,19,0.290909091,55.0,data/public_benchmark/images/frame_0019.png,data/public_benchmark/masks/frame_0019.png,b7040ebd2d2771d89e5f84bde24e8f509a6f9b3110eff979031ad190c29346c1,be1091c2236a8f852023900becc51ed65113ab6481ee0c40317ab08f996d8f87,234,234,640,512,True,621,0.0113412228797,36,35,189,189,0,benchmark_only,experimental_public_benchmark
GVF-2025-0020,jrsb4b9yy5_v1,CPEEK_PANEL_001,20,0.309090909,55.0,data/public_benchmark/images/frame_0020.png,data/public_benchmark/masks/frame_0020.png,1d988683c3129effee662b5172bbf74c485f95268abd84af79c30c6221ebaaec,be1091c2236a8f852023900becc51ed65113ab6481ee0c40317ab08f996d8f87,234,234,640,512,True,621,0.0113412228797,36,35,189,189,0,benchmark_only,experimental_public_benchmark
GVF-2025-0021,jrsb4b9yy5_v1,CPEEK_PANEL_001,21,0.327272727,55.0,data/public_benchmark/images/frame_0021.png,data/public_benchmark/masks/frame_0021.png,748dfa5b808c186c1ee3addc837ebae69d4bf6c598c2cb2815b9f2ebeb079f76,be1091c2236a8f852023900becc51ed65113ab6481ee0c40317ab08f996d8f87,234,234,640,512,True,621,0.0113412228797,36,35,189,189,0,benchmark_only,experimental_public_benchmark
GVF-2025-0022,jrsb4b9yy5_v1,CPEEK_PANEL_001,22,0.345454545,55.0,data/public_benchmark/images/frame_0022.png,data/public_benchmark/masks/frame_0022.png,9d65c780686f7483b77d19d209523d41b40dd86dba8db03957e65dd626b8a91d,be1091c2236a8f852023900becc51ed65113ab6481ee0c40317ab08f996d8f87,234,234,640,512,True,621,0.0113412228797,36,35,189,189,0,benchmark_only,experimental_public_benchmark
GVF-2025-0023,jrsb4b9yy5_v1,CPEEK_PANEL_001,23,0.363636364,55.0,data/public_benchmark/images/frame_0023.png,data/public_benchmark/masks/frame_0023.png,b177fdc5d63c5a770482b782a59ab49224f00df0edfe7f5ce3632c6613ece672,be1091c2236a8f852023900becc51ed65113ab6481ee0c40317ab08f996d8f87,234,234,640,512,True,621,0.0113412228797,36,35,189,189,0,benchmark_only,experimental_public_benchmark
GVF-2025-0024,jrsb4b9yy5_v1,CPEEK_PANEL_001,24,0.381818182,55.0,data/public_benchmark/images/frame_0024.png,data/public_benchmark/masks/frame_0024.png,e426e225b8c7c42a374837a79aacc8e749250e75ad310f971969e093a8a57970,be1091c2236a8f852023900becc51ed65113ab6481ee0c40317ab08f996d8f87,234,234,640,512,True,621,0.0113412228797,36,35,189,189,0,benchmark_only,experimental_public_benchmark
GVF-2025-0025,jrsb4b9yy5_v1,CPEEK_PANEL_001,25,0.400000000,55.0,data/public_benchmark/images/frame_0025.png,data/public_benchmark/masks/frame_0025.png,432b2b9dba35a8cc0f80415cff3ccc09c6db87a159f8d1b9afc4d35a87daee84,be1091c2236a8f852023900becc51ed65113ab6481ee0c40317ab08f996d8f87,234,234,640,512,True,621,0.0113412228797,36,35,189,189,0,benchmark_only,experimental_public_benchmark
GVF-2025-0026,jrsb4b9yy5_v1,CPEEK_PANEL_001,26,0.418181818,55.0,data/public_benchmark/images/frame_0026.png,data/public_benchmark/masks/frame_0026.png,15a89a4e1829f367a28fb7f87edff49509da2ba92cb4a17b3e9f52232bc89932,be1091c2236a8f852023900becc51ed65113ab6481ee0c40317ab08f996d8f87,234,234,640,512,True,621,0.0113412228797,36,35,189,189,0,benchmark_only,experimental_public_benchmark
GVF-2025-0027,jrsb4b9yy5_v1,CPEEK_PANEL_001,27,0.436363636,55.0,data/public_benchmark/images/frame_0027.png,data/public_benchmark/masks/frame_0027.png,493f09fc9204baf28e05c1a77182acae499a96f96e35459bf4205c0ce29a3443,be1091c2236a8f852023900becc51ed65113ab6481ee0c40317ab08f996d8f87,234,234,640,512,True,621,0.0113412228797,36,35,189,189,0,benchmark_only,experimental_public_benchmark
GVF-2025-0028,jrsb4b9yy5_v1,CPEEK_PANEL_001,28,0.454545455,55.0,data/public_benchmark/images/frame_0028.png,data/public_benchmark/masks/frame_0028.png,32582df97375cfc3d13cf65a5befe877a732a6858fb27055264595ab5e44bf7b,be1091c2236a8f852023900becc51ed65113ab6481ee0c40317ab08f996d8f87,234,234,640,512,True,621,0.0113412228797,36,35,189,189,0,benchmark_only,experimental_public_benchmark
GVF-2025-0029,jrsb4b9yy5_v1,CPEEK_PANEL_001,29,0.472727273,55.0,data/public_benchmark/images/frame_0029.png,data/public_benchmark/masks/frame_0029.png,7e620b5f24e512b711a253d8cc6e6225399758c69278d4609862182feda3bfcc,be1091c2236a8f852023900becc51ed65113ab6481ee0c40317ab08f996d8f87,234,234,640,512,True,621,0.0113412228797,36,35,189,189,0,benchmark_only,experimental_public_benchmark
GVF-2025-0030,jrsb4b9yy5_v1,CPEEK_PANEL_001,30,0.490909091,55.0,data/public_benchmark/images/frame_0030.png,data/public_benchmark/masks/frame_0030.png,fe59c0699a0ac2b5bd3385f740ef7befad1fb4c2988d8a8b8da0c7b87cd2294b,be1091c2236a8f852023900becc51ed65113ab6481ee0c40317ab08f996d8f87,234,234,640,512,True,621,0.0113412228797,36,35,189,189,0,benchmark_only,experimental_public_benchmark
GVF-2025-0031,jrsb4b9yy5_v1,CPEEK_PANEL_001,31,0.509090909,55.0,data/public_benchmark/images/frame_0031.png,data/public_benchmark/masks/frame_0031.png,5c9f3d5e5d793288e5923ae739d3ab2d3cb5e5d61548f2cb0e4abad4f9f7f94d,be1091c2236a8f852023900becc51ed65113ab6481ee0c40317ab08f996d8f87,234,234,640,512,True,621,0.0113412228797,36,35,189,189,0,benchmark_only,experimental_public_benchmark
GVF-2025-0032,jrsb4b9yy5_v1,CPEEK_PANEL_001,32,0.527272727,55.0,data/public_benchmark/images/frame_0032.png,data/public_benchmark/masks/frame_0032.png,910f6818fa8e6b0214955cb634ef322151e35df74dcb12c7990b6c03b07666f6,be1091c2236a8f852023900becc51ed65113ab6481ee0c40317ab08f996d8f87,234,234,640,512,True,621,0.0113412228797,36,35,189,189,0,benchmark_only,experimental_public_benchmark
GVF-2025-0033,jrsb4b9yy5_v1,CPEEK_PANEL_001,33,0.545454545,55.0,data/public_benchmark/images/frame_0033.png,data/public_benchmark/masks/frame_0033.png,0fa1864a7e923ba6bf85ca03d00cb9d5994433e2f498dca074a3ee983775b0c8,be1091c2236a8f852023900becc51ed65113ab6481ee0c40317ab08f996d8f87,234,234,640,512,True,621,0.0113412228797,36,35,189,189,0,benchmark_only,experimental_public_benchmark
GVF-2025-0034,jrsb4b9yy5_v1,CPEEK_PANEL_001,34,0.563636364,55.0,data/public_benchmark/images/frame_0034.png,data/public_benchmark/masks/frame_0034.png,a462205a4f719149daad19dd7bc469da7fd03da229da39ad58c0d52169387ccc,be1091c2236a8f852023900becc51ed65113ab6481ee0c40317ab08f996d8f87,234,234,640,512,True,621,0.0113412228797,36,35,189,189,0,benchmark_only,experimental_public_benchmark
GVF-2025-0035,jrsb4b9yy5_v1,CPEEK_PANEL_001,35,0.581818182,55.0,data/public_benchmark/images/frame_0035.png,data/public_benchmark/masks/frame_0035.png,55d23fbf3c09cb806cba2ab88c13306d28120a67cee2df03bdfc62e822c93548,be1091c2236a8f852023900becc51ed65113ab6481ee0c40317ab08f996d8f87,234,234,640,512,True,621,0.0113412228797,36,35,189,189,0,benchmark_only,experimental_public_benchmark
GVF-2025-0036,jrsb4b9yy5_v1,CPEEK_PANEL_001,36,0.600000000,55.0,data/public_benchmark/images/frame_0036.png,data/public_benchmark/masks/frame_0036.png,64db7c4f6f7a932e1ec9bcd415dd408a152391fd76e0c079ef73cdac56075ef9,be1091c2236a8f852023900becc51ed65113ab6481ee0c40317ab08f996d8f87,234,234,640,512,True,621,0.0113412228797,36,35,189,189,0,benchmark_only,experimental_public_benchmark
GVF-2025-0037,jrsb4b9yy5_v1,CPEEK_PANEL_001,37,0.618181818,55.0,data/public_benchmark/images/frame_0037.png,data/public_benchmark/masks/frame_0037.png,cdba45a538a137b403bf4e6e1220e6722092efff57340b773fd3d44d293c3d02,be1091c2236a8f852023900becc51ed65113ab6481ee0c40317ab08f996d8f87,234,234,640,512,True,621,0.0113412228797,36,35,189,189,0,benchmark_only,experimental_public_benchmark
GVF-2025-0038,jrsb4b9yy5_v1,CPEEK_PANEL_001,38,0.636363636,55.0,data/public_benchmark/images/frame_0038.png,data/public_benchmark/masks/frame_0038.png,15eecaa505aff5f9358f7bf332cefcd186759ebbea96fece1f31b4da2951b1e3,be1091c2236a8f852023900becc51ed65113ab6481ee0c40317ab08f996d8f87,234,234,640,512,True,621,0.0113412228797,36,35,189,189,0,benchmark_only,experimental_public_benchmark
GVF-2025-0039,jrsb4b9yy5_v1,CPEEK_PANEL_001,39,0.654545455,55.0,data/public_benchmark/images/frame_0039.png,data/public_benchmark/masks/frame_0039.png,1ab244c3f6295a1259760aefeb0b26aaf44216229a5f1004703cad93495651d8,be1091c2236a8f852023900becc51ed65113ab6481ee0c40317ab08f996d8f87,234,234,640,512,True,621,0.0113412228797,36,35,189,189,0,benchmark_only,experimental_public_benchmark
GVF-2025-0040,jrsb4b9yy5_v1,CPEEK_PANEL_001,40,0.672727273,55.0,data/public_benchmark/images/frame_0040.png,data/public_benchmark/masks/frame_0040.png,9a255e61a35f88a4e8b56051ae0f1be41b8bc5815fd04d8be562e0d812a69c0e,be1091c2236a8f852023900becc51ed65113ab6481ee0c40317ab08f996d8f87,234,234,640,512,True,621,0.0113412228797,36,35,189,189,0,benchmark_only,experimental_public_benchmark
GVF-2025-0041,jrsb4b9yy5_v1,CPEEK_PANEL_001,41,0.690909091,55.0,data/public_benchmark/images/frame_0041.png,data/public_benchmark/masks/frame_0041.png,1000e9889fdbb86a9d54db3a450f7719d55730a54eb6da518725f539d78a1869,be1091c2236a8f852023900becc51ed65113ab6481ee0c40317ab08f996d8f87,234,234,640,512,True,621,0.0113412228797,36,35,189,189,0,benchmark_only,experimental_public_benchmark
GVF-2025-0042,jrsb4b9yy5_v1,CPEEK_PANEL_001,42,0.709090909,55.0,data/public_benchmark/images/frame_0042.png,data/public_benchmark/masks/frame_0042.png,c19a977cdb5be0fc3195374755b1f26469da47ab99f01eebcaf5050797cb701d,be1091c2236a8f852023900becc51ed65113ab6481ee0c40317ab08f996d8f87,234,234,640,512,True,621,0.0113412228797,36,35,189,189,0,benchmark_only,experimental_public_benchmark
GVF-2025-0043,jrsb4b9yy5_v1,CPEEK_PANEL_001,43,0.727272727,55.0,data/public_benchmark/images/frame_0043.png,data/public_benchmark/masks/frame_0043.png,0698ae154580f546991570757b44ab432d250757fad6127f6fdaf5750620deed,be1091c2236a8f852023900becc51ed65113ab6481ee0c40317ab08f996d8f87,234,234,640,512,True,621,0.0113412228797,36,35,189,189,0,benchmark_only,experimental_public_benchmark
GVF-2025-0044,jrsb4b9yy5_v1,CPEEK_PANEL_001,44,0.745454545,55.0,data/public_benchmark/images/frame_0044.png,data/public_benchmark/masks/frame_0044.png,33e5751d360378380a4528bca733c6f29fdea8e88733e79e6df73a092b25d41f,be1091c2236a8f852023900becc51ed65113ab6481ee0c40317ab08f996d8f87,234,234,640,512,True,621,0.0113412228797,36,35,189,189,0,benchmark_only,experimental_public_benchmark
GVF-2025-0045,jrsb4b9yy5_v1,CPEEK_PANEL_001,45,0.763636364,55.0,data/public_benchmark/images/frame_0045.png,data/public_benchmark/masks/frame_0045.png,7911d87519bdf180cd63663927a26279baca77a1d3fbd8f4a961e38fae8cfbf5,be1091c2236a8f852023900becc51ed65113ab6481ee0c40317ab08f996d8f87,234,234,640,512,True,621,0.0113412228797,36,35,189,189,0,benchmark_only,experimental_public_benchmark
GVF-2025-0046,jrsb4b9yy5_v1,CPEEK_PANEL_001,46,0.781818182,55.0,data/public_benchmark/images/frame_0046.png,data/public_benchmark/masks/frame_0046.png,5907baf7f01920d5320b164d7864c77121f1752975233d51d7cd8ebea9f4eab9,be1091c2236a8f852023900becc51ed65113ab6481ee0c40317ab08f996d8f87,234,234,640,512,True,621,0.0113412228797,36,35,189,189,0,benchmark_only,experimental_public_benchmark
GVF-2025-0047,jrsb4b9yy5_v1,CPEEK_PANEL_001,47,0.800000000,55.0,data/public_benchmark/images/frame_0047.png,data/public_benchmark/masks/frame_0047.png,891607a7624b7878a8fffafe3d767e054b1b57e38e68abc6c327befcf6d5268b,be1091c2236a8f852023900becc51ed65113ab6481ee0c40317ab08f996d8f87,234,234,640,512,True,621,0.0113412228797,36,35,189,189,0,benchmark_only,experimental_public_benchmark
GVF-2025-0048,jrsb4b9yy5_v1,CPEEK_PANEL_001,48,0.818181818,55.0,data/public_benchmark/images/frame_0048.png,data/public_benchmark/masks/frame_0048.png,c66958ce6d53a8ccf46d87569477bb8a76e0ee8c2dc6c293d26dce713d57457f,be1091c2236a8f852023900becc51ed65113ab6481ee0c40317ab08f996d8f87,234,234,640,512,True,621,0.0113412228797,36,35,189,189,0,benchmark_only,experimental_public_benchmark
GVF-2025-0049,jrsb4b9yy5_v1,CPEEK_PANEL_001,49,0.836363636,55.0,data/public_benchmark/images/frame_0049.png,data/public_benchmark/masks/frame_0049.png,af7751a19fec3d2358742a44b0ac193b23ba14a57393a7466a7ec85a6677f002,be1091c2236a8f852023900becc51ed65113ab6481ee0c40317ab08f996d8f87,234,234,640,512,True,621,0.0113412228797,36,35,189,189,0,benchmark_only,experimental_public_benchmark
GVF-2025-0050,jrsb4b9yy5_v1,CPEEK_PANEL_001,50,0.854545455,55.0,data/public_benchmark/images/frame_0050.png,data/public_benchmark/masks/frame_0050.png,87e7af5857854bf74877b37ab25d29e687bd94d375d2c2f524896e763d82f305,be1091c2236a8f852023900becc51ed65113ab6481ee0c40317ab08f996d8f87,234,234,640,512,True,621,0.0113412228797,36,35,189,189,0,benchmark_only,experimental_public_benchmark
GVF-2025-0051,jrsb4b9yy5_v1,CPEEK_PANEL_001,51,0.872727273,55.0,data/public_benchmark/images/frame_0051.png,data/public_benchmark/masks/frame_0051.png,c661fb7a025649375927d7bc140785ae75528821ceffa6b71b725ebb88c6fd69,be1091c2236a8f852023900becc51ed65113ab6481ee0c40317ab08f996d8f87,234,234,640,512,True,621,0.0113412228797,36,35,189,189,0,benchmark_only,experimental_public_benchmark
GVF-2025-0052,jrsb4b9yy5_v1,CPEEK_PANEL_001,52,0.890909091,55.0,data/public_benchmark/images/frame_0052.png,data/public_benchmark/masks/frame_0052.png,c03ce5b91148f1dda4ebc1e0055ee1e561ff90e6c177001104d36c449c452440,be1091c2236a8f852023900becc51ed65113ab6481ee0c40317ab08f996d8f87,234,234,640,512,True,621,0.0113412228797,36,35,189,189,0,benchmark_only,experimental_public_benchmark
GVF-2025-0053,jrsb4b9yy5_v1,CPEEK_PANEL_001,53,0.909090909,55.0,data/public_benchmark/images/frame_0053.png,data/public_benchmark/masks/frame_0053.png,08ee9cda637667bb2ceddda83218c1889b444c278e72dbaeec159949f00b1391,be1091c2236a8f852023900becc51ed65113ab6481ee0c40317ab08f996d8f87,234,234,640,512,True,621,0.0113412228797,36,35,189,189,0,benchmark_only,experimental_public_benchmark
GVF-2025-0054,jrsb4b9yy5_v1,CPEEK_PANEL_001,54,0.927272727,55.0,data/public_benchmark/images/frame_0054.png,data/public_benchmark/masks/frame_0054.png,de4d18b7f424de01805cd6c258798c650d7414e9f72aef5c603897572ef4ac3c,be1091c2236a8f852023900becc51ed65113ab6481ee0c40317ab08f996d8f87,234,234,640,512,True,621,0.0113412228797,36,35,189,189,0,benchmark_only,experimental_public_benchmark
GVF-2025-0055,jrsb4b9yy5_v1,CPEEK_PANEL_001,55,0.945454545,55.0,data/public_benchmark/images/frame_0055.png,data/public_benchmark/masks/frame_0055.png,540c70d72bef809abec34e71712ce34d2fb92aaa19a553eff0b722b81908a567,be1091c2236a8f852023900becc51ed65113ab6481ee0c40317ab08f996d8f87,234,234,640,512,True,621,0.0113412228797,36,35,189,189,0,benchmark_only,experimental_public_benchmark
GVF-2025-0056,jrsb4b9yy5_v1,CPEEK_PANEL_001,56,0.963636364,55.0,data/public_benchmark/images/frame_0056.png,data/public_benchmark/masks/frame_0056.png,861db6d8bec53adbac90cd8ae6614f7075bd50ea6d9ec1941e2615dbdeac4a46,be1091c2236a8f852023900becc51ed65113ab6481ee0c40317ab08f996d8f87,234,234,640,512,True,621,0.0113412228797,36,35,189,189,0,benchmark_only,experimental_public_benchmark
GVF-2025-0057,jrsb4b9yy5_v1,CPEEK_PANEL_001,57,0.981818182,55.0,data/public_benchmark/images/frame_0057.png,data/public_benchmark/masks/frame_0057.png,fe6718cfb4ba3613c85a9ce75b6c062379900d43c02b1665c326d5d9d16b72b9,be1091c2236a8f852023900becc51ed65113ab6481ee0c40317ab08f996d8f87,234,234,640,512,True,621,0.0113412228797,36,35,189,189,0,benchmark_only,experimental_public_benchmark
GVF-2025-0058,jrsb4b9yy5_v1,CPEEK_PANEL_001,58,1.000000000,55.0,data/public_benchmark/images/frame_0058.png,data/public_benchmark/masks/frame_0058.png,63499d8166a43371a0f2ecfe048a9c71b4e2a810ccd2118df4c88c8ae97eea86,be1091c2236a8f852023900becc51ed65113ab6481ee0c40317ab08f996d8f87,234,234,640,512,True,621,0.0113412228797,36,35,189,189,0,benchmark_only,experimental_public_benchmark
GVF-2025-0059,jrsb4b9yy5_v1,CPEEK_PANEL_001,59,1.018181818,55.0,data/public_benchmark/images/frame_0059.png,data/public_benchmark/masks/frame_0059.png,8ab2e84a19fe74b05740d237fa430048320417e2adeb8350b91e33b8a9dc58db,be1091c2236a8f852023900becc51ed65113ab6481ee0c40317ab08f996d8f87,234,234,640,512,True,621,0.0113412228797,36,35,189,189,0,benchmark_only,experimental_public_benchmark
GVF-2025-0060,jrsb4b9yy5_v1,CPEEK_PANEL_001,60,1.036363636,55.0,data/public_benchmark/images/frame_0060.png,data/public_benchmark/masks/frame_0060.png,77fcb57121b981c0d3eabe16a0da4d25dc581407b1cdf62e6d024e23c3519db1,be1091c2236a8f852023900becc51ed65113ab6481ee0c40317ab08f996d8f87,234,234,640,512,True,621,0.0113412228797,36,35,189,189,0,benchmark_only,experimental_public_benchmark
GVF-2025-0061,jrsb4b9yy5_v1,CPEEK_PANEL_001,61,1.054545455,55.0,data/public_benchmark/images/frame_0061.png,data/public_benchmark/masks/frame_0061.png,f9c730ab4b6a47467b45af65534138accfcf24e84ac5788564a7abc6b83e41f9,be1091c2236a8f852023900becc51ed65113ab6481ee0c40317ab08f996d8f87,234,234,640,512,True,621,0.0113412228797,36,35,189,189,0,benchmark_only,experimental_public_benchmark
GVF-2025-0062,jrsb4b9yy5_v1,CPEEK_PANEL_001,62,1.072727273,55.0,data/public_benchmark/images/frame_0062.png,data/public_benchmark/masks/frame_0062.png,2bda58f46dead108a74050dd8fcbd287db21ce2982f7c8f37f6b946337884594,be1091c2236a8f852023900becc51ed65113ab6481ee0c40317ab08f996d8f87,234,234,640,512,True,621,0.0113412228797,36,35,189,189,0,benchmark_only,experimental_public_benchmark
GVF-2025-0063,jrsb4b9yy5_v1,CPEEK_PANEL_001,63,1.090909091,55.0,data/public_benchmark/images/frame_0063.png,data/public_benchmark/masks/frame_0063.png,3ab2759ca4267ca9594ec580c6656ad54916a24fae177cdbf9e9c9168324fe99,be1091c2236a8f852023900becc51ed65113ab6481ee0c40317ab08f996d8f87,234,234,640,512,True,621,0.0113412228797,36,35,189,189,0,benchmark_only,experimental_public_benchmark
GVF-2025-0064,jrsb4b9yy5_v1,CPEEK_PANEL_001,64,1.109090909,55.0,data/public_benchmark/images/frame_0064.png,data/public_benchmark/masks/frame_0064.png,23fcbaca9ab9245e9bfaa29cb7b1663b0a597fedc117576ca3bdeb7202ecc06b,be1091c2236a8f852023900becc51ed65113ab6481ee0c40317ab08f996d8f87,234,234,640,512,True,621,0.0113412228797,36,35,189,189,0,benchmark_only,experimental_public_benchmark
GVF-2025-0065,jrsb4b9yy5_v1,CPEEK_PANEL_001,65,1.127272727,55.0,data/public_benchmark/images/frame_0065.png,data/public_benchmark/masks/frame_0065.png,65efd86e11d30a4e443b7529940e3045b6beffa0537e9ef86f602c053df81e41,be1091c2236a8f852023900becc51ed65113ab6481ee0c40317ab08f996d8f87,234,234,640,512,True,621,0.0113412228797,36,35,189,189,0,benchmark_only,experimental_public_benchmark
GVF-2025-0066,jrsb4b9yy5_v1,CPEEK_PANEL_001,66,1.145454545,55.0,data/public_benchmark/images/frame_0066.png,data/public_benchmark/masks/frame_0066.png,afbee658559c1f6607085b07a9df4d8397c39cbd413dedf4ab5d762ad022c487,be1091c2236a8f852023900becc51ed65113ab6481ee0c40317ab08f996d8f87,234,234,640,512,True,621,0.0113412228797,36,35,189,189,0,benchmark_only,experimental_public_benchmark
GVF-2025-0067,jrsb4b9yy5_v1,CPEEK_PANEL_001,67,1.163636364,55.0,data/public_benchmark/images/frame_0067.png,data/public_benchmark/masks/frame_0067.png,90b63c6e324e75b77c1a32d8c6d58889cbcda31e248e353029d90f49ea90b02f,be1091c2236a8f852023900becc51ed65113ab6481ee0c40317ab08f996d8f87,234,234,640,512,True,621,0.0113412228797,36,35,189,189,0,benchmark_only,experimental_public_benchmark
GVF-2025-0068,jrsb4b9yy5_v1,CPEEK_PANEL_001,68,1.181818182,55.0,data/public_benchmark/images/frame_0068.png,data/public_benchmark/masks/frame_0068.png,2bd151e7560ab38f65aeae7bba79248c941f4c31cda49b381f34b4ff9323cd0c,be1091c2236a8f852023900becc51ed65113ab6481ee0c40317ab08f996d8f87,234,234,640,512,True,621,0.0113412228797,36,35,189,189,0,benchmark_only,experimental_public_benchmark
GVF-2025-0069,jrsb4b9yy5_v1,CPEEK_PANEL_001,69,1.200000000,55.0,data/public_benchmark/images/frame_0069.png,data/public_benchmark/masks/frame_0069.png,d409fdb28cef5535c5a536c799f4e712c519df260b7302c4e0bb64ffc1a2d756,be1091c2236a8f852023900becc51ed65113ab6481ee0c40317ab08f996d8f87,234,234,640,512,True,621,0.0113412228797,36,35,189,189,0,benchmark_only,experimental_public_benchmark
GVF-2025-0070,jrsb4b9yy5_v1,CPEEK_PANEL_001,70,1.218181818,55.0,data/public_benchmark/images/frame_0070.png,data/public_benchmark/masks/frame_0070.png,41f4bd617c88dc103bfa6f80570121d5c5b57641cd05410010e322cd458718df,be1091c2236a8f852023900becc51ed65113ab6481ee0c40317ab08f996d8f87,234,234,640,512,True,621,0.0113412228797,36,35,189,189,0,benchmark_only,experimental_public_benchmark
GVF-2025-0071,jrsb4b9yy5_v1,CPEEK_PANEL_001,71,1.236363636,55.0,data/public_benchmark/images/frame_0071.png,data/public_benchmark/masks/frame_0071.png,c37f70891371c2633d676b2c4a597c2ff78da9abbff96e0a7e4226c434a1a160,be1091c2236a8f852023900becc51ed65113ab6481ee0c40317ab08f996d8f87,234,234,640,512,True,621,0.0113412228797,36,35,189,189,0,benchmark_only,experimental_public_benchmark
GVF-2025-0072,jrsb4b9yy5_v1,CPEEK_PANEL_001,72,1.254545455,55.0,data/public_benchmark/images/frame_0072.png,data/public_benchmark/masks/frame_0072.png,88c2d20fc6610025df2c9d7692542dfbb217581d13a0febb3a4c6f956e9b58be,be1091c2236a8f852023900becc51ed65113ab6481ee0c40317ab08f996d8f87,234,234,640,512,True,621,0.0113412228797,36,35,189,189,0,benchmark_only,experimental_public_benchmark
GVF-2025-0073,jrsb4b9yy5_v1,CPEEK_PANEL_001,73,1.272727273,55.0,data/public_benchmark/images/frame_0073.png,data/public_benchmark/masks/frame_0073.png,71299b2a87ec59e9a6bf145352fa94845efcc36dbcddd6e526d5077a25d77296,be1091c2236a8f852023900becc51ed65113ab6481ee0c40317ab08f996d8f87,234,234,640,512,True,621,0.0113412228797,36,35,189,189,0,benchmark_only,experimental_public_benchmark
GVF-2025-0074,jrsb4b9yy5_v1,CPEEK_PANEL_001,74,1.290909091,55.0,data/public_benchmark/images/frame_0074.png,data/public_benchmark/masks/frame_0074.png,dc332c87d1d2eccacece2826daad01f36f74e6939c5731f073cf6caf5d39db8f,be1091c2236a8f852023900becc51ed65113ab6481ee0c40317ab08f996d8f87,234,234,640,512,True,621,0.0113412228797,36,35,189,189,0,benchmark_only,experimental_public_benchmark
GVF-2025-0075,jrsb4b9yy5_v1,CPEEK_PANEL_001,75,1.309090909,55.0,data/public_benchmark/images/frame_0075.png,data/public_benchmark/masks/frame_0075.png,da115519957669b3bfbbb40274e9e94d0b8f953eb07d9aa031a22d3bf85ec154,be1091c2236a8f852023900becc51ed65113ab6481ee0c40317ab08f996d8f87,234,234,640,512,True,621,0.0113412228797,36,35,189,189,0,benchmark_only,experimental_public_benchmark
GVF-2025-0076,jrsb4b9yy5_v1,CPEEK_PANEL_001,76,1.327272727,55.0,data/public_benchmark/images/frame_0076.png,data/public_benchmark/masks/frame_0076.png,68c184045f1dd114b9c7189512b4b5ad438db39ae099bb1e06faa4d7cecfa125,be1091c2236a8f852023900becc51ed65113ab6481ee0c40317ab08f996d8f87,234,234,640,512,True,621,0.0113412228797,36,35,189,189,0,benchmark_only,experimental_public_benchmark
GVF-2025-0077,jrsb4b9yy5_v1,CPEEK_PANEL_001,77,1.345454545,55.0,data/public_benchmark/images/frame_0077.png,data/public_benchmark/masks/frame_0077.png,ec34f683f3eef50014f4b961846955d372ad69559b78a963039f5eff111d8f2a,be1091c2236a8f852023900becc51ed65113ab6481ee0c40317ab08f996d8f87,234,234,640,512,True,621,0.0113412228797,36,35,189,189,0,benchmark_only,experimental_public_benchmark
GVF-2025-0078,jrsb4b9yy5_v1,CPEEK_PANEL_001,78,1.363636364,55.0,data/public_benchmark/images/frame_0078.png,data/public_benchmark/masks/frame_0078.png,ae8e35b7587d8c1493a7916b112aac1532224b35e3a7c2652ddc4523cb82b1d6,be1091c2236a8f852023900becc51ed65113ab6481ee0c40317ab08f996d8f87,234,234,640,512,True,621,0.0113412228797,36,35,189,189,0,benchmark_only,experimental_public_benchmark
GVF-2025-0079,jrsb4b9yy5_v1,CPEEK_PANEL_001,79,1.381818182,55.0,data/public_benchmark/images/frame_0079.png,data/public_benchmark/masks/frame_0079.png,22c3a8fe01a62e92c36ee468bcecc1eac270e8246117f73fd338696eb51851c4,be1091c2236a8f852023900becc51ed65113ab6481ee0c40317ab08f996d8f87,234,234,640,512,True,621,0.0113412228797,36,35,189,189,0,benchmark_only,experimental_public_benchmark
GVF-2025-0080,jrsb4b9yy5_v1,CPEEK_PANEL_001,80,1.400000000,55.0,data/public_benchmark/images/frame_0080.png,data/public_benchmark/masks/frame_0080.png,b026eeba8fd84194b106e3c15a3620de5c31cceb2773d07e8a3f01d444768ffc,be1091c2236a8f852023900becc51ed65113ab6481ee0c40317ab08f996d8f87,234,234,640,512,True,621,0.0113412228797,36,35,189,189,0,benchmark_only,experimental_public_benchmark
GVF-2025-0081,jrsb4b9yy5_v1,CPEEK_PANEL_001,81,1.418181818,55.0,data/public_benchmark/images/frame_0081.png,data/public_benchmark/masks/frame_0081.png,3815e640e905ce62a9e5e5a93675a2a4509c65558de62726fb739909d68a16bf,be1091c2236a8f852023900becc51ed65113ab6481ee0c40317ab08f996d8f87,234,234,640,512,True,621,0.0113412228797,36,35,189,189,0,benchmark_only,experimental_public_benchmark
GVF-2025-0082,jrsb4b9yy5_v1,CPEEK_PANEL_001,82,1.436363636,55.0,data/public_benchmark/images/frame_0082.png,data/public_benchmark/masks/frame_0082.png,c630e863e34f5416532ab7717ee509a04a72f428384ff40411acddbc1e66302c,be1091c2236a8f852023900becc51ed65113ab6481ee0c40317ab08f996d8f87,234,234,640,512,True,621,0.0113412228797,36,35,189,189,0,benchmark_only,experimental_public_benchmark
GVF-2025-0083,jrsb4b9yy5_v1,CPEEK_PANEL_001,83,1.454545455,55.0,data/public_benchmark/images/frame_0083.png,data/public_benchmark/masks/frame_0083.png,944351c645f05488ed2579bf7ff2ed7d0e4f7913936179b8213c11f22ffc6bc7,be1091c2236a8f852023900becc51ed65113ab6481ee0c40317ab08f996d8f87,234,234,640,512,True,621,0.0113412228797,36,35,189,189,0,benchmark_only,experimental_public_benchmark
GVF-2025-0084,jrsb4b9yy5_v1,CPEEK_PANEL_001,84,1.472727273,55.0,data/public_benchmark/images/frame_0084.png,data/public_benchmark/masks/frame_0084.png,75ceb3c2a75743f52ad3b77550b6ffd9152ceda4e9009ffbefec958f3c8f33d2,be1091c2236a8f852023900becc51ed65113ab6481ee0c40317ab08f996d8f87,234,234,640,512,True,621,0.0113412228797,36,35,189,189,0,benchmark_only,experimental_public_benchmark
GVF-2025-0085,jrsb4b9yy5_v1,CPEEK_PANEL_001,85,1.490909091,55.0,data/public_benchmark/images/frame_0085.png,data/public_benchmark/masks/frame_0085.png,fe93389c04ee631c73571c558f958fd4a28dd6195d87c8ec9191712611b46f15,be1091c2236a8f852023900becc51ed65113ab6481ee0c40317ab08f996d8f87,234,234,640,512,True,621,0.0113412228797,36,35,189,189,0,benchmark_only,experimental_public_benchmark
GVF-2025-0086,jrsb4b9yy5_v1,CPEEK_PANEL_001,86,1.509090909,55.0,data/public_benchmark/images/frame_0086.png,data/public_benchmark/masks/frame_0086.png,af8ff585fd19d6eb4f83088b6e38ce4673bdb4d6c1bffadcf7ef993bbf539165,be1091c2236a8f852023900becc51ed65113ab6481ee0c40317ab08f996d8f87,234,234,640,512,True,621,0.0113412228797,36,35,189,189,0,benchmark_only,experimental_public_benchmark
GVF-2025-0087,jrsb4b9yy5_v1,CPEEK_PANEL_001,87,1.527272727,55.0,data/public_benchmark/images/frame_0087.png,data/public_benchmark/masks/frame_0087.png,4a09c4bfbc177458b478d275a8962e2dd85ffaddb26578639658d83ae81b0a31,be1091c2236a8f852023900becc51ed65113ab6481ee0c40317ab08f996d8f87,234,234,640,512,True,621,0.0113412228797,36,35,189,189,0,benchmark_only,experimental_public_benchmark
GVF-2025-0088,jrsb4b9yy5_v1,CPEEK_PANEL_001,88,1.545454545,55.0,data/public_benchmark/images/frame_0088.png,data/public_benchmark/masks/frame_0088.png,4712a93ecfc3507a174baec5d1ddb1b2dfff5915331f742fce38a8473ea6b5e8,be1091c2236a8f852023900becc51ed65113ab6481ee0c40317ab08f996d8f87,234,234,640,512,True,621,0.0113412228797,36,35,189,189,0,benchmark_only,experimental_public_benchmark
GVF-2025-0089,jrsb4b9yy5_v1,CPEEK_PANEL_001,89,1.563636364,55.0,data/public_benchmark/images/frame_0089.png,data/public_benchmark/masks/frame_0089.png,f4812dd87d876df4bad4de914c64f87501508deeb253174ef61427487f161d90,be1091c2236a8f852023900becc51ed65113ab6481ee0c40317ab08f996d8f87,234,234,640,512,True,621,0.0113412228797,36,35,189,189,0,benchmark_only,experimental_public_benchmark
GVF-2025-0090,jrsb4b9yy5_v1,CPEEK_PANEL_001,90,1.581818182,55.0,data/public_benchmark/images/frame_0090.png,data/public_benchmark/masks/frame_0090.png,a74024b5328e5ed152ef4c2c7d7c22177f13fd687ae8a489c903e8bd8e281377,be1091c2236a8f852023900becc51ed65113ab6481ee0c40317ab08f996d8f87,234,234,640,512,True,621,0.0113412228797,36,35,189,189,0,benchmark_only,experimental_public_benchmark
GVF-2025-0091,jrsb4b9yy5_v1,CPEEK_PANEL_001,91,1.600000000,55.0,data/public_benchmark/images/frame_0091.png,data/public_benchmark/masks/frame_0091.png,a18717d1bdf0bc780848d52d0a3a0d8c719179029917a18d64bcae9ffb141dc7,be1091c2236a8f852023900becc51ed65113ab6481ee0c40317ab08f996d8f87,234,234,640,512,True,621,0.0113412228797,36,35,189,189,0,benchmark_only,experimental_public_benchmark
GVF-2025-0092,jrsb4b9yy5_v1,CPEEK_PANEL_001,92,1.618181818,55.0,data/public_benchmark/images/frame_0092.png,data/public_benchmark/masks/frame_0092.png,a8d3f17ae55db982c6a51f1c5601ab0bc566bd2aee4e3887d59fe260e6717c10,be1091c2236a8f852023900becc51ed65113ab6481ee0c40317ab08f996d8f87,234,234,640,512,True,621,0.0113412228797,36,35,189,189,0,benchmark_only,experimental_public_benchmark
GVF-2025-0093,jrsb4b9yy5_v1,CPEEK_PANEL_001,93,1.636363636,55.0,data/public_benchmark/images/frame_0093.png,data/public_benchmark/masks/frame_0093.png,bf5b516d7040c381a437ec1841f0382d8cfcc62247a8427a89938699f936f341,be1091c2236a8f852023900becc51ed65113ab6481ee0c40317ab08f996d8f87,234,234,640,512,True,621,0.0113412228797,36,35,189,189,0,benchmark_only,experimental_public_benchmark
GVF-2025-0094,jrsb4b9yy5_v1,CPEEK_PANEL_001,94,1.654545455,55.0,data/public_benchmark/images/frame_0094.png,data/public_benchmark/masks/frame_0094.png,ecf2a76e0eec2f5f55de8ec28c1d407e5908dd729f965837f7d0c272ba72584b,be1091c2236a8f852023900becc51ed65113ab6481ee0c40317ab08f996d8f87,234,234,640,512,True,621,0.0113412228797,36,35,189,189,0,benchmark_only,experimental_public_benchmark
GVF-2025-0095,jrsb4b9yy5_v1,CPEEK_PANEL_001,95,1.672727273,55.0,data/public_benchmark/images/frame_0095.png,data/public_benchmark/masks/frame_0095.png,140a4575f83f43a5319f817699a8a037b319ff23d814608e629a4320fd2900f6,be1091c2236a8f852023900becc51ed65113ab6481ee0c40317ab08f996d8f87,234,234,640,512,True,621,0.0113412228797,36,35,189,189,0,benchmark_only,experimental_public_benchmark
GVF-2025-0096,jrsb4b9yy5_v1,CPEEK_PANEL_001,96,1.690909091,55.0,data/public_benchmark/images/frame_0096.png,data/public_benchmark/masks/frame_0096.png,46b03e302efa39379e744017c56fdcf498033cebf1f283c0d80373e25ba3bf05,be1091c2236a8f852023900becc51ed65113ab6481ee0c40317ab08f996d8f87,234,234,640,512,True,621,0.0113412228797,36,35,189,189,0,benchmark_only,experimental_public_benchmark
GVF-2025-0097,jrsb4b9yy5_v1,CPEEK_PANEL_001,97,1.709090909,55.0,data/public_benchmark/images/frame_0097.png,data/public_benchmark/masks/frame_0097.png,df1991721252ecd55da325c1b97e73865cfee54f87cf9f81fddabc505427d4aa,be1091c2236a8f852023900becc51ed65113ab6481ee0c40317ab08f996d8f87,234,234,640,512,True,621,0.0113412228797,36,35,189,189,0,benchmark_only,experimental_public_benchmark
GVF-2025-0098,jrsb4b9yy5_v1,CPEEK_PANEL_001,98,1.727272727,55.0,data/public_benchmark/images/frame_0098.png,data/public_benchmark/masks/frame_0098.png,246795ddcacb17d8a469002cc0e517c0d29838d063762a228464345a3ec0cc63,be1091c2236a8f852023900becc51ed65113ab6481ee0c40317ab08f996d8f87,234,234,640,512,True,621,0.0113412228797,36,35,189,189,0,benchmark_only,experimental_public_benchmark
GVF-2025-0099,jrsb4b9yy5_v1,CPEEK_PANEL_001,99,1.745454545,55.0,data/public_benchmark/images/frame_0099.png,data/public_benchmark/masks/frame_0099.png,c24a6d69498f3202c536c08450bb55ec41685c07aec107a67e2722fb83c685bc,be1091c2236a8f852023900becc51ed65113ab6481ee0c40317ab08f996d8f87,234,234,640,512,True,621,0.0113412228797,36,35,189,189,0,benchmark_only,experimental_public_benchmark
GVF-2025-0100,jrsb4b9yy5_v1,CPEEK_PANEL_001,100,1.763636364,55.0,data/public_benchmark/images/frame_0100.png,data/public_benchmark/masks/frame_0100.png,908fee16fe232a0951bd3d13ec5f69f20defb7e69cfcca642ae4d7c59f6ebe99,be1091c2236a8f852023900becc51ed65113ab6481ee0c40317ab08f996d8f87,234,234,640,512,True,621,0.0113412228797,36,35,189,189,0,benchmark_only,experimental_public_benchmark
GVF-2025-0101,jrsb4b9yy5_v1,CPEEK_PANEL_001,101,1.781818182,55.0,data/public_benchmark/images/frame_0101.png,data/public_benchmark/masks/frame_0101.png,6bf0b58a77a48254fc984bba2d59b89ed6c603c80ee8e6416781ac304f6c3240,be1091c2236a8f852023900becc51ed65113ab6481ee0c40317ab08f996d8f87,234,234,640,512,True,621,0.0113412228797,36,35,189,189,0,benchmark_only,experimental_public_benchmark
GVF-2025-0102,jrsb4b9yy5_v1,CPEEK_PANEL_001,102,1.800000000,55.0,data/public_benchmark/images/frame_0102.png,data/public_benchmark/masks/frame_0102.png,0a89b5d2ab7c3afd3a4b8ba544f7dc602c4f25e6aa1dfba5d4c7739971de3a53,be1091c2236a8f852023900becc51ed65113ab6481ee0c40317ab08f996d8f87,234,234,640,512,True,621,0.0113412228797,36,35,189,189,0,benchmark_only,experimental_public_benchmark
GVF-2025-0103,jrsb4b9yy5_v1,CPEEK_PANEL_001,103,1.818181818,55.0,data/public_benchmark/images/frame_0103.png,data/public_benchmark/masks/frame_0103.png,94eb3fcd12b272356608f84a0ebcf90b8bcd1f6492ceae1ef74e7207b5844c2c,be1091c2236a8f852023900becc51ed65113ab6481ee0c40317ab08f996d8f87,234,234,640,512,True,621,0.0113412228797,36,35,189,189,0,benchmark_only,experimental_public_benchmark
GVF-2025-0104,jrsb4b9yy5_v1,CPEEK_PANEL_001,104,1.836363636,55.0,data/public_benchmark/images/frame_0104.png,data/public_benchmark/masks/frame_0104.png,e062185f2ca0b857557d9f035ad3d1726a265ce2db16acda32e086ef411081a0,be1091c2236a8f852023900becc51ed65113ab6481ee0c40317ab08f996d8f87,234,234,640,512,True,621,0.0113412228797,36,35,189,189,0,benchmark_only,experimental_public_benchmark
GVF-2025-0105,jrsb4b9yy5_v1,CPEEK_PANEL_001,105,1.854545455,55.0,data/public_benchmark/images/frame_0105.png,data/public_benchmark/masks/frame_0105.png,c5a227576517e383625e48b2fad5a279c5c5a027c457985d3d7b04526dc78b6f,be1091c2236a8f852023900becc51ed65113ab6481ee0c40317ab08f996d8f87,234,234,640,512,True,621,0.0113412228797,36,35,189,189,0,benchmark_only,experimental_public_benchmark
GVF-2025-0106,jrsb4b9yy5_v1,CPEEK_PANEL_001,106,1.872727273,55.0,data/public_benchmark/images/frame_0106.png,data/public_benchmark/masks/frame_0106.png,5c7dff86010bfb20197aa0a6a5afa074291ea2e02e142fe2b1f83accaa91072f,be1091c2236a8f852023900becc51ed65113ab6481ee0c40317ab08f996d8f87,234,234,640,512,True,621,0.0113412228797,36,35,189,189,0,benchmark_only,experimental_public_benchmark
GVF-2025-0107,jrsb4b9yy5_v1,CPEEK_PANEL_001,107,1.890909091,55.0,data/public_benchmark/images/frame_0107.png,data/public_benchmark/masks/frame_0107.png,2b18d7251be548b1a5b24f3daf122279d9ae06998dffbd70ee3199c34285a351,be1091c2236a8f852023900becc51ed65113ab6481ee0c40317ab08f996d8f87,234,234,640,512,True,621,0.0113412228797,36,35,189,189,0,benchmark_only,experimental_public_benchmark
GVF-2025-0108,jrsb4b9yy5_v1,CPEEK_PANEL_001,108,1.909090909,55.0,data/public_benchmark/images/frame_0108.png,data/public_benchmark/masks/frame_0108.png,bbf7b5617ef08086a57689f97c3b22db7044380019e6b8cd1248b00cee6ca640,be1091c2236a8f852023900becc51ed65113ab6481ee0c40317ab08f996d8f87,234,234,640,512,True,621,0.0113412228797,36,35,189,189,0,benchmark_only,experimental_public_benchmark
GVF-2025-0109,jrsb4b9yy5_v1,CPEEK_PANEL_001,109,1.927272727,55.0,data/public_benchmark/images/frame_0109.png,data/public_benchmark/masks/frame_0109.png,6729b0d6409a5c0c30c05da018f5b193cdc0acac5abc24411d263ccffedfb3ff,be1091c2236a8f852023900becc51ed65113ab6481ee0c40317ab08f996d8f87,234,234,640,512,True,621,0.0113412228797,36,35,189,189,0,benchmark_only,experimental_public_benchmark
GVF-2025-0110,jrsb4b9yy5_v1,CPEEK_PANEL_001,110,1.945454545,55.0,data/public_benchmark/images/frame_0110.png,data/public_benchmark/masks/frame_0110.png,bd24def8534cf4bf6b5ef00bdc003c46734b1fa07b02378efb6e0a36d014a290,be1091c2236a8f852023900becc51ed65113ab6481ee0c40317ab08f996d8f87,234,234,640,512,True,621,0.0113412228797,36,35,189,189,0,benchmark_only,experimental_public_benchmark
GVF-2025-0111,jrsb4b9yy5_v1,CPEEK_PANEL_001,111,1.963636364,55.0,data/public_benchmark/images/frame_0111.png,data/public_benchmark/masks/frame_0111.png,ece92f5c6d1d03b5b3a972f16a210c12079440b504470640659c77c22a6a2ef2,be1091c2236a8f852023900becc51ed65113ab6481ee0c40317ab08f996d8f87,234,234,640,512,True,621,0.0113412228797,36,35,189,189,0,benchmark_only,experimental_public_benchmark
GVF-2025-0112,jrsb4b9yy5_v1,CPEEK_PANEL_001,112,1.981818182,55.0,data/public_benchmark/images/frame_0112.png,data/public_benchmark/masks/frame_0112.png,b727999035c3907f0799974eea8a107fbfeda902cf9ef8be9d32365fdc7baa19,be1091c2236a8f852023900becc51ed65113ab6481ee0c40317ab08f996d8f87,234,234,640,512,True,621,0.0113412228797,36,35,189,189,0,benchmark_only,experimental_public_benchmark
GVF-2025-0113,jrsb4b9yy5_v1,CPEEK_PANEL_001,113,2.000000000,55.0,data/public_benchmark/images/frame_0113.png,data/public_benchmark/masks/frame_0113.png,2d845ca5633bba4eee6c48e8660224699328fbc1d4ce5d0cec7056cb25de8042,be1091c2236a8f852023900becc51ed65113ab6481ee0c40317ab08f996d8f87,234,234,640,512,True,621,0.0113412228797,36,35,189,189,0,benchmark_only,experimental_public_benchmark
GVF-2025-0114,jrsb4b9yy5_v1,CPEEK_PANEL_001,114,2.018181818,55.0,data/public_benchmark/images/frame_0114.png,data/public_benchmark/masks/frame_0114.png,3eac2d91c5b4843ee3e159ac0a6fef502ccf8f903a89c8e36f1a824fe6709a39,be1091c2236a8f852023900becc51ed65113ab6481ee0c40317ab08f996d8f87,234,234,640,512,True,621,0.0113412228797,36,35,189,189,0,benchmark_only,experimental_public_benchmark
GVF-2025-0115,jrsb4b9yy5_v1,CPEEK_PANEL_001,115,2.036363636,55.0,data/public_benchmark/images/frame_0115.png,data/public_benchmark/masks/frame_0115.png,581c16edfa48e8f0cab926e7b279c3d137f9d6f702a601bc7d391d1a0d6ca7d6,be1091c2236a8f852023900becc51ed65113ab6481ee0c40317ab08f996d8f87,234,234,640,512,True,621,0.0113412228797,36,35,189,189,0,benchmark_only,experimental_public_benchmark
GVF-2025-0116,jrsb4b9yy5_v1,CPEEK_PANEL_001,116,2.054545455,55.0,data/public_benchmark/images/frame_0116.png,data/public_benchmark/masks/frame_0116.png,e0661ecc9d0fbfeb8206ab8f463df1416f83c6c67946421b9ee18f793631bd89,be1091c2236a8f852023900becc51ed65113ab6481ee0c40317ab08f996d8f87,234,234,640,512,True,621,0.0113412228797,36,35,189,189,0,benchmark_only,experimental_public_benchmark
GVF-2025-0117,jrsb4b9yy5_v1,CPEEK_PANEL_001,117,2.072727273,55.0,data/public_benchmark/images/frame_0117.png,data/public_benchmark/masks/frame_0117.png,36883a9d709337adee102af2c6f6806368c3ddcd7695059e8f8b9652591d5295,be1091c2236a8f852023900becc51ed65113ab6481ee0c40317ab08f996d8f87,234,234,640,512,True,621,0.0113412228797,36,35,189,189,0,benchmark_only,experimental_public_benchmark
GVF-2025-0118,jrsb4b9yy5_v1,CPEEK_PANEL_001,118,2.090909091,55.0,data/public_benchmark/images/frame_0118.png,data/public_benchmark/masks/frame_0118.png,86c16c0714cf19a73bd362340b6509acbf622995a7b8dfad8a8388e6b94511d4,be1091c2236a8f852023900becc51ed65113ab6481ee0c40317ab08f996d8f87,234,234,640,512,True,621,0.0113412228797,36,35,189,189,0,benchmark_only,experimental_public_benchmark
GVF-2025-0119,jrsb4b9yy5_v1,CPEEK_PANEL_001,119,2.109090909,55.0,data/public_benchmark/images/frame_0119.png,data/public_benchmark/masks/frame_0119.png,023ad760e4f4b7e28f518ef37ef7f972f5050820f129fb82bb983bc027a34368,be1091c2236a8f852023900becc51ed65113ab6481ee0c40317ab08f996d8f87,234,234,640,512,True,621,0.0113412228797,36,35,189,189,0,benchmark_only,experimental_public_benchmark
GVF-2025-0120,jrsb4b9yy5_v1,CPEEK_PANEL_001,120,2.127272727,55.0,data/public_benchmark/images/frame_0120.png,data/public_benchmark/masks/frame_0120.png,570f04b8842dbba7e8e640e19d8d87b3e2539b66afde9414afa326fc8dca659d,be1091c2236a8f852023900becc51ed65113ab6481ee0c40317ab08f996d8f87,234,234,640,512,True,621,0.0113412228797,36,35,189,189,0,benchmark_only,experimental_public_benchmark
GVF-2025-0121,jrsb4b9yy5_v1,CPEEK_PANEL_001,121,2.145454545,55.0,data/public_benchmark/images/frame_0121.png,data/public_benchmark/masks/frame_0121.png,9fc4d2f33cc8c87452f7ad140d48067eddf175d995495aaf5f3af10eafb0fa44,34489779bd094fce3576b77912e272ee4c1e9ba599c2ad9645cbfc5834fae576,234,234,640,512,True,561,0.0102454525531,36,35,189,186,0,benchmark_only,experimental_public_benchmark
GVF-2025-0122,jrsb4b9yy5_v1,CPEEK_PANEL_001,122,2.163636364,55.0,data/public_benchmark/images/frame_0122.png,data/public_benchmark/masks/frame_0122.png,e1c802870cd43e0df32a123b8fb023990e62e2152de35a0b5e274c6df91e85ef,34489779bd094fce3576b77912e272ee4c1e9ba599c2ad9645cbfc5834fae576,234,234,640,512,True,561,0.0102454525531,36,35,189,186,0,benchmark_only,experimental_public_benchmark
GVF-2025-0123,jrsb4b9yy5_v1,CPEEK_PANEL_001,123,2.181818182,55.0,data/public_benchmark/images/frame_0123.png,data/public_benchmark/masks/frame_0123.png,df26f68f05791978e14edaa61d7c366096c5f82bb64c3b75ff0769dfb5f32192,2196ae049e4ba906c7f48ec888e4334917fe5014a4292ba3dcd2a99da3f3ee1f,234,234,640,512,True,531,0.00969756738988,36,35,189,121,0,benchmark_only,experimental_public_benchmark
GVF-2025-0124,jrsb4b9yy5_v1,CPEEK_PANEL_001,124,2.200000000,55.0,data/public_benchmark/images/frame_0124.png,data/public_benchmark/masks/frame_0124.png,2dcbf2107a7a1992a758a7db679de819d7456ddec13be62820f794a057636fe4,2196ae049e4ba906c7f48ec888e4334917fe5014a4292ba3dcd2a99da3f3ee1f,234,234,640,512,True,531,0.00969756738988,36,35,189,121,0,benchmark_only,experimental_public_benchmark
GVF-2025-0125,jrsb4b9yy5_v1,CPEEK_PANEL_001,125,2.218181818,55.0,data/public_benchmark/images/frame_0125.png,data/public_benchmark/masks/frame_0125.png,40ee4c558f938e29d6ca2a580c3b5dfe03c7676e6eb87293caa42b55ce698466,2196ae049e4ba906c7f48ec888e4334917fe5014a4292ba3dcd2a99da3f3ee1f,234,234,640,512,True,531,0.00969756738988,36,35,189,121,0,benchmark_only,experimental_public_benchmark
GVF-2025-0126,jrsb4b9yy5_v1,CPEEK_PANEL_001,126,2.236363636,55.0,data/public_benchmark/images/frame_0126.png,data/public_benchmark/masks/frame_0126.png,d391d9298051ff5a01d0820551f0bf8cd714d3f039cf3978f7a094ee9ab7ebb7,2196ae049e4ba906c7f48ec888e4334917fe5014a4292ba3dcd2a99da3f3ee1f,234,234,640,512,True,531,0.00969756738988,36,35,189,121,0,benchmark_only,experimental_public_benchmark
GVF-2025-0127,jrsb4b9yy5_v1,CPEEK_PANEL_001,127,2.254545455,55.0,data/public_benchmark/images/frame_0127.png,data/public_benchmark/masks/frame_0127.png,9e2386c5dcd33f93c257aa830fa98dd5639b860c6509dec705bd98d3704a4ec0,2196ae049e4ba906c7f48ec888e4334917fe5014a4292ba3dcd2a99da3f3ee1f,234,234,640,512,True,531,0.00969756738988,36,35,189,121,0,benchmark_only,experimental_public_benchmark
GVF-2025-0128,jrsb4b9yy5_v1,CPEEK_PANEL_001,128,2.272727273,55.0,data/public_benchmark/images/frame_0128.png,data/public_benchmark/masks/frame_0128.png,805f957502072cf13b471ec0e7d89f7b868fb38c38831652ce1a1ee8937e0086,2196ae049e4ba906c7f48ec888e4334917fe5014a4292ba3dcd2a99da3f3ee1f,234,234,640,512,True,531,0.00969756738988,36,35,189,121,0,benchmark_only,experimental_public_benchmark
GVF-2025-0129,jrsb4b9yy5_v1,CPEEK_PANEL_001,129,2.290909091,55.0,data/public_benchmark/images/frame_0129.png,data/public_benchmark/masks/frame_0129.png,1aeee9dcf8382e93bfb690c8ef9468bef7d78abe89d5ea5459d59316ae508106,2196ae049e4ba906c7f48ec888e4334917fe5014a4292ba3dcd2a99da3f3ee1f,234,234,640,512,True,531,0.00969756738988,36,35,189,121,0,benchmark_only,experimental_public_benchmark
GVF-2025-0130,jrsb4b9yy5_v1,CPEEK_PANEL_001,130,2.309090909,55.0,data/public_benchmark/images/frame_0130.png,data/public_benchmark/masks/frame_0130.png,70d3774b44cab2db17db6f834b662f31b8d56e880bb66a78a9d3122d22c0fd65,2196ae049e4ba906c7f48ec888e4334917fe5014a4292ba3dcd2a99da3f3ee1f,234,234,640,512,True,531,0.00969756738988,36,35,189,121,0,benchmark_only,experimental_public_benchmark
GVF-2025-0131,jrsb4b9yy5_v1,CPEEK_PANEL_001,131,2.327272727,55.0,data/public_benchmark/images/frame_0131.png,data/public_benchmark/masks/frame_0131.png,1ddf8a500b8ebe203e2032cd6d46e604ec45e5619f436639bc1106055cbf2f17,2196ae049e4ba906c7f48ec888e4334917fe5014a4292ba3dcd2a99da3f3ee1f,234,234,640,512,True,531,0.00969756738988,36,35,189,121,0,benchmark_only,experimental_public_benchmark
GVF-2025-0132,jrsb4b9yy5_v1,CPEEK_PANEL_001,132,2.345454545,55.0,data/public_benchmark/images/frame_0132.png,data/public_benchmark/masks/frame_0132.png,dc58ac84ab57f771497305454b645d6118f4e6b3c67c2393d7c0b53419527b99,2196ae049e4ba906c7f48ec888e4334917fe5014a4292ba3dcd2a99da3f3ee1f,234,234,640,512,True,531,0.00969756738988,36,35,189,121,0,benchmark_only,experimental_public_benchmark
GVF-2025-0133,jrsb4b9yy5_v1,CPEEK_PANEL_001,133,2.363636364,55.0,data/public_benchmark/images/frame_0133.png,data/public_benchmark/masks/frame_0133.png,491de12b1edcdd30039c9e5a7979371596d3d25604206ddd4b9832aff5900f3d,2196ae049e4ba906c7f48ec888e4334917fe5014a4292ba3dcd2a99da3f3ee1f,234,234,640,512,True,531,0.00969756738988,36,35,189,121,0,benchmark_only,experimental_public_benchmark
GVF-2025-0134,jrsb4b9yy5_v1,CPEEK_PANEL_001,134,2.381818182,55.0,data/public_benchmark/images/frame_0134.png,data/public_benchmark/masks/frame_0134.png,d00d0701391398f1122a5c4a246d5c0890009b9e9c10b85a96c6c4af8d9b3af4,2196ae049e4ba906c7f48ec888e4334917fe5014a4292ba3dcd2a99da3f3ee1f,234,234,640,512,True,531,0.00969756738988,36,35,189,121,0,benchmark_only,experimental_public_benchmark
GVF-2025-0135,jrsb4b9yy5_v1,CPEEK_PANEL_001,135,2.400000000,55.0,data/public_benchmark/images/frame_0135.png,data/public_benchmark/masks/frame_0135.png,d894d1774ec72b367865d4ca89fb43c3180e2c23ab6bb81ace6ba9839e1fc219,2196ae049e4ba906c7f48ec888e4334917fe5014a4292ba3dcd2a99da3f3ee1f,234,234,640,512,True,531,0.00969756738988,36,35,189,121,0,benchmark_only,experimental_public_benchmark
GVF-2025-0136,jrsb4b9yy5_v1,CPEEK_PANEL_001,136,2.418181818,55.0,data/public_benchmark/images/frame_0136.png,data/public_benchmark/masks/frame_0136.png,19a63ed055a376d394c9104caeb7e9610a61c8ed2996f2f1325f042b967d3660,2196ae049e4ba906c7f48ec888e4334917fe5014a4292ba3dcd2a99da3f3ee1f,234,234,640,512,True,531,0.00969756738988,36,35,189,121,0,benchmark_only,experimental_public_benchmark
GVF-2025-0137,jrsb4b9yy5_v1,CPEEK_PANEL_001,137,2.436363636,55.0,data/public_benchmark/images/frame_0137.png,data/public_benchmark/masks/frame_0137.png,26bf1de96c99a882c4db6bf3e1276cf1b1da9a097573217034bfa965ced70e8e,2196ae049e4ba906c7f48ec888e4334917fe5014a4292ba3dcd2a99da3f3ee1f,234,234,640,512,True,531,0.00969756738988,36,35,189,121,0,benchmark_only,experimental_public_benchmark
GVF-2025-0138,jrsb4b9yy5_v1,CPEEK_PANEL_001,138,2.454545455,55.0,data/public_benchmark/images/frame_0138.png,data/public_benchmark/masks/frame_0138.png,29fc1fef2aa8bd76c5185ec7f758ea767d4f09b3160dda931421e5e1dc12f0d6,2196ae049e4ba906c7f48ec888e4334917fe5014a4292ba3dcd2a99da3f3ee1f,234,234,640,512,True,531,0.00969756738988,36,35,189,121,0,benchmark_only,experimental_public_benchmark
GVF-2025-0139,jrsb4b9yy5_v1,CPEEK_PANEL_001,139,2.472727273,55.0,data/public_benchmark/images/frame_0139.png,data/public_benchmark/masks/frame_0139.png,d490c2af2c2ec42418b22a19c222bce721227f053ff7607bf59eab5ba7d6fc05,2196ae049e4ba906c7f48ec888e4334917fe5014a4292ba3dcd2a99da3f3ee1f,234,234,640,512,True,531,0.00969756738988,36,35,189,121,0,benchmark_only,experimental_public_benchmark
GVF-2025-0140,jrsb4b9yy5_v1,CPEEK_PANEL_001,140,2.490909091,55.0,data/public_benchmark/images/frame_0140.png,data/public_benchmark/masks/frame_0140.png,bdfb9aec7b28f3ff751ce93072fd60425fe2f21d570d1e43ffe269bb5f223400,2196ae049e4ba906c7f48ec888e4334917fe5014a4292ba3dcd2a99da3f3ee1f,234,234,640,512,True,531,0.00969756738988,36,35,189,121,0,benchmark_only,experimental_public_benchmark
GVF-2025-0141,jrsb4b9yy5_v1,CPEEK_PANEL_001,141,2.509090909,55.0,data/public_benchmark/images/frame_0141.png,data/public_benchmark/masks/frame_0141.png,61c9a987ea2eb7858f3411d7b0efc6403f6d6cb50d072eb50a0bcc3bfdf581a1,2196ae049e4ba906c7f48ec888e4334917fe5014a4292ba3dcd2a99da3f3ee1f,234,234,640,512,True,531,0.00969756738988,36,35,189,121,0,benchmark_only,experimental_public_benchmark
GVF-2025-0142,jrsb4b9yy5_v1,CPEEK_PANEL_001,142,2.527272727,55.0,data/public_benchmark/images/frame_0142.png,data/public_benchmark/masks/frame_0142.png,0822eb4e687281e4af7766552f7eaecf1b271e583a37f5e5bf6803315f0667bc,2196ae049e4ba906c7f48ec888e4334917fe5014a4292ba3dcd2a99da3f3ee1f,234,234,640,512,True,531,0.00969756738988,36,35,189,121,0,benchmark_only,experimental_public_benchmark
GVF-2025-0143,jrsb4b9yy5_v1,CPEEK_PANEL_001,143,2.545454545,55.0,data/public_benchmark/images/frame_0143.png,data/public_benchmark/masks/frame_0143.png,c77b0d2b107e37686d8b26f56879b4834c2831845507f4ccff063484e129e8cb,2196ae049e4ba906c7f48ec888e4334917fe5014a4292ba3dcd2a99da3f3ee1f,234,234,640,512,True,531,0.00969756738988,36,35,189,121,0,benchmark_only,experimental_public_benchmark
GVF-2025-0144,jrsb4b9yy5_v1,CPEEK_PANEL_001,144,2.563636364,55.0,data/public_benchmark/images/frame_0144.png,data/public_benchmark/masks/frame_0144.png,f531dcee911b891047c4df3b10919b72b8ac5eab634c7d66f47611a1556d8f86,2196ae049e4ba906c7f48ec888e4334917fe5014a4292ba3dcd2a99da3f3ee1f,234,234,640,512,True,531,0.00969756738988,36,35,189,121,0,benchmark_only,experimental_public_benchmark
GVF-2025-0145,jrsb4b9yy5_v1,CPEEK_PANEL_001,145,2.581818182,55.0,data/public_benchmark/images/frame_0145.png,data/public_benchmark/masks/frame_0145.png,a3a1e63e6813f05c918981f12a20b5dee763035bc52c2e73306d5bb25a813f2c,2196ae049e4ba906c7f48ec888e4334917fe5014a4292ba3dcd2a99da3f3ee1f,234,234,640,512,True,531,0.00969756738988,36,35,189,121,0,benchmark_only,experimental_public_benchmark
GVF-2025-0146,jrsb4b9yy5_v1,CPEEK_PANEL_001,146,2.600000000,55.0,data/public_benchmark/images/frame_0146.png,data/public_benchmark/masks/frame_0146.png,14e59967fbf12d92de956db645b363fc3695f8dc1f529bb2225e0ce95b912a84,2196ae049e4ba906c7f48ec888e4334917fe5014a4292ba3dcd2a99da3f3ee1f,234,234,640,512,True,531,0.00969756738988,36,35,189,121,0,benchmark_only,experimental_public_benchmark
GVF-2025-0147,jrsb4b9yy5_v1,CPEEK_PANEL_001,147,2.618181818,55.0,data/public_benchmark/images/frame_0147.png,data/public_benchmark/masks/frame_0147.png,caa90eb517a605e0c41952b58baaa405b5f6992d1533755a73ef117606098d08,2196ae049e4ba906c7f48ec888e4334917fe5014a4292ba3dcd2a99da3f3ee1f,234,234,640,512,True,531,0.00969756738988,36,35,189,121,0,benchmark_only,experimental_public_benchmark
GVF-2025-0148,jrsb4b9yy5_v1,CPEEK_PANEL_001,148,2.636363636,55.0,data/public_benchmark/images/frame_0148.png,data/public_benchmark/masks/frame_0148.png,1b5b9d932f3eaf2b81f537848149aebf340e5a17843c8ac60e535f3716ee6635,2196ae049e4ba906c7f48ec888e4334917fe5014a4292ba3dcd2a99da3f3ee1f,234,234,640,512,True,531,0.00969756738988,36,35,189,121,0,benchmark_only,experimental_public_benchmark
GVF-2025-0149,jrsb4b9yy5_v1,CPEEK_PANEL_001,149,2.654545455,55.0,data/public_benchmark/images/frame_0149.png,data/public_benchmark/masks/frame_0149.png,e0563510172420e390c8b7ac529cd99c433ab7a4fa796c4ab755a4aa1a8569a6,2196ae049e4ba906c7f48ec888e4334917fe5014a4292ba3dcd2a99da3f3ee1f,234,234,640,512,True,531,0.00969756738988,36,35,189,121,0,benchmark_only,experimental_public_benchmark
GVF-2025-0150,jrsb4b9yy5_v1,CPEEK_PANEL_001,150,2.672727273,55.0,data/public_benchmark/images/frame_0150.png,data/public_benchmark/masks/frame_0150.png,e609061211cdc6f91d93f8b12cef63f11102adc822b3aa3d95c8e8d155a282d6,2196ae049e4ba906c7f48ec888e4334917fe5014a4292ba3dcd2a99da3f3ee1f,234,234,640,512,True,531,0.00969756738988,36,35,189,121,0,benchmark_only,experimental_public_benchmark
GVF-2025-0151,jrsb4b9yy5_v1,CPEEK_PANEL_001,151,2.690909091,55.0,data/public_benchmark/images/frame_0151.png,data/public_benchmark/masks/frame_0151.png,9d5e7664c9bc080b651fb766583996046c6cb2182fdc3594343aab37b842666d,2196ae049e4ba906c7f48ec888e4334917fe5014a4292ba3dcd2a99da3f3ee1f,234,234,640,512,True,531,0.00969756738988,36,35,189,121,0,benchmark_only,experimental_public_benchmark
GVF-2025-0152,jrsb4b9yy5_v1,CPEEK_PANEL_001,152,2.709090909,55.0,data/public_benchmark/images/frame_0152.png,data/public_benchmark/masks/frame_0152.png,5d032b577d8afb3bcdf0437fcab788d30b3752b985df2041856a971fc21d376c,2196ae049e4ba906c7f48ec888e4334917fe5014a4292ba3dcd2a99da3f3ee1f,234,234,640,512,True,531,0.00969756738988,36,35,189,121,0,benchmark_only,experimental_public_benchmark
GVF-2025-0153,jrsb4b9yy5_v1,CPEEK_PANEL_001,153,2.727272727,55.0,data/public_benchmark/images/frame_0153.png,data/public_benchmark/masks/frame_0153.png,87aa264b01821fa3a1cc70068043a8da2a443f5cd39b7b07aa5e7b358b9f1fe3,2196ae049e4ba906c7f48ec888e4334917fe5014a4292ba3dcd2a99da3f3ee1f,234,234,640,512,True,531,0.00969756738988,36,35,189,121,0,benchmark_only,experimental_public_benchmark
GVF-2025-0154,jrsb4b9yy5_v1,CPEEK_PANEL_001,154,2.745454545,55.0,data/public_benchmark/images/frame_0154.png,data/public_benchmark/masks/frame_0154.png,5e2b8c4e4319e28c1dd6440d050d82f836f21a134c4d826d4183b37a5b4af262,2196ae049e4ba906c7f48ec888e4334917fe5014a4292ba3dcd2a99da3f3ee1f,234,234,640,512,True,531,0.00969756738988,36,35,189,121,0,benchmark_only,experimental_public_benchmark
GVF-2025-0155,jrsb4b9yy5_v1,CPEEK_PANEL_001,155,2.763636364,55.0,data/public_benchmark/images/frame_0155.png,data/public_benchmark/masks/frame_0155.png,ce2245f02a6113190ca9609511de17e04072990f386c2f2e43da1ecf76173550,2196ae049e4ba906c7f48ec888e4334917fe5014a4292ba3dcd2a99da3f3ee1f,234,234,640,512,True,531,0.00969756738988,36,35,189,121,0,benchmark_only,experimental_public_benchmark
GVF-2025-0156,jrsb4b9yy5_v1,CPEEK_PANEL_001,156,2.781818182,55.0,data/public_benchmark/images/frame_0156.png,data/public_benchmark/masks/frame_0156.png,3e57cb7396ae8b868e51a34ce2095cda7e2b1214d08dde942c7506804c834852,2196ae049e4ba906c7f48ec888e4334917fe5014a4292ba3dcd2a99da3f3ee1f,234,234,640,512,True,531,0.00969756738988,36,35,189,121,0,benchmark_only,experimental_public_benchmark
GVF-2025-0157,jrsb4b9yy5_v1,CPEEK_PANEL_001,157,2.800000000,55.0,data/public_benchmark/images/frame_0157.png,data/public_benchmark/masks/frame_0157.png,c2ba2a3625a89600ce610114b0522b183de50175590b7e5f1561a36c6a358ecd,2196ae049e4ba906c7f48ec888e4334917fe5014a4292ba3dcd2a99da3f3ee1f,234,234,640,512,True,531,0.00969756738988,36,35,189,121,0,benchmark_only,experimental_public_benchmark
GVF-2025-0158,jrsb4b9yy5_v1,CPEEK_PANEL_001,158,2.818181818,55.0,data/public_benchmark/images/frame_0158.png,data/public_benchmark/masks/frame_0158.png,28c4b5614d5df68533e25ae34c8235e85146ad7d4c810076466d682d5b5f0636,2196ae049e4ba906c7f48ec888e4334917fe5014a4292ba3dcd2a99da3f3ee1f,234,234,640,512,True,531,0.00969756738988,36,35,189,121,0,benchmark_only,experimental_public_benchmark
GVF-2025-0159,jrsb4b9yy5_v1,CPEEK_PANEL_001,159,2.836363636,55.0,data/public_benchmark/images/frame_0159.png,data/public_benchmark/masks/frame_0159.png,2009e99ce6249138b34366ff613db2e031c608ecda3fd949e165c5efd961adfb,2196ae049e4ba906c7f48ec888e4334917fe5014a4292ba3dcd2a99da3f3ee1f,234,234,640,512,True,531,0.00969756738988,36,35,189,121,0,benchmark_only,experimental_public_benchmark
GVF-2025-0160,jrsb4b9yy5_v1,CPEEK_PANEL_001,160,2.854545455,55.0,data/public_benchmark/images/frame_0160.png,data/public_benchmark/masks/frame_0160.png,90dcf2c087fc40e09c41a2187184eb3a1487773c4870c82c4641cd2e85fa44e3,2196ae049e4ba906c7f48ec888e4334917fe5014a4292ba3dcd2a99da3f3ee1f,234,234,640,512,True,531,0.00969756738988,36,35,189,121,0,benchmark_only,experimental_public_benchmark
GVF-2025-0161,jrsb4b9yy5_v1,CPEEK_PANEL_001,161,2.872727273,55.0,data/public_benchmark/images/frame_0161.png,data/public_benchmark/masks/frame_0161.png,cc2198e1d9079c8a80e5c32e244c204786f2483637b583cb46f24b5267bfa44a,2196ae049e4ba906c7f48ec888e4334917fe5014a4292ba3dcd2a99da3f3ee1f,234,234,640,512,True,531,0.00969756738988,36,35,189,121,0,benchmark_only,experimental_public_benchmark
GVF-2025-0163,jrsb4b9yy5_v1,CPEEK_PANEL_001,163,2.909090909,55.0,data/public_benchmark/images/frame_0163.png,data/public_benchmark/masks/frame_0163.png,369e78c5238382502641a85fbc22a51d513e25cf5607e9976413788721b618e0,2196ae049e4ba906c7f48ec888e4334917fe5014a4292ba3dcd2a99da3f3ee1f,234,234,640,512,True,531,0.00969756738988,36,35,189,121,0,benchmark_only,experimental_public_benchmark
GVF-2025-0164,jrsb4b9yy5_v1,CPEEK_PANEL_001,164,2.927272727,55.0,data/public_benchmark/images/frame_0164.png,data/public_benchmark/masks/frame_0164.png,82332e125d349148c1bbbbe519bb821312d654248777bce8eb70bb20edbdd3d1,2196ae049e4ba906c7f48ec888e4334917fe5014a4292ba3dcd2a99da3f3ee1f,234,234,640,512,True,531,0.00969756738988,36,35,189,121,0,benchmark_only,experimental_public_benchmark
GVF-2025-0165,jrsb4b9yy5_v1,CPEEK_PANEL_001,165,2.945454545,55.0,data/public_benchmark/images/frame_0165.png,data/public_benchmark/masks/frame_0165.png,b213cf19a60c7064197d4a2ea852067424ab1d57276242ee1b088adb68c1bf06,2196ae049e4ba906c7f48ec888e4334917fe5014a4292ba3dcd2a99da3f3ee1f,234,234,640,512,True,531,0.00969756738988,36,35,189,121,0,benchmark_only,experimental_public_benchmark
GVF-2025-0166,jrsb4b9yy5_v1,CPEEK_PANEL_001,166,2.963636364,55.0,data/public_benchmark/images/frame_0166.png,data/public_benchmark/masks/frame_0166.png,8ea0e466e09986a9cc3b18beeaf1a727a5a35131704261465b27ff3603280cef,2196ae049e4ba906c7f48ec888e4334917fe5014a4292ba3dcd2a99da3f3ee1f,234,234,640,512,True,531,0.00969756738988,36,35,189,121,0,benchmark_only,experimental_public_benchmark
GVF-2025-0167,jrsb4b9yy5_v1,CPEEK_PANEL_001,167,2.981818182,55.0,data/public_benchmark/images/frame_0167.png,data/public_benchmark/masks/frame_0167.png,00f03259f72d119812babf672314bca717bdd85949a344f76ffcb3d03b18b080,2196ae049e4ba906c7f48ec888e4334917fe5014a4292ba3dcd2a99da3f3ee1f,234,234,640,512,True,531,0.00969756738988,36,35,189,121,0,benchmark_only,experimental_public_benchmark
GVF-2025-0168,jrsb4b9yy5_v1,CPEEK_PANEL_001,168,3.000000000,55.0,data/public_benchmark/images/frame_0168.png,data/public_benchmark/masks/frame_0168.png,5352c0e49c9c9d6cda702951c2b9f10c8d645f8bc4f79444fbac49b0087c51e6,2196ae049e4ba906c7f48ec888e4334917fe5014a4292ba3dcd2a99da3f3ee1f,234,234,640,512,True,531,0.00969756738988,36,35,189,121,0,benchmark_only,experimental_public_benchmark
GVF-2025-0169,jrsb4b9yy5_v1,CPEEK_PANEL_001,169,3.018181818,55.0,data/public_benchmark/images/frame_0169.png,data/public_benchmark/masks/frame_0169.png,d68e70936bb2b59e7283c85eedba567429c12d5126262eb94c7e707b0e61bf57,2196ae049e4ba906c7f48ec888e4334917fe5014a4292ba3dcd2a99da3f3ee1f,234,234,640,512,True,531,0.00969756738988,36,35,189,121,0,benchmark_only,experimental_public_benchmark
GVF-2025-0170,jrsb4b9yy5_v1,CPEEK_PANEL_001,170,3.036363636,55.0,data/public_benchmark/images/frame_0170.png,data/public_benchmark/masks/frame_0170.png,4430aaa703a88ac30c993901ccacdbf2ac3f1dbf2a1d60b388b6eea144a8b569,2196ae049e4ba906c7f48ec888e4334917fe5014a4292ba3dcd2a99da3f3ee1f,234,234,640,512,True,531,0.00969756738988,36,35,189,121,0,benchmark_only,experimental_public_benchmark
GVF-2025-0171,jrsb4b9yy5_v1,CPEEK_PANEL_001,171,3.054545455,55.0,data/public_benchmark/images/frame_0171.png,data/public_benchmark/masks/frame_0171.png,df8a4be192663416e3800d9c448e278c4ff14a508d475dfb68368a5a3042a443,2196ae049e4ba906c7f48ec888e4334917fe5014a4292ba3dcd2a99da3f3ee1f,234,234,640,512,True,531,0.00969756738988,36,35,189,121,0,benchmark_only,experimental_public_benchmark
GVF-2025-0172,jrsb4b9yy5_v1,CPEEK_PANEL_001,172,3.072727273,55.0,data/public_benchmark/images/frame_0172.png,data/public_benchmark/masks/frame_0172.png,01bf71d3aa2b9a09d198b10ed99e27e26fd73a22de4cc1772b1a9f25e29c432e,2196ae049e4ba906c7f48ec888e4334917fe5014a4292ba3dcd2a99da3f3ee1f,234,234,640,512,True,531,0.00969756738988,36,35,189,121,0,benchmark_only,experimental_public_benchmark
GVF-2025-0173,jrsb4b9yy5_v1,CPEEK_PANEL_001,173,3.090909091,55.0,data/public_benchmark/images/frame_0173.png,data/public_benchmark/masks/frame_0173.png,1dbed112d5b52455bad95e126faf6a0b78e9100d9fc142547f7fb9e36805667a,2196ae049e4ba906c7f48ec888e4334917fe5014a4292ba3dcd2a99da3f3ee1f,234,234,640,512,True,531,0.00969756738988,36,35,189,121,0,benchmark_only,experimental_public_benchmark
GVF-2025-0174,jrsb4b9yy5_v1,CPEEK_PANEL_001,174,3.109090909,55.0,data/public_benchmark/images/frame_0174.png,data/public_benchmark/masks/frame_0174.png,7c05bd13ad41a01465d1efb5144ffa4ec75fdc85b8e340c7c713655931058e0e,2196ae049e4ba906c7f48ec888e4334917fe5014a4292ba3dcd2a99da3f3ee1f,234,234,640,512,True,531,0.00969756738988,36,35,189,121,0,benchmark_only,experimental_public_benchmark
GVF-2025-0175,jrsb4b9yy5_v1,CPEEK_PANEL_001,175,3.127272727,55.0,data/public_benchmark/images/frame_0175.png,data/public_benchmark/masks/frame_0175.png,5ce19aba63f74937bd7535f132e882f980f7be9ac2d9d26382a020b053263bd7,2196ae049e4ba906c7f48ec888e4334917fe5014a4292ba3dcd2a99da3f3ee1f,234,234,640,512,True,531,0.00969756738988,36,35,189,121,0,benchmark_only,experimental_public_benchmark
GVF-2025-0176,jrsb4b9yy5_v1,CPEEK_PANEL_001,176,3.145454545,55.0,data/public_benchmark/images/frame_0176.png,data/public_benchmark/masks/frame_0176.png,9b42956fd83819064bf740c43f2fb9a6c7bd6d03f6bb9758c620515ba525a5c1,2196ae049e4ba906c7f48ec888e4334917fe5014a4292ba3dcd2a99da3f3ee1f,234,234,640,512,True,531,0.00969756738988,36,35,189,121,0,benchmark_only,experimental_public_benchmark
GVF-2025-0177,jrsb4b9yy5_v1,CPEEK_PANEL_001,177,3.163636364,55.0,data/public_benchmark/images/frame_0177.png,data/public_benchmark/masks/frame_0177.png,9c419f7e633d2ad87a4ba6530efa42c90f8049db4ad11b6671d859875b094fef,2196ae049e4ba906c7f48ec888e4334917fe5014a4292ba3dcd2a99da3f3ee1f,234,234,640,512,True,531,0.00969756738988,36,35,189,121,0,benchmark_only,experimental_public_benchmark
GVF-2025-0178,jrsb4b9yy5_v1,CPEEK_PANEL_001,178,3.181818182,55.0,data/public_benchmark/images/frame_0178.png,data/public_benchmark/masks/frame_0178.png,987c79cca39ff38bfbde2b11c83945bd4dc3a180742a49e59df409a7eb81a866,2196ae049e4ba906c7f48ec888e4334917fe5014a4292ba3dcd2a99da3f3ee1f,234,234,640,512,True,531,0.00969756738988,36,35,189,121,0,benchmark_only,experimental_public_benchmark
GVF-2025-0179,jrsb4b9yy5_v1,CPEEK_PANEL_001,179,3.200000000,55.0,data/public_benchmark/images/frame_0179.png,data/public_benchmark/masks/frame_0179.png,a7092592bea554c0ec44eef82d9f16c5239d250460c6f035108233ed1da467f0,2196ae049e4ba906c7f48ec888e4334917fe5014a4292ba3dcd2a99da3f3ee1f,234,234,640,512,True,531,0.00969756738988,36,35,189,121,0,benchmark_only,experimental_public_benchmark
GVF-2025-0180,jrsb4b9yy5_v1,CPEEK_PANEL_001,180,3.218181818,55.0,data/public_benchmark/images/frame_0180.png,data/public_benchmark/masks/frame_0180.png,dff32c72f3f24c16ff0fb936f34365df026ff0cd86089aca9d492c6823809604,2196ae049e4ba906c7f48ec888e4334917fe5014a4292ba3dcd2a99da3f3ee1f,234,234,640,512,True,531,0.00969756738988,36,35,189,121,0,benchmark_only,experimental_public_benchmark
GVF-2025-0181,jrsb4b9yy5_v1,CPEEK_PANEL_001,181,3.236363636,55.0,data/public_benchmark/images/frame_0181.png,data/public_benchmark/masks/frame_0181.png,ea9c10bed965e8ce687cbec1a4f837034dd9d086c027e260a1af0a4e163b9cc8,2196ae049e4ba906c7f48ec888e4334917fe5014a4292ba3dcd2a99da3f3ee1f,234,234,640,512,True,531,0.00969756738988,36,35,189,121,0,benchmark_only,experimental_public_benchmark
GVF-2025-0182,jrsb4b9yy5_v1,CPEEK_PANEL_001,182,3.254545455,55.0,data/public_benchmark/images/frame_0182.png,data/public_benchmark/masks/frame_0182.png,bfb08e2babb6305705169fdebd1c9e5ff00ee529790b3fead205c191b5d70490,2196ae049e4ba906c7f48ec888e4334917fe5014a4292ba3dcd2a99da3f3ee1f,234,234,640,512,True,531,0.00969756738988,36,35,189,121,0,benchmark_only,experimental_public_benchmark
GVF-2025-0183,jrsb4b9yy5_v1,CPEEK_PANEL_001,183,3.272727273,55.0,data/public_benchmark/images/frame_0183.png,data/public_benchmark/masks/frame_0183.png,96c65ba236c211b654a0096b393d8e4f8080c8e66966c14feb72822d2eefeb1d,2196ae049e4ba906c7f48ec888e4334917fe5014a4292ba3dcd2a99da3f3ee1f,234,234,640,512,True,531,0.00969756738988,36,35,189,121,0,benchmark_only,experimental_public_benchmark
GVF-2025-0184,jrsb4b9yy5_v1,CPEEK_PANEL_001,184,3.290909091,55.0,data/public_benchmark/images/frame_0184.png,data/public_benchmark/masks/frame_0184.png,2f8d5003fa3b97e2cd6c7c162f0b2eae031065d78adb16ed6b420666c20f3702,2196ae049e4ba906c7f48ec888e4334917fe5014a4292ba3dcd2a99da3f3ee1f,234,234,640,512,True,531,0.00969756738988,36,35,189,121,0,benchmark_only,experimental_public_benchmark
GVF-2025-0185,jrsb4b9yy5_v1,CPEEK_PANEL_001,185,3.309090909,55.0,data/public_benchmark/images/frame_0185.png,data/public_benchmark/masks/frame_0185.png,2bcb777f1b331ea9b16278553aa821eb386d10a3f6e0d6d8fc4f2f7101d33190,2196ae049e4ba906c7f48ec888e4334917fe5014a4292ba3dcd2a99da3f3ee1f,234,234,640,512,True,531,0.00969756738988,36,35,189,121,0,benchmark_only,experimental_public_benchmark
GVF-2025-0186,jrsb4b9yy5_v1,CPEEK_PANEL_001,186,3.327272727,55.0,data/public_benchmark/images/frame_0186.png,data/public_benchmark/masks/frame_0186.png,c8d4cf7c687ac409f9d8803418fd695276a088eb1a9248e7255f676a4259632c,2196ae049e4ba906c7f48ec888e4334917fe5014a4292ba3dcd2a99da3f3ee1f,234,234,640,512,True,531,0.00969756738988,36,35,189,121,0,benchmark_only,experimental_public_benchmark
GVF-2025-0187,jrsb4b9yy5_v1,CPEEK_PANEL_001,187,3.345454545,55.0,data/public_benchmark/images/frame_0187.png,data/public_benchmark/masks/frame_0187.png,6a907c2900d7f82671ec2bead88a457eeb6c5fed6c3025291699d9c904773658,2196ae049e4ba906c7f48ec888e4334917fe5014a4292ba3dcd2a99da3f3ee1f,234,234,640,512,True,531,0.00969756738988,36,35,189,121,0,benchmark_only,experimental_public_benchmark
GVF-2025-0188,jrsb4b9yy5_v1,CPEEK_PANEL_001,188,3.363636364,55.0,data/public_benchmark/images/frame_0188.png,data/public_benchmark/masks/frame_0188.png,da23f23d596f2f28d0c79d9535ec3f56015498b605c608a657ebb250ee7aed34,2196ae049e4ba906c7f48ec888e4334917fe5014a4292ba3dcd2a99da3f3ee1f,234,234,640,512,True,531,0.00969756738988,36,35,189,121,0,benchmark_only,experimental_public_benchmark
GVF-2025-0189,jrsb4b9yy5_v1,CPEEK_PANEL_001,189,3.381818182,55.0,data/public_benchmark/images/frame_0189.png,data/public_benchmark/masks/frame_0189.png,22a12461253625a0a3a651a1b18afa5c60be965ea9f8425d39adbecaa9896209,3802b9c114a6cea7d009328e238c999894b2965fae8d70c487e349cff1ec8d3f,234,234,640,512,True,410,0.00748776389802,41,35,189,121,0,benchmark_only,experimental_public_benchmark
GVF-2025-0190,jrsb4b9yy5_v1,CPEEK_PANEL_001,190,3.400000000,55.0,data/public_benchmark/images/frame_0190.png,data/public_benchmark/masks/frame_0190.png,25d51072c4a444d4776bc90cb328365a886a7cd0bc2de16eb42306860e25afa2,3802b9c114a6cea7d009328e238c999894b2965fae8d70c487e349cff1ec8d3f,234,234,640,512,True,410,0.00748776389802,41,35,189,121,0,benchmark_only,experimental_public_benchmark
GVF-2025-0191,jrsb4b9yy5_v1,CPEEK_PANEL_001,191,3.418181818,55.0,data/public_benchmark/images/frame_0191.png,data/public_benchmark/masks/frame_0191.png,c77eb397ada38c6ae19b9e7bbc990d48cf3cb568117952357ab5615c8d2644c7,3802b9c114a6cea7d009328e238c999894b2965fae8d70c487e349cff1ec8d3f,234,234,640,512,True,410,0.00748776389802,41,35,189,121,0,benchmark_only,experimental_public_benchmark
GVF-2025-0192,jrsb4b9yy5_v1,CPEEK_PANEL_001,192,3.436363636,55.0,data/public_benchmark/images/frame_0192.png,data/public_benchmark/masks/frame_0192.png,8038b0c95705f9a636079acb3e763dd847cf64e5e9eac87a24cc23bdf7241bbf,3802b9c114a6cea7d009328e238c999894b2965fae8d70c487e349cff1ec8d3f,234,234,640,512,True,410,0.00748776389802,41,35,189,121,0,benchmark_only,experimental_public_benchmark
GVF-2025-0193,jrsb4b9yy5_v1,CPEEK_PANEL_001,193,3.454545455,55.0,data/public_benchmark/images/frame_0193.png,data/public_benchmark/masks/frame_0193.png,9625f035dc4f7e83e24e92559e0ddf4dfbb832e1f593597eab87c716f5ed9f1e,3802b9c114a6cea7d009328e238c999894b2965fae8d70c487e349cff1ec8d3f,234,234,640,512,True,410,0.00748776389802,41,35,189,121,0,benchmark_only,experimental_public_benchmark
GVF-2025-0194,jrsb4b9yy5_v1,CPEEK_PANEL_001,194,3.472727273,55.0,data/public_benchmark/images/frame_0194.png,data/public_benchmark/masks/frame_0194.png,2f3472ea2423bdcc9a2feee960d4a96e06b15a005987bc2e32039879434a934b,2196ae049e4ba906c7f48ec888e4334917fe5014a4292ba3dcd2a99da3f3ee1f,234,234,640,512,True,531,0.00969756738988,36,35,189,121,0,benchmark_only,experimental_public_benchmark
GVF-2025-0195,jrsb4b9yy5_v1,CPEEK_PANEL_001,195,3.490909091,55.0,data/public_benchmark/images/frame_0195.png,data/public_benchmark/masks/frame_0195.png,223eda9b7b99bbccfbf35a5a908c2ff896b9835ea67286d167d9a79af9a1e892,3802b9c114a6cea7d009328e238c999894b2965fae8d70c487e349cff1ec8d3f,234,234,640,512,True,410,0.00748776389802,41,35,189,121,0,benchmark_only,experimental_public_benchmark
GVF-2025-0196,jrsb4b9yy5_v1,CPEEK_PANEL_001,196,3.509090909,55.0,data/public_benchmark/images/frame_0196.png,data/public_benchmark/masks/frame_0196.png,b4e2b5d8067cfbdbab55b42f5920af1b62c47e57232aa430f75a8d35cbaba17b,3802b9c114a6cea7d009328e238c999894b2965fae8d70c487e349cff1ec8d3f,234,234,640,512,True,410,0.00748776389802,41,35,189,121,0,benchmark_only,experimental_public_benchmark
GVF-2025-0197,jrsb4b9yy5_v1,CPEEK_PANEL_001,197,3.527272727,55.0,data/public_benchmark/images/frame_0197.png,data/public_benchmark/masks/frame_0197.png,c93b80c3ad638e4558a7767e2482b3062079c4de5448f024b1cd39f18edb8dc0,3802b9c114a6cea7d009328e238c999894b2965fae8d70c487e349cff1ec8d3f,234,234,640,512,True,410,0.00748776389802,41,35,189,121,0,benchmark_only,experimental_public_benchmark
GVF-2025-0198,jrsb4b9yy5_v1,CPEEK_PANEL_001,198,3.545454545,55.0,data/public_benchmark/images/frame_0198.png,data/public_benchmark/masks/frame_0198.png,6743860a1d940fcbf3f1615a3c9334b56228e82807e22746e0761d841a98819c,3802b9c114a6cea7d009328e238c999894b2965fae8d70c487e349cff1ec8d3f,234,234,640,512,True,410,0.00748776389802,41,35,189,121,0,benchmark_only,experimental_public_benchmark
GVF-2025-0199,jrsb4b9yy5_v1,CPEEK_PANEL_001,199,3.563636364,55.0,data/public_benchmark/images/frame_0199.png,data/public_benchmark/masks/frame_0199.png,605b2c7690b73b1ba30226c1eca4d8a1a5d6f0bce7f91015ca96ea722b1f7cfb,3802b9c114a6cea7d009328e238c999894b2965fae8d70c487e349cff1ec8d3f,234,234,640,512,True,410,0.00748776389802,41,35,189,121,0,benchmark_only,experimental_public_benchmark
GVF-2025-0200,jrsb4b9yy5_v1,CPEEK_PANEL_001,200,3.581818182,55.0,data/public_benchmark/images/frame_0200.png,data/public_benchmark/masks/frame_0200.png,d459ec82ffd5e6f14df27cc8dc73e671beacb0d2e9ff0382570c2676ccd9240d,3802b9c114a6cea7d009328e238c999894b2965fae8d70c487e349cff1ec8d3f,234,234,640,512,True,410,0.00748776389802,41,35,189,121,0,benchmark_only,experimental_public_benchmark
GVF-2025-0201,jrsb4b9yy5_v1,CPEEK_PANEL_001,201,3.600000000,55.0,data/public_benchmark/images/frame_0201.png,data/public_benchmark/masks/frame_0201.png,c64668328a8e7628bb42202787508265aa21c9a8bd8081e9078a5bbc91632c85,3802b9c114a6cea7d009328e238c999894b2965fae8d70c487e349cff1ec8d3f,234,234,640,512,True,410,0.00748776389802,41,35,189,121,0,benchmark_only,experimental_public_benchmark
GVF-2025-0202,jrsb4b9yy5_v1,CPEEK_PANEL_001,202,3.618181818,55.0,data/public_benchmark/images/frame_0202.png,data/public_benchmark/masks/frame_0202.png,1894d85241c9bb7e2b47d15df422f9db60a6974fdbb24191c146c215e4c38d8c,3802b9c114a6cea7d009328e238c999894b2965fae8d70c487e349cff1ec8d3f,234,234,640,512,True,410,0.00748776389802,41,35,189,121,0,benchmark_only,experimental_public_benchmark
GVF-2025-0203,jrsb4b9yy5_v1,CPEEK_PANEL_001,203,3.636363636,55.0,data/public_benchmark/images/frame_0203.png,data/public_benchmark/masks/frame_0203.png,034efb7284449a0d122dbd478467b2b967fd3f5dcb4af9b0e78c859ef49b876d,3802b9c114a6cea7d009328e238c999894b2965fae8d70c487e349cff1ec8d3f,234,234,640,512,True,410,0.00748776389802,41,35,189,121,0,benchmark_only,experimental_public_benchmark
GVF-2025-0204,jrsb4b9yy5_v1,CPEEK_PANEL_001,204,3.654545455,55.0,data/public_benchmark/images/frame_0204.png,data/public_benchmark/masks/frame_0204.png,aed515366a61ec3c4a7746d8548746f9dcbbe0f9419194e6e6f58d2472922669,3802b9c114a6cea7d009328e238c999894b2965fae8d70c487e349cff1ec8d3f,234,234,640,512,True,410,0.00748776389802,41,35,189,121,0,benchmark_only,experimental_public_benchmark
GVF-2025-0205,jrsb4b9yy5_v1,CPEEK_PANEL_001,205,3.672727273,55.0,data/public_benchmark/images/frame_0205.png,data/public_benchmark/masks/frame_0205.png,a9e52610aaf5cd0ab5497e5b8b902063e487c6c1467d3fcd203fd84a1414e651,3802b9c114a6cea7d009328e238c999894b2965fae8d70c487e349cff1ec8d3f,234,234,640,512,True,410,0.00748776389802,41,35,189,121,0,benchmark_only,experimental_public_benchmark
GVF-2025-0206,jrsb4b9yy5_v1,CPEEK_PANEL_001,206,3.690909091,55.0,data/public_benchmark/images/frame_0206.png,data/public_benchmark/masks/frame_0206.png,a780c9cc809e238d104a3cafd4c2880984b46ef6d1c76f1abace385e6bd77028,3802b9c114a6cea7d009328e238c999894b2965fae8d70c487e349cff1ec8d3f,234,234,640,512,True,410,0.00748776389802,41,35,189,121,0,benchmark_only,experimental_public_benchmark
GVF-2025-0207,jrsb4b9yy5_v1,CPEEK_PANEL_001,207,3.709090909,55.0,data/public_benchmark/images/frame_0207.png,data/public_benchmark/masks/frame_0207.png,bb225c51904f472ae147949399e2b387f7095de687aba3e90ddb57e1b708f02e,3802b9c114a6cea7d009328e238c999894b2965fae8d70c487e349cff1ec8d3f,234,234,640,512,True,410,0.00748776389802,41,35,189,121,0,benchmark_only,experimental_public_benchmark
GVF-2025-0208,jrsb4b9yy5_v1,CPEEK_PANEL_001,208,3.727272727,55.0,data/public_benchmark/images/frame_0208.png,data/public_benchmark/masks/frame_0208.png,a694f14a612a82057afb47b61bd724283bc17e0df34e64333477494e168b2fe5,3802b9c114a6cea7d009328e238c999894b2965fae8d70c487e349cff1ec8d3f,234,234,640,512,True,410,0.00748776389802,41,35,189,121,0,benchmark_only,experimental_public_benchmark
GVF-2025-0209,jrsb4b9yy5_v1,CPEEK_PANEL_001,209,3.745454545,55.0,data/public_benchmark/images/frame_0209.png,data/public_benchmark/masks/frame_0209.png,237eaf74698736a75aac417acd018344658940ea53d9c5e2189f63fe391f3862,3802b9c114a6cea7d009328e238c999894b2965fae8d70c487e349cff1ec8d3f,234,234,640,512,True,410,0.00748776389802,41,35,189,121,0,benchmark_only,experimental_public_benchmark
GVF-2025-0210,jrsb4b9yy5_v1,CPEEK_PANEL_001,210,3.763636364,55.0,data/public_benchmark/images/frame_0210.png,data/public_benchmark/masks/frame_0210.png,d3d9c1d332fd00540a2876de21dba4c61e7210b8e2fcd80600ef5d11c3ecee30,3802b9c114a6cea7d009328e238c999894b2965fae8d70c487e349cff1ec8d3f,234,234,640,512,True,410,0.00748776389802,41,35,189,121,0,benchmark_only,experimental_public_benchmark
GVF-2025-0211,jrsb4b9yy5_v1,CPEEK_PANEL_001,211,3.781818182,55.0,data/public_benchmark/images/frame_0211.png,data/public_benchmark/masks/frame_0211.png,68bcaa7a64e6c287bf6580eff872f989e176006a6b36e736aefdf7946eaabba1,3802b9c114a6cea7d009328e238c999894b2965fae8d70c487e349cff1ec8d3f,234,234,640,512,True,410,0.00748776389802,41,35,189,121,1,benchmark_only,experimental_public_benchmark
GVF-2025-0212,jrsb4b9yy5_v1,CPEEK_PANEL_001,212,3.800000000,55.0,data/public_benchmark/images/frame_0212.png,data/public_benchmark/masks/frame_0212.png,6f25370fd721c98df116a8668ad87f49cf11cd28e5fa174aa96159ea5938e478,3802b9c114a6cea7d009328e238c999894b2965fae8d70c487e349cff1ec8d3f,234,234,640,512,True,410,0.00748776389802,41,35,189,121,1,benchmark_only,experimental_public_benchmark
GVF-2025-0213,jrsb4b9yy5_v1,CPEEK_PANEL_001,213,3.818181818,55.0,data/public_benchmark/images/frame_0213.png,data/public_benchmark/masks/frame_0213.png,3927c2969f1cd4a2a343860b4e83bbf1c23ee96254bbdac8e7d65b73659e54af,3802b9c114a6cea7d009328e238c999894b2965fae8d70c487e349cff1ec8d3f,234,234,640,512,True,410,0.00748776389802,41,35,189,121,1,benchmark_only,experimental_public_benchmark
GVF-2025-0214,jrsb4b9yy5_v1,CPEEK_PANEL_001,214,3.836363636,55.0,data/public_benchmark/images/frame_0214.png,data/public_benchmark/masks/frame_0214.png,43cdaec33ddcd8ec9ad623876814721beb63ecb5f1a4c8eede418d2710bcc9d7,3802b9c114a6cea7d009328e238c999894b2965fae8d70c487e349cff1ec8d3f,234,234,640,512,True,410,0.00748776389802,41,35,189,121,1,benchmark_only,experimental_public_benchmark
GVF-2025-0215,jrsb4b9yy5_v1,CPEEK_PANEL_001,215,3.854545455,55.0,data/public_benchmark/images/frame_0215.png,data/public_benchmark/masks/frame_0215.png,7549196773ed670db2114a1e27eebb2610a4070fc4d319f124c106ba11da86d3,3802b9c114a6cea7d009328e238c999894b2965fae8d70c487e349cff1ec8d3f,234,234,640,512,True,410,0.00748776389802,41,35,189,121,1,benchmark_only,experimental_public_benchmark
GVF-2025-0216,jrsb4b9yy5_v1,CPEEK_PANEL_001,216,3.872727273,55.0,data/public_benchmark/images/frame_0216.png,data/public_benchmark/masks/frame_0216.png,ed4160984e9c8e41622031241c4ed41a541165241c700e090623f92df151ba80,3802b9c114a6cea7d009328e238c999894b2965fae8d70c487e349cff1ec8d3f,234,234,640,512,True,410,0.00748776389802,41,35,189,121,1,benchmark_only,experimental_public_benchmark
GVF-2025-0217,jrsb4b9yy5_v1,CPEEK_PANEL_001,217,3.890909091,55.0,data/public_benchmark/images/frame_0217.png,data/public_benchmark/masks/frame_0217.png,91818a3f1059afdf7c41895e730afacbf29ec232ff4c3ecab50d18f5332af7de,3802b9c114a6cea7d009328e238c999894b2965fae8d70c487e349cff1ec8d3f,234,234,640,512,True,410,0.00748776389802,41,35,189,121,1,benchmark_only,experimental_public_benchmark
GVF-2025-0218,jrsb4b9yy5_v1,CPEEK_PANEL_001,218,3.909090909,55.0,data/public_benchmark/images/frame_0218.png,data/public_benchmark/masks/frame_0218.png,9470c824d0c4bcf669cfbbee4c763d80d43ca20f11dc966c3a06628bc455bce5,3802b9c114a6cea7d009328e238c999894b2965fae8d70c487e349cff1ec8d3f,234,234,640,512,True,410,0.00748776389802,41,35,189,121,1,benchmark_only,experimental_public_benchmark
GVF-2025-0219,jrsb4b9yy5_v1,CPEEK_PANEL_001,219,3.927272727,55.0,data/public_benchmark/images/frame_0219.png,data/public_benchmark/masks/frame_0219.png,7e076ef1cf0b5c9919c20eeea467f70e6a10902ba4a33e1920958ce57ef427bb,3802b9c114a6cea7d009328e238c999894b2965fae8d70c487e349cff1ec8d3f,234,234,640,512,True,410,0.00748776389802,41,35,189,121,1,benchmark_only,experimental_public_benchmark
GVF-2025-0220,jrsb4b9yy5_v1,CPEEK_PANEL_001,220,3.945454545,55.0,data/public_benchmark/images/frame_0220.png,data/public_benchmark/masks/frame_0220.png,e50e9492bd48f91fca95844bcdeb2ef34bfd5c536cdde2b8e73539cfd9af8f1c,3802b9c114a6cea7d009328e238c999894b2965fae8d70c487e349cff1ec8d3f,234,234,640,512,True,410,0.00748776389802,41,35,189,121,1,benchmark_only,experimental_public_benchmark
GVF-2025-0221,jrsb4b9yy5_v1,CPEEK_PANEL_001,221,3.963636364,55.0,data/public_benchmark/images/frame_0221.png,data/public_benchmark/masks/frame_0221.png,6874beed2b0fa748c74f2c6720f1e44ac72ffc28f8ee7c62850420ee9f35fc1d,3802b9c114a6cea7d009328e238c999894b2965fae8d70c487e349cff1ec8d3f,234,234,640,512,True,410,0.00748776389802,41,35,189,121,1,benchmark_only,experimental_public_benchmark
GVF-2025-0222,jrsb4b9yy5_v1,CPEEK_PANEL_001,222,3.981818182,55.0,data/public_benchmark/images/frame_0222.png,data/public_benchmark/masks/frame_0222.png,78af52bdd70b6f9f13e1a0a5a97805abbec184317971d4aa64939baa990b3c71,3802b9c114a6cea7d009328e238c999894b2965fae8d70c487e349cff1ec8d3f,234,234,640,512,True,410,0.00748776389802,41,35,189,121,1,benchmark_only,experimental_public_benchmark
GVF-2025-0223,jrsb4b9yy5_v1,CPEEK_PANEL_001,223,4.000000000,55.0,data/public_benchmark/images/frame_0223.png,data/public_benchmark/masks/frame_0223.png,03267e955fa8c44723c7cab59857c270a57fadb8c1d7280e3b73a33572394305,3802b9c114a6cea7d009328e238c999894b2965fae8d70c487e349cff1ec8d3f,234,234,640,512,True,410,0.00748776389802,41,35,189,121,1,benchmark_only,experimental_public_benchmark
GVF-2025-0224,jrsb4b9yy5_v1,CPEEK_PANEL_001,224,4.018181818,55.0,data/public_benchmark/images/frame_0224.png,data/public_benchmark/masks/frame_0224.png,9f2b544e04b4303d57bead4c929313d86e34155d39b22a11f6cec34c853df3ea,3802b9c114a6cea7d009328e238c999894b2965fae8d70c487e349cff1ec8d3f,234,234,640,512,True,410,0.00748776389802,41,35,189,121,1,benchmark_only,experimental_public_benchmark
GVF-2025-0225,jrsb4b9yy5_v1,CPEEK_PANEL_001,225,4.036363636,55.0,data/public_benchmark/images/frame_0225.png,data/public_benchmark/masks/frame_0225.png,180d4d2326117abd02868e53377fb5591a5b8bccca35e4c4a74d639a2fa9ace7,3802b9c114a6cea7d009328e238c999894b2965fae8d70c487e349cff1ec8d3f,234,234,640,512,True,410,0.00748776389802,41,35,189,121,1,benchmark_only,experimental_public_benchmark
GVF-2025-0226,jrsb4b9yy5_v1,CPEEK_PANEL_001,226,4.054545455,55.0,data/public_benchmark/images/frame_0226.png,data/public_benchmark/masks/frame_0226.png,2ee9409427206b81bbe4745bd1dc2a7ef91124f39ce7e44bd8b1532362b00fb4,3802b9c114a6cea7d009328e238c999894b2965fae8d70c487e349cff1ec8d3f,234,234,640,512,True,410,0.00748776389802,41,35,189,121,1,benchmark_only,experimental_public_benchmark
GVF-2025-0227,jrsb4b9yy5_v1,CPEEK_PANEL_001,227,4.072727273,55.0,data/public_benchmark/images/frame_0227.png,data/public_benchmark/masks/frame_0227.png,9f04cc68a15993e035dc39b791c8abc7409f43b8e00fe21c98ca5ddeade3b01a,3802b9c114a6cea7d009328e238c999894b2965fae8d70c487e349cff1ec8d3f,234,234,640,512,True,410,0.00748776389802,41,35,189,121,1,benchmark_only,experimental_public_benchmark
GVF-2025-0228,jrsb4b9yy5_v1,CPEEK_PANEL_001,228,4.090909091,55.0,data/public_benchmark/images/frame_0228.png,data/public_benchmark/masks/frame_0228.png,9013710de5ea5af2c686095205e727a6f3181136f750ae1fccc5918fae8b4e17,3802b9c114a6cea7d009328e238c999894b2965fae8d70c487e349cff1ec8d3f,234,234,640,512,True,410,0.00748776389802,41,35,189,121,1,benchmark_only,experimental_public_benchmark
GVF-2025-0229,jrsb4b9yy5_v1,CPEEK_PANEL_001,229,4.109090909,55.0,data/public_benchmark/images/frame_0229.png,data/public_benchmark/masks/frame_0229.png,80c11992b20f33ce2da07c8c6cf043c278d131dc12a894c88f9ca2b5c3583d48,3802b9c114a6cea7d009328e238c999894b2965fae8d70c487e349cff1ec8d3f,234,234,640,512,True,410,0.00748776389802,41,35,189,121,1,benchmark_only,experimental_public_benchmark
GVF-2025-0230,jrsb4b9yy5_v1,CPEEK_PANEL_001,230,4.127272727,55.0,data/public_benchmark/images/frame_0230.png,data/public_benchmark/masks/frame_0230.png,d1ee5a33599be7df633d272fddca83bf8aecc93128f6cfe9f3a3039056e454d8,3802b9c114a6cea7d009328e238c999894b2965fae8d70c487e349cff1ec8d3f,234,234,640,512,True,410,0.00748776389802,41,35,189,121,1,benchmark_only,experimental_public_benchmark
GVF-2025-0231,jrsb4b9yy5_v1,CPEEK_PANEL_001,231,4.145454545,55.0,data/public_benchmark/images/frame_0231.png,data/public_benchmark/masks/frame_0231.png,2e09244ec5210ef0ec80a095db1c4e262f32ebfbb1fedd66fb010bd8ae63c330,3802b9c114a6cea7d009328e238c999894b2965fae8d70c487e349cff1ec8d3f,234,234,640,512,True,410,0.00748776389802,41,35,189,121,1,benchmark_only,experimental_public_benchmark
GVF-2025-0232,jrsb4b9yy5_v1,CPEEK_PANEL_001,232,4.163636364,55.0,data/public_benchmark/images/frame_0232.png,data/public_benchmark/masks/frame_0232.png,762da9f09ccfb05a406ae5d57ff6dec0cd34f4dd0718e533ece9f4059bbf9fd8,3802b9c114a6cea7d009328e238c999894b2965fae8d70c487e349cff1ec8d3f,234,234,640,512,True,410,0.00748776389802,41,35,189,121,1,benchmark_only,experimental_public_benchmark
GVF-2025-0233,jrsb4b9yy5_v1,CPEEK_PANEL_001,233,4.181818182,55.0,data/public_benchmark/images/frame_0233.png,data/public_benchmark/masks/frame_0233.png,886d9ed6738378b4299743a0cecc303883542b20768013ea8049e394d6249983,3802b9c114a6cea7d009328e238c999894b2965fae8d70c487e349cff1ec8d3f,234,234,640,512,True,410,0.00748776389802,41,35,189,121,1,benchmark_only,experimental_public_benchmark
GVF-2025-0234,jrsb4b9yy5_v1,CPEEK_PANEL_001,234,4.200000000,55.0,data/public_benchmark/images/frame_0234.png,data/public_benchmark/masks/frame_0234.png,8b3748827e7b629c2c56c54e16e07038c6f64da65c6f3dfec17e791bf6c8f13f,3802b9c114a6cea7d009328e238c999894b2965fae8d70c487e349cff1ec8d3f,234,234,640,512,True,410,0.00748776389802,41,35,189,121,1,benchmark_only,experimental_public_benchmark
GVF-2025-0235,jrsb4b9yy5_v1,CPEEK_PANEL_001,235,4.218181818,55.0,data/public_benchmark/images/frame_0235.png,data/public_benchmark/masks/frame_0235.png,477f7656dfc3aa5df19c03242259e018fe343343f5d12a1017b5725db90f5ebc,3802b9c114a6cea7d009328e238c999894b2965fae8d70c487e349cff1ec8d3f,234,234,640,512,True,410,0.00748776389802,41,35,189,121,1,benchmark_only,experimental_public_benchmark
GVF-2025-0236,jrsb4b9yy5_v1,CPEEK_PANEL_001,236,4.236363636,55.0,data/public_benchmark/images/frame_0236.png,data/public_benchmark/masks/frame_0236.png,74a1628566477741274e9b0af4cb8e40b39e89434994ecf06e4ce613b453b525,f97a0e375d7b0ecd7ac3ee5f80b79f3bc1514b0b05db7d0e968eb8301602733c,234,234,640,512,True,354,0.00646504492658,111,35,189,119,1,benchmark_only,experimental_public_benchmark
GVF-2025-0237,jrsb4b9yy5_v1,CPEEK_PANEL_001,237,4.254545455,55.0,data/public_benchmark/images/frame_0237.png,data/public_benchmark/masks/frame_0237.png,3a5ce2783baafb4587175d0be7c00664efb562110a9edf463f86646c1553bbb9,f97a0e375d7b0ecd7ac3ee5f80b79f3bc1514b0b05db7d0e968eb8301602733c,234,234,640,512,True,354,0.00646504492658,111,35,189,119,1,benchmark_only,experimental_public_benchmark
GVF-2025-0238,jrsb4b9yy5_v1,CPEEK_PANEL_001,238,4.272727273,55.0,data/public_benchmark/images/frame_0238.png,data/public_benchmark/masks/frame_0238.png,a0c7f5861c7c89de5c0f19f95088e3582888f8eeb9ba2a7a6daa439cb1228bcd,f97a0e375d7b0ecd7ac3ee5f80b79f3bc1514b0b05db7d0e968eb8301602733c,234,234,640,512,True,354,0.00646504492658,111,35,189,119,1,benchmark_only,experimental_public_benchmark
GVF-2025-0239,jrsb4b9yy5_v1,CPEEK_PANEL_001,239,4.290909091,55.0,data/public_benchmark/images/frame_0239.png,data/public_benchmark/masks/frame_0239.png,315e2d4703475e0230cfb9edf949d48d01215f3b9469f7be802212c91efde26a,f97a0e375d7b0ecd7ac3ee5f80b79f3bc1514b0b05db7d0e968eb8301602733c,234,234,640,512,True,354,0.00646504492658,111,35,189,119,1,benchmark_only,experimental_public_benchmark
GVF-2025-0240,jrsb4b9yy5_v1,CPEEK_PANEL_001,240,4.309090909,55.0,data/public_benchmark/images/frame_0240.png,data/public_benchmark/masks/frame_0240.png,a5dc00cf2030c96667925bb3db785dc815cddb8cec3a17d1f8d40598f6ae8265,f97a0e375d7b0ecd7ac3ee5f80b79f3bc1514b0b05db7d0e968eb8301602733c,234,234,640,512,True,354,0.00646504492658,111,35,189,119,1,benchmark_only,experimental_public_benchmark
GVF-2025-0241,jrsb4b9yy5_v1,CPEEK_PANEL_001,241,4.327272727,55.0,data/public_benchmark/images/frame_0241.png,data/public_benchmark/masks/frame_0241.png,7865e36a311d187de3085bc82cc49c70b7ce43b0745ca0f7272530fd61cbe77d,f97a0e375d7b0ecd7ac3ee5f80b79f3bc1514b0b05db7d0e968eb8301602733c,234,234,640,512,True,354,0.00646504492658,111,35,189,119,1,benchmark_only,experimental_public_benchmark
GVF-2025-0242,jrsb4b9yy5_v1,CPEEK_PANEL_001,242,4.345454545,55.0,data/public_benchmark/images/frame_0242.png,data/public_benchmark/masks/frame_0242.png,60de749de4a4064fd502bf7c7e0ed2cb7a322599508ef96a226a9de2dab86531,f97a0e375d7b0ecd7ac3ee5f80b79f3bc1514b0b05db7d0e968eb8301602733c,234,234,640,512,True,354,0.00646504492658,111,35,189,119,1,benchmark_only,experimental_public_benchmark
GVF-2025-0243,jrsb4b9yy5_v1,CPEEK_PANEL_001,243,4.363636364,55.0,data/public_benchmark/images/frame_0243.png,data/public_benchmark/masks/frame_0243.png,2ca3d4b9c9a2b0fb32381e321be7a7b4badd304f4bb42f50ec6dc4f901ce9eb3,f97a0e375d7b0ecd7ac3ee5f80b79f3bc1514b0b05db7d0e968eb8301602733c,234,234,640,512,True,354,0.00646504492658,111,35,189,119,1,benchmark_only,experimental_public_benchmark
GVF-2025-0244,jrsb4b9yy5_v1,CPEEK_PANEL_001,244,4.381818182,55.0,data/public_benchmark/images/frame_0244.png,data/public_benchmark/masks/frame_0244.png,345998e26cc13476735f397fd4cc51603c1df2bfef0579d4d6539f54b3cfa30c,f97a0e375d7b0ecd7ac3ee5f80b79f3bc1514b0b05db7d0e968eb8301602733c,234,234,640,512,True,354,0.00646504492658,111,35,189,119,1,benchmark_only,experimental_public_benchmark
GVF-2025-0245,jrsb4b9yy5_v1,CPEEK_PANEL_001,245,4.400000000,55.0,data/public_benchmark/images/frame_0245.png,data/public_benchmark/masks/frame_0245.png,d3843085440c2b0b7880d2201efcbecceb044d4a3ce5f76e463ce16ab9d7f375,f97a0e375d7b0ecd7ac3ee5f80b79f3bc1514b0b05db7d0e968eb8301602733c,234,234,640,512,True,354,0.00646504492658,111,35,189,119,1,benchmark_only,experimental_public_benchmark
GVF-2025-0246,jrsb4b9yy5_v1,CPEEK_PANEL_001,246,4.418181818,55.0,data/public_benchmark/images/frame_0246.png,data/public_benchmark/masks/frame_0246.png,b3c1d46c602e9ec6912627d7565809866e2d5de894cbbda0404ba77b0ffbd6a3,f97a0e375d7b0ecd7ac3ee5f80b79f3bc1514b0b05db7d0e968eb8301602733c,234,234,640,512,True,354,0.00646504492658,111,35,189,119,1,benchmark_only,experimental_public_benchmark
GVF-2025-0247,jrsb4b9yy5_v1,CPEEK_PANEL_001,247,4.436363636,55.0,data/public_benchmark/images/frame_0247.png,data/public_benchmark/masks/frame_0247.png,1aaac5018b6ad61c09e405117e24ca6a6b3732eaff217850507c2d1302e1098f,f97a0e375d7b0ecd7ac3ee5f80b79f3bc1514b0b05db7d0e968eb8301602733c,234,234,640,512,True,354,0.00646504492658,111,35,189,119,1,benchmark_only,experimental_public_benchmark
GVF-2025-0248,jrsb4b9yy5_v1,CPEEK_PANEL_001,248,4.454545455,55.0,data/public_benchmark/images/frame_0248.png,data/public_benchmark/masks/frame_0248.png,f34a69219b36aafb9c47114e8810add8504190f7aa89934c17a3643077725409,f97a0e375d7b0ecd7ac3ee5f80b79f3bc1514b0b05db7d0e968eb8301602733c,234,234,640,512,True,354,0.00646504492658,111,35,189,119,1,benchmark_only,experimental_public_benchmark
GVF-2025-0249,jrsb4b9yy5_v1,CPEEK_PANEL_001,249,4.472727273,55.0,data/public_benchmark/images/frame_0249.png,data/public_benchmark/masks/frame_0249.png,05b5eda7936d36ebb101f6ae682aff8f913f1711c505a322e05fd529bf06bd4e,f97a0e375d7b0ecd7ac3ee5f80b79f3bc1514b0b05db7d0e968eb8301602733c,234,234,640,512,True,354,0.00646504492658,111,35,189,119,1,benchmark_only,experimental_public_benchmark
GVF-2025-0250,jrsb4b9yy5_v1,CPEEK_PANEL_001,250,4.490909091,55.0,data/public_benchmark/images/frame_0250.png,data/public_benchmark/masks/frame_0250.png,f28b7de4aefc231be5066469d893e18705dd1faccfeefdc52dc6274f95b59bc8,f97a0e375d7b0ecd7ac3ee5f80b79f3bc1514b0b05db7d0e968eb8301602733c,234,234,640,512,True,354,0.00646504492658,111,35,189,119,1,benchmark_only,experimental_public_benchmark
GVF-2025-0251,jrsb4b9yy5_v1,CPEEK_PANEL_001,251,4.509090909,55.0,data/public_benchmark/images/frame_0251.png,data/public_benchmark/masks/frame_0251.png,05b366299434243ce16157a701fdafeb5b634ee54d15a1f67e4816ae3eae64c6,f97a0e375d7b0ecd7ac3ee5f80b79f3bc1514b0b05db7d0e968eb8301602733c,234,234,640,512,True,354,0.00646504492658,111,35,189,119,1,benchmark_only,experimental_public_benchmark
GVF-2025-0252,jrsb4b9yy5_v1,CPEEK_PANEL_001,252,4.527272727,55.0,data/public_benchmark/images/frame_0252.png,data/public_benchmark/masks/frame_0252.png,87a8bf7cf24d5950e3683570c34c6f44f6b11250dd8b16247da0b73a705c60d1,f97a0e375d7b0ecd7ac3ee5f80b79f3bc1514b0b05db7d0e968eb8301602733c,234,234,640,512,True,354,0.00646504492658,111,35,189,119,1,benchmark_only,experimental_public_benchmark
GVF-2025-0253,jrsb4b9yy5_v1,CPEEK_PANEL_001,253,4.545454545,55.0,data/public_benchmark/images/frame_0253.png,data/public_benchmark/masks/frame_0253.png,e983fcc219090afb1fb5080c380b308ded81daddb7a969028d64051e962f831b,f97a0e375d7b0ecd7ac3ee5f80b79f3bc1514b0b05db7d0e968eb8301602733c,234,234,640,512,True,354,0.00646504492658,111,35,189,119,1,benchmark_only,experimental_public_benchmark
GVF-2025-0254,jrsb4b9yy5_v1,CPEEK_PANEL_001,254,4.563636364,55.0,data/public_benchmark/images/frame_0254.png,data/public_benchmark/masks/frame_0254.png,28be56fe9c11cb9894b4b604c786fbdf4284a18538f580216236b531c291de6c,f97a0e375d7b0ecd7ac3ee5f80b79f3bc1514b0b05db7d0e968eb8301602733c,234,234,640,512,True,354,0.00646504492658,111,35,189,119,1,benchmark_only,experimental_public_benchmark
GVF-2025-0255,jrsb4b9yy5_v1,CPEEK_PANEL_001,255,4.581818182,55.0,data/public_benchmark/images/frame_0255.png,data/public_benchmark/masks/frame_0255.png,0e7d8864c71064e384fc2c7c6f2eb22ce8105039f36a9de542129ae9030cf0bb,f97a0e375d7b0ecd7ac3ee5f80b79f3bc1514b0b05db7d0e968eb8301602733c,234,234,640,512,True,354,0.00646504492658,111,35,189,119,1,benchmark_only,experimental_public_benchmark
GVF-2025-0256,jrsb4b9yy5_v1,CPEEK_PANEL_001,256,4.600000000,55.0,data/public_benchmark/images/frame_0256.png,data/public_benchmark/masks/frame_0256.png,26ea116c0e360a5bf3e91ee700681451435a7df85ae2e3598ea2152a6e474cbe,f97a0e375d7b0ecd7ac3ee5f80b79f3bc1514b0b05db7d0e968eb8301602733c,234,234,640,512,True,354,0.00646504492658,111,35,189,119,1,benchmark_only,experimental_public_benchmark
GVF-2025-0257,jrsb4b9yy5_v1,CPEEK_PANEL_001,257,4.618181818,55.0,data/public_benchmark/images/frame_0257.png,data/public_benchmark/masks/frame_0257.png,0f870e9f021f92a2e5591da72e47f0b8e8babd87ad88622666adfdfc86e0d063,f97a0e375d7b0ecd7ac3ee5f80b79f3bc1514b0b05db7d0e968eb8301602733c,234,234,640,512,True,354,0.00646504492658,111,35,189,119,1,benchmark_only,experimental_public_benchmark
GVF-2025-0258,jrsb4b9yy5_v1,CPEEK_PANEL_001,258,4.636363636,55.0,data/public_benchmark/images/frame_0258.png,data/public_benchmark/masks/frame_0258.png,d74314cd4024b98071e4bcac3372d06568f1e2c2b62c57385c1bd6dab536345c,f97a0e375d7b0ecd7ac3ee5f80b79f3bc1514b0b05db7d0e968eb8301602733c,234,234,640,512,True,354,0.00646504492658,111,35,189,119,1,benchmark_only,experimental_public_benchmark
GVF-2025-0259,jrsb4b9yy5_v1,CPEEK_PANEL_001,259,4.654545455,55.0,data/public_benchmark/images/frame_0259.png,data/public_benchmark/masks/frame_0259.png,724d13dd85ad363c8b1966c86f2f984f49be142e8637c003aac00108c1164383,f97a0e375d7b0ecd7ac3ee5f80b79f3bc1514b0b05db7d0e968eb8301602733c,234,234,640,512,True,354,0.00646504492658,111,35,189,119,1,benchmark_only,experimental_public_benchmark
GVF-2025-0260,jrsb4b9yy5_v1,CPEEK_PANEL_001,260,4.672727273,55.0,data/public_benchmark/images/frame_0260.png,data/public_benchmark/masks/frame_0260.png,9b2d25939ef7b3f9ca60b94229bc8c4781115e25f3c2505a09f632b6e21b72af,f97a0e375d7b0ecd7ac3ee5f80b79f3bc1514b0b05db7d0e968eb8301602733c,234,234,640,512,True,354,0.00646504492658,111,35,189,119,1,benchmark_only,experimental_public_benchmark
GVF-2025-0261,jrsb4b9yy5_v1,CPEEK_PANEL_001,261,4.690909091,55.0,data/public_benchmark/images/frame_0261.png,data/public_benchmark/masks/frame_0261.png,cb08632228d4eb1334ea73f482e6ae36d9d887f3597ef00a7b089259a65a002f,f97a0e375d7b0ecd7ac3ee5f80b79f3bc1514b0b05db7d0e968eb8301602733c,234,234,640,512,True,354,0.00646504492658,111,35,189,119,1,benchmark_only,experimental_public_benchmark
GVF-2025-0262,jrsb4b9yy5_v1,CPEEK_PANEL_001,262,4.709090909,55.0,data/public_benchmark/images/frame_0262.png,data/public_benchmark/masks/frame_0262.png,ae319328bb5c4ceb90c6efbbdef1b2a519c1e9ba9df662117677b763d94f5a4f,f97a0e375d7b0ecd7ac3ee5f80b79f3bc1514b0b05db7d0e968eb8301602733c,234,234,640,512,True,354,0.00646504492658,111,35,189,119,1,benchmark_only,experimental_public_benchmark
GVF-2025-0263,jrsb4b9yy5_v1,CPEEK_PANEL_001,263,4.727272727,55.0,data/public_benchmark/images/frame_0263.png,data/public_benchmark/masks/frame_0263.png,1f140911a736d73789be89229b1c8fbd4a7ef9e729b20a8503848bb85cc3742d,f97a0e375d7b0ecd7ac3ee5f80b79f3bc1514b0b05db7d0e968eb8301602733c,234,234,640,512,True,354,0.00646504492658,111,35,189,119,1,benchmark_only,experimental_public_benchmark
GVF-2025-0264,jrsb4b9yy5_v1,CPEEK_PANEL_001,264,4.745454545,55.0,data/public_benchmark/images/frame_0264.png,data/public_benchmark/masks/frame_0264.png,1c4caf4c010979393ddc3f59051733f7563927b8a4ea4acb2b563ff9ae3ba4a3,f97a0e375d7b0ecd7ac3ee5f80b79f3bc1514b0b05db7d0e968eb8301602733c,234,234,640,512,True,354,0.00646504492658,111,35,189,119,1,benchmark_only,experimental_public_benchmark
GVF-2025-0265,jrsb4b9yy5_v1,CPEEK_PANEL_001,265,4.763636364,55.0,data/public_benchmark/images/frame_0265.png,data/public_benchmark/masks/frame_0265.png,667577e4ebe3c0e250afb991564a6f81b9a5263e91cb8cb8777ee2bd491c1bf2,f97a0e375d7b0ecd7ac3ee5f80b79f3bc1514b0b05db7d0e968eb8301602733c,234,234,640,512,True,354,0.00646504492658,111,35,189,119,1,benchmark_only,experimental_public_benchmark
GVF-2025-0266,jrsb4b9yy5_v1,CPEEK_PANEL_001,266,4.781818182,55.0,data/public_benchmark/images/frame_0266.png,data/public_benchmark/masks/frame_0266.png,e899c5bcf00f50594bf23663554205c45aa74de6507c697801ab75480ec0073d,f97a0e375d7b0ecd7ac3ee5f80b79f3bc1514b0b05db7d0e968eb8301602733c,234,234,640,512,True,354,0.00646504492658,111,35,189,119,1,benchmark_only,experimental_public_benchmark
GVF-2025-0267,jrsb4b9yy5_v1,CPEEK_PANEL_001,267,4.800000000,55.0,data/public_benchmark/images/frame_0267.png,data/public_benchmark/masks/frame_0267.png,999236c70f36aa678304566c20d6a0517ab78fe40bffb1f69083e634a883f810,f97a0e375d7b0ecd7ac3ee5f80b79f3bc1514b0b05db7d0e968eb8301602733c,234,234,640,512,True,354,0.00646504492658,111,35,189,119,1,benchmark_only,experimental_public_benchmark
GVF-2025-0268,jrsb4b9yy5_v1,CPEEK_PANEL_001,268,4.818181818,55.0,data/public_benchmark/images/frame_0268.png,data/public_benchmark/masks/frame_0268.png,0e676d88c5df9c0c1bbdb32eaf0c770384127158814c40c9836b03222c11ca1f,f97a0e375d7b0ecd7ac3ee5f80b79f3bc1514b0b05db7d0e968eb8301602733c,234,234,640,512,True,354,0.00646504492658,111,35,189,119,1,benchmark_only,experimental_public_benchmark
GVF-2025-0269,jrsb4b9yy5_v1,CPEEK_PANEL_001,269,4.836363636,55.0,data/public_benchmark/images/frame_0269.png,data/public_benchmark/masks/frame_0269.png,2de40cad4beb18c976a2c67a2f131e56aaf689939dac96a2fde93034d9cd7226,f97a0e375d7b0ecd7ac3ee5f80b79f3bc1514b0b05db7d0e968eb8301602733c,234,234,640,512,True,354,0.00646504492658,111,35,189,119,1,benchmark_only,experimental_public_benchmark
GVF-2025-0270,jrsb4b9yy5_v1,CPEEK_PANEL_001,270,4.854545455,55.0,data/public_benchmark/images/frame_0270.png,data/public_benchmark/masks/frame_0270.png,1e0ca2ea25c4f815f4a31b119135ca75dd074a6228149bc05d75c6fd569b46b5,f97a0e375d7b0ecd7ac3ee5f80b79f3bc1514b0b05db7d0e968eb8301602733c,234,234,640,512,True,354,0.00646504492658,111,35,189,119,1,benchmark_only,experimental_public_benchmark
GVF-2025-0271,jrsb4b9yy5_v1,CPEEK_PANEL_001,271,4.872727273,55.0,data/public_benchmark/images/frame_0271.png,data/public_benchmark/masks/frame_0271.png,92ad42738e42d5524062ab73cdfb818da947b5c7a9b63836034bc98bcd4a7c67,f97a0e375d7b0ecd7ac3ee5f80b79f3bc1514b0b05db7d0e968eb8301602733c,234,234,640,512,True,354,0.00646504492658,111,35,189,119,1,benchmark_only,experimental_public_benchmark
GVF-2025-0272,jrsb4b9yy5_v1,CPEEK_PANEL_001,272,4.890909091,55.0,data/public_benchmark/images/frame_0272.png,data/public_benchmark/masks/frame_0272.png,5b4bf230a7d016d6750d0475275a14a6119e4d9021d966b60128d17345d84071,f97a0e375d7b0ecd7ac3ee5f80b79f3bc1514b0b05db7d0e968eb8301602733c,234,234,640,512,True,354,0.00646504492658,111,35,189,119,1,benchmark_only,experimental_public_benchmark
GVF-2025-0273,jrsb4b9yy5_v1,CPEEK_PANEL_001,273,4.909090909,55.0,data/public_benchmark/images/frame_0273.png,data/public_benchmark/masks/frame_0273.png,788afee47afdfd4bcc26042cef27568e599741b372942e8fd4f126d064262320,f97a0e375d7b0ecd7ac3ee5f80b79f3bc1514b0b05db7d0e968eb8301602733c,234,234,640,512,True,354,0.00646504492658,111,35,189,119,1,benchmark_only,experimental_public_benchmark
GVF-2025-0274,jrsb4b9yy5_v1,CPEEK_PANEL_001,274,4.927272727,55.0,data/public_benchmark/images/frame_0274.png,data/public_benchmark/masks/frame_0274.png,68563a91f24766270ac94de19318338eaef49302594658fe8e08e2a62cc5ff11,f97a0e375d7b0ecd7ac3ee5f80b79f3bc1514b0b05db7d0e968eb8301602733c,234,234,640,512,True,354,0.00646504492658,111,35,189,119,1,benchmark_only,experimental_public_benchmark
GVF-2025-0275,jrsb4b9yy5_v1,CPEEK_PANEL_001,275,4.945454545,55.0,data/public_benchmark/images/frame_0275.png,data/public_benchmark/masks/frame_0275.png,8437b2767e218d137731137bc1cef44d5310f528e9070effebfc64d609b97adc,f97a0e375d7b0ecd7ac3ee5f80b79f3bc1514b0b05db7d0e968eb8301602733c,234,234,640,512,True,354,0.00646504492658,111,35,189,119,1,benchmark_only,experimental_public_benchmark
GVF-2025-0276,jrsb4b9yy5_v1,CPEEK_PANEL_001,276,4.963636364,55.0,data/public_benchmark/images/frame_0276.png,data/public_benchmark/masks/frame_0276.png,a9aa0725b9d146b5c2292efba14a37857a10ce88dfe5518c9f8fa7f501a33c49,f97a0e375d7b0ecd7ac3ee5f80b79f3bc1514b0b05db7d0e968eb8301602733c,234,234,640,512,True,354,0.00646504492658,111,35,189,119,1,benchmark_only,experimental_public_benchmark
GVF-2025-0277,jrsb4b9yy5_v1,CPEEK_PANEL_001,277,4.981818182,55.0,data/public_benchmark/images/frame_0277.png,data/public_benchmark/masks/frame_0277.png,f726861f8d159f54640fa0d859cafed9875504125e7f768fae0ac367d3a8a507,f97a0e375d7b0ecd7ac3ee5f80b79f3bc1514b0b05db7d0e968eb8301602733c,234,234,640,512,True,354,0.00646504492658,111,35,189,119,1,benchmark_only,experimental_public_benchmark
GVF-2025-0278,jrsb4b9yy5_v1,CPEEK_PANEL_001,278,5.000000000,55.0,data/public_benchmark/images/frame_0278.png,data/public_benchmark/masks/frame_0278.png,dce0ee2b13b19b9de9c636aad9281ba8da17e8b4ec0f109fc539d2f61c958375,f97a0e375d7b0ecd7ac3ee5f80b79f3bc1514b0b05db7d0e968eb8301602733c,234,234,640,512,True,354,0.00646504492658,111,35,189,119,1,benchmark_only,experimental_public_benchmark
GVF-2025-0279,jrsb4b9yy5_v1,CPEEK_PANEL_001,279,5.018181818,55.0,data/public_benchmark/images/frame_0279.png,data/public_benchmark/masks/frame_0279.png,2ce62311c85e67ce40f50211db39741b8d4c1cbee1ee31d1a335c034805ceb9d,f97a0e375d7b0ecd7ac3ee5f80b79f3bc1514b0b05db7d0e968eb8301602733c,234,234,640,512,True,354,0.00646504492658,111,35,189,119,1,benchmark_only,experimental_public_benchmark
GVF-2025-0280,jrsb4b9yy5_v1,CPEEK_PANEL_001,280,5.036363636,55.0,data/public_benchmark/images/frame_0280.png,data/public_benchmark/masks/frame_0280.png,892ae044c6cf0854ba2b2db21482fe951680726cae28ebf094d2b2a9ad731f7c,f97a0e375d7b0ecd7ac3ee5f80b79f3bc1514b0b05db7d0e968eb8301602733c,234,234,640,512,True,354,0.00646504492658,111,35,189,119,1,benchmark_only,experimental_public_benchmark
GVF-2025-0281,jrsb4b9yy5_v1,CPEEK_PANEL_001,281,5.054545455,55.0,data/public_benchmark/images/frame_0281.png,data/public_benchmark/masks/frame_0281.png,2f9d4243e32daed9340a713dceab9af4164cd916df59c3e43ef2f0c34e24dc69,f97a0e375d7b0ecd7ac3ee5f80b79f3bc1514b0b05db7d0e968eb8301602733c,234,234,640,512,True,354,0.00646504492658,111,35,189,119,1,benchmark_only,experimental_public_benchmark
GVF-2025-0282,jrsb4b9yy5_v1,CPEEK_PANEL_001,282,5.072727273,55.0,data/public_benchmark/images/frame_0282.png,data/public_benchmark/masks/frame_0282.png,9609845eb04dfa79bb7b67291db700bfeb4179d7fd510e3f9d718e5ba007108d,f97a0e375d7b0ecd7ac3ee5f80b79f3bc1514b0b05db7d0e968eb8301602733c,234,234,640,512,True,354,0.00646504492658,111,35,189,119,1,benchmark_only,experimental_public_benchmark
GVF-2025-0283,jrsb4b9yy5_v1,CPEEK_PANEL_001,283,5.090909091,55.0,data/public_benchmark/images/frame_0283.png,data/public_benchmark/masks/frame_0283.png,68e3fcf87a881bb423e5617dcc54ffe74cd3af9d8de57ca279b51727582c3b26,f97a0e375d7b0ecd7ac3ee5f80b79f3bc1514b0b05db7d0e968eb8301602733c,234,234,640,512,True,354,0.00646504492658,111,35,189,119,1,benchmark_only,experimental_public_benchmark
GVF-2025-0284,jrsb4b9yy5_v1,CPEEK_PANEL_001,284,5.109090909,55.0,data/public_benchmark/images/frame_0284.png,data/public_benchmark/masks/frame_0284.png,474d0c9336f25cb60b6edcd284eb03efc1658999915cb6ccb4f0b24bf8282e32,f97a0e375d7b0ecd7ac3ee5f80b79f3bc1514b0b05db7d0e968eb8301602733c,234,234,640,512,True,354,0.00646504492658,111,35,189,119,1,benchmark_only,experimental_public_benchmark
GVF-2025-0285,jrsb4b9yy5_v1,CPEEK_PANEL_001,285,5.127272727,55.0,data/public_benchmark/images/frame_0285.png,data/public_benchmark/masks/frame_0285.png,ae51840c5101881820c8a3f4c0716a5da92db7ca0059674f617726e63092f0d5,f97a0e375d7b0ecd7ac3ee5f80b79f3bc1514b0b05db7d0e968eb8301602733c,234,234,640,512,True,354,0.00646504492658,111,35,189,119,1,benchmark_only,experimental_public_benchmark
GVF-2025-0286,jrsb4b9yy5_v1,CPEEK_PANEL_001,286,5.145454545,55.0,data/public_benchmark/images/frame_0286.png,data/public_benchmark/masks/frame_0286.png,5b5e2770bd6e9c2786f450debe7175af02280738f84deb2e9b0b53801936027b,f97a0e375d7b0ecd7ac3ee5f80b79f3bc1514b0b05db7d0e968eb8301602733c,234,234,640,512,True,354,0.00646504492658,111,35,189,119,1,benchmark_only,experimental_public_benchmark
GVF-2025-0287,jrsb4b9yy5_v1,CPEEK_PANEL_001,287,5.163636364,55.0,data/public_benchmark/images/frame_0287.png,data/public_benchmark/masks/frame_0287.png,0764f7145cb9999afbbabc685a386761f35724c93da2b650b5b37b9649a2f034,f97a0e375d7b0ecd7ac3ee5f80b79f3bc1514b0b05db7d0e968eb8301602733c,234,234,640,512,True,354,0.00646504492658,111,35,189,119,1,benchmark_only,experimental_public_benchmark
GVF-2025-0288,jrsb4b9yy5_v1,CPEEK_PANEL_001,288,5.181818182,55.0,data/public_benchmark/images/frame_0288.png,data/public_benchmark/masks/frame_0288.png,dfe3cb7db3f0aeb58f826f4eafcd7776a8b1da2e46ca0548f12f7cc4787ec1e3,f97a0e375d7b0ecd7ac3ee5f80b79f3bc1514b0b05db7d0e968eb8301602733c,234,234,640,512,True,354,0.00646504492658,111,35,189,119,1,benchmark_only,experimental_public_benchmark
GVF-2025-0289,jrsb4b9yy5_v1,CPEEK_PANEL_001,289,5.200000000,55.0,data/public_benchmark/images/frame_0289.png,data/public_benchmark/masks/frame_0289.png,a9f2d410c3f4c2da4700f172a53c4e58446cb45cbf35f43d5e10660f13e44c6d,f97a0e375d7b0ecd7ac3ee5f80b79f3bc1514b0b05db7d0e968eb8301602733c,234,234,640,512,True,354,0.00646504492658,111,35,189,119,1,benchmark_only,experimental_public_benchmark
GVF-2025-0290,jrsb4b9yy5_v1,CPEEK_PANEL_001,290,5.218181818,55.0,data/public_benchmark/images/frame_0290.png,data/public_benchmark/masks/frame_0290.png,69979c6db00818c67c964da033276bec78d8c6b2ac9e52c544c273dd5d750639,f97a0e375d7b0ecd7ac3ee5f80b79f3bc1514b0b05db7d0e968eb8301602733c,234,234,640,512,True,354,0.00646504492658,111,35,189,119,1,benchmark_only,experimental_public_benchmark
GVF-2025-0291,jrsb4b9yy5_v1,CPEEK_PANEL_001,291,5.236363636,55.0,data/public_benchmark/images/frame_0291.png,data/public_benchmark/masks/frame_0291.png,bdb8f3a622e8feedfb549c1003ebadf6301c12289b35fef9f60a55b37d4c33a4,f97a0e375d7b0ecd7ac3ee5f80b79f3bc1514b0b05db7d0e968eb8301602733c,234,234,640,512,True,354,0.00646504492658,111,35,189,119,1,benchmark_only,experimental_public_benchmark
GVF-2025-0292,jrsb4b9yy5_v1,CPEEK_PANEL_001,292,5.254545455,55.0,data/public_benchmark/images/frame_0292.png,data/public_benchmark/masks/frame_0292.png,4a92eb3c26200eae387937ef024bd53684486e7e4f1db00985241dfc14db764b,f97a0e375d7b0ecd7ac3ee5f80b79f3bc1514b0b05db7d0e968eb8301602733c,234,234,640,512,True,354,0.00646504492658,111,35,189,119,1,benchmark_only,experimental_public_benchmark
GVF-2025-0293,jrsb4b9yy5_v1,CPEEK_PANEL_001,293,5.272727273,55.0,data/public_benchmark/images/frame_0293.png,data/public_benchmark/masks/frame_0293.png,3a287443a72627ae5333e091652f0530e13b08610c04dc406d578f0dd647df27,f97a0e375d7b0ecd7ac3ee5f80b79f3bc1514b0b05db7d0e968eb8301602733c,234,234,640,512,True,354,0.00646504492658,111,35,189,119,1,benchmark_only,experimental_public_benchmark
GVF-2025-0294,jrsb4b9yy5_v1,CPEEK_PANEL_001,294,5.290909091,55.0,data/public_benchmark/images/frame_0294.png,data/public_benchmark/masks/frame_0294.png,713f632d1d292e22031e9331e787ba78bd83cfc7d44fb18f35867d254aab8254,f97a0e375d7b0ecd7ac3ee5f80b79f3bc1514b0b05db7d0e968eb8301602733c,234,234,640,512,True,354,0.00646504492658,111,35,189,119,1,benchmark_only,experimental_public_benchmark
GVF-2025-0295,jrsb4b9yy5_v1,CPEEK_PANEL_001,295,5.309090909,55.0,data/public_benchmark/images/frame_0295.png,data/public_benchmark/masks/frame_0295.png,03291e1d867dbc9dd0d3a293832189fb22fd40a41fcf858db47e571e9c35b258,f97a0e375d7b0ecd7ac3ee5f80b79f3bc1514b0b05db7d0e968eb8301602733c,234,234,640,512,True,354,0.00646504492658,111,35,189,119,1,benchmark_only,experimental_public_benchmark
GVF-2025-0296,jrsb4b9yy5_v1,CPEEK_PANEL_001,296,5.327272727,55.0,data/public_benchmark/images/frame_0296.png,data/public_benchmark/masks/frame_0296.png,91795c42e0d8c24644e913473693114572a1bdfa4920f38e494d7820cb7b79a7,f97a0e375d7b0ecd7ac3ee5f80b79f3bc1514b0b05db7d0e968eb8301602733c,234,234,640,512,True,354,0.00646504492658,111,35,189,119,1,benchmark_only,experimental_public_benchmark
GVF-2025-0297,jrsb4b9yy5_v1,CPEEK_PANEL_001,297,5.345454545,55.0,data/public_benchmark/images/frame_0297.png,data/public_benchmark/masks/frame_0297.png,b17e4bfa549854a2b143bfd4a41d45666b7415867f825b5182716b2f71376172,f97a0e375d7b0ecd7ac3ee5f80b79f3bc1514b0b05db7d0e968eb8301602733c,234,234,640,512,True,354,0.00646504492658,111,35,189,119,1,benchmark_only,experimental_public_benchmark
GVF-2025-0298,jrsb4b9yy5_v1,CPEEK_PANEL_001,298,5.363636364,55.0,data/public_benchmark/images/frame_0298.png,data/public_benchmark/masks/frame_0298.png,db0014c3f5e23c8d6a335f80b08397fdeb315d624363a0d203e36f47f89e17b4,f97a0e375d7b0ecd7ac3ee5f80b79f3bc1514b0b05db7d0e968eb8301602733c,234,234,640,512,True,354,0.00646504492658,111,35,189,119,1,benchmark_only,experimental_public_benchmark
GVF-2025-0299,jrsb4b9yy5_v1,CPEEK_PANEL_001,299,5.381818182,55.0,data/public_benchmark/images/frame_0299.png,data/public_benchmark/masks/frame_0299.png,80c2573033524020077dde3c542591c6ea056d88738c9c0d8c73f79819e5d296,f97a0e375d7b0ecd7ac3ee5f80b79f3bc1514b0b05db7d0e968eb8301602733c,234,234,640,512,True,354,0.00646504492658,111,35,189,119,1,benchmark_only,experimental_public_benchmark
GVF-2025-0300,jrsb4b9yy5_v1,CPEEK_PANEL_001,300,5.400000000,55.0,data/public_benchmark/images/frame_0300.png,data/public_benchmark/masks/frame_0300.png,01937071a88a647e439816ac7f8c07bf2b606743c6fadfe9a2c8d6f73fdaddec,f97a0e375d7b0ecd7ac3ee5f80b79f3bc1514b0b05db7d0e968eb8301602733c,234,234,640,512,True,354,0.00646504492658,111,35,189,119,1,benchmark_only,experimental_public_benchmark
GVF-2025-0301,jrsb4b9yy5_v1,CPEEK_PANEL_001,301,5.418181818,55.0,data/public_benchmark/images/frame_0301.png,data/public_benchmark/masks/frame_0301.png,9718999cbcebfe8a0b6b9ee437074afb3e8c5402aac5c7b66ac92c9597429b7a,f97a0e375d7b0ecd7ac3ee5f80b79f3bc1514b0b05db7d0e968eb8301602733c,234,234,640,512,True,354,0.00646504492658,111,35,189,119,1,benchmark_only,experimental_public_benchmark
GVF-2025-0302,jrsb4b9yy5_v1,CPEEK_PANEL_001,302,5.436363636,55.0,data/public_benchmark/images/frame_0302.png,data/public_benchmark/masks/frame_0302.png,7c64395afa3d163c86df12739952c6cf120d7212b7e4df4b831ac2193a412bc7,f97a0e375d7b0ecd7ac3ee5f80b79f3bc1514b0b05db7d0e968eb8301602733c,234,234,640,512,True,354,0.00646504492658,111,35,189,119,1,benchmark_only,experimental_public_benchmark
GVF-2025-0303,jrsb4b9yy5_v1,CPEEK_PANEL_001,303,5.454545455,55.0,data/public_benchmark/images/frame_0303.png,data/public_benchmark/masks/frame_0303.png,e65eb7a06bb44015ad2b2c0d4378ba67e767da1138f832a876255a794123e42c,f97a0e375d7b0ecd7ac3ee5f80b79f3bc1514b0b05db7d0e968eb8301602733c,234,234,640,512,True,354,0.00646504492658,111,35,189,119,1,benchmark_only,experimental_public_benchmark
GVF-2025-0304,jrsb4b9yy5_v1,CPEEK_PANEL_001,304,5.472727273,55.0,data/public_benchmark/images/frame_0304.png,data/public_benchmark/masks/frame_0304.png,fca2ee7c99cec7ef04aabf640699af61a292f57af621c66bff4a1aeca891f496,f97a0e375d7b0ecd7ac3ee5f80b79f3bc1514b0b05db7d0e968eb8301602733c,234,234,640,512,True,354,0.00646504492658,111,35,189,119,1,benchmark_only,experimental_public_benchmark
GVF-2025-0305,jrsb4b9yy5_v1,CPEEK_PANEL_001,305,5.490909091,55.0,data/public_benchmark/images/frame_0305.png,data/public_benchmark/masks/frame_0305.png,085c97eeb6877872db864635400c80f941a777679f0b15edcc4ff52186b34bc7,f97a0e375d7b0ecd7ac3ee5f80b79f3bc1514b0b05db7d0e968eb8301602733c,234,234,640,512,True,354,0.00646504492658,111,35,189,119,1,benchmark_only,experimental_public_benchmark
GVF-2025-0306,jrsb4b9yy5_v1,CPEEK_PANEL_001,306,5.509090909,55.0,data/public_benchmark/images/frame_0306.png,data/public_benchmark/masks/frame_0306.png,c5d08f7010d46d4edffa064e8e80bb4244b91e771f17ecd4d63e23fa6a6c64e8,f97a0e375d7b0ecd7ac3ee5f80b79f3bc1514b0b05db7d0e968eb8301602733c,234,234,640,512,True,354,0.00646504492658,111,35,189,119,1,benchmark_only,experimental_public_benchmark
GVF-2025-0307,jrsb4b9yy5_v1,CPEEK_PANEL_001,307,5.527272727,55.0,data/public_benchmark/images/frame_0307.png,data/public_benchmark/masks/frame_0307.png,a947db9613ce39165df1ff61d792d2a2fcc5f2f8cf699ea82b74c98ed8bad526,f97a0e375d7b0ecd7ac3ee5f80b79f3bc1514b0b05db7d0e968eb8301602733c,234,234,640,512,True,354,0.00646504492658,111,35,189,119,1,benchmark_only,experimental_public_benchmark
GVF-2025-0308,jrsb4b9yy5_v1,CPEEK_PANEL_001,308,5.545454545,55.0,data/public_benchmark/images/frame_0308.png,data/public_benchmark/masks/frame_0308.png,088718536e9a34ad079b7fc249e3c0f43ddfb128073d63503a08565be34b2a83,f97a0e375d7b0ecd7ac3ee5f80b79f3bc1514b0b05db7d0e968eb8301602733c,234,234,640,512,True,354,0.00646504492658,111,35,189,119,1,benchmark_only,experimental_public_benchmark
GVF-2025-0309,jrsb4b9yy5_v1,CPEEK_PANEL_001,309,5.563636364,55.0,data/public_benchmark/images/frame_0309.png,data/public_benchmark/masks/frame_0309.png,90e91af02181d31a1b982c075f6883c9332ef0eaf9eefdf6724c19a793f2e6b6,f97a0e375d7b0ecd7ac3ee5f80b79f3bc1514b0b05db7d0e968eb8301602733c,234,234,640,512,True,354,0.00646504492658,111,35,189,119,1,benchmark_only,experimental_public_benchmark
GVF-2025-0310,jrsb4b9yy5_v1,CPEEK_PANEL_001,310,5.581818182,55.0,data/public_benchmark/images/frame_0310.png,data/public_benchmark/masks/frame_0310.png,455bc9dc8432c3eea351de23aed443575a9c820cd7c955004407ae9b7a560f81,f97a0e375d7b0ecd7ac3ee5f80b79f3bc1514b0b05db7d0e968eb8301602733c,234,234,640,512,True,354,0.00646504492658,111,35,189,119,1,benchmark_only,experimental_public_benchmark
GVF-2025-0311,jrsb4b9yy5_v1,CPEEK_PANEL_001,311,5.600000000,55.0,data/public_benchmark/images/frame_0311.png,data/public_benchmark/masks/frame_0311.png,6208d2b634f867c35c0433cc6c2da5353b2202db449cbc33a593d5b8c812134f,f97a0e375d7b0ecd7ac3ee5f80b79f3bc1514b0b05db7d0e968eb8301602733c,234,234,640,512,True,354,0.00646504492658,111,35,189,119,1,benchmark_only,experimental_public_benchmark
GVF-2025-0312,jrsb4b9yy5_v1,CPEEK_PANEL_001,312,5.618181818,55.0,data/public_benchmark/images/frame_0312.png,data/public_benchmark/masks/frame_0312.png,d5102e58b0af1df40dd5f5ee66533bced8eb48016de2277b20d61b69b8129abd,f97a0e375d7b0ecd7ac3ee5f80b79f3bc1514b0b05db7d0e968eb8301602733c,234,234,640,512,True,354,0.00646504492658,111,35,189,119,1,benchmark_only,experimental_public_benchmark
GVF-2025-0313,jrsb4b9yy5_v1,CPEEK_PANEL_001,313,5.636363636,55.0,data/public_benchmark/images/frame_0313.png,data/public_benchmark/masks/frame_0313.png,bacc6458447d36e666b056c2f0cd1155998fed495c7fb98e061bcee19714461a,f97a0e375d7b0ecd7ac3ee5f80b79f3bc1514b0b05db7d0e968eb8301602733c,234,234,640,512,True,354,0.00646504492658,111,35,189,119,1,benchmark_only,experimental_public_benchmark
GVF-2025-0314,jrsb4b9yy5_v1,CPEEK_PANEL_001,314,5.654545455,55.0,data/public_benchmark/images/frame_0314.png,data/public_benchmark/masks/frame_0314.png,bd1544f518c45c1e080831691af98ebc14339d7eda435e1fcb646f3487345192,f97a0e375d7b0ecd7ac3ee5f80b79f3bc1514b0b05db7d0e968eb8301602733c,234,234,640,512,True,354,0.00646504492658,111,35,189,119,1,benchmark_only,experimental_public_benchmark
GVF-2025-0315,jrsb4b9yy5_v1,CPEEK_PANEL_001,315,5.672727273,55.0,data/public_benchmark/images/frame_0315.png,data/public_benchmark/masks/frame_0315.png,9e07c0ec8c03554c4b9155470fc5215eb6303bd73c979d65df1bcf35ade0ac0d,91020423d738c08207cb7230abb5e5e841139575b131584c7f5aaa46de72dc0a,234,234,640,512,True,242,0.00441960698371,111,35,189,45,1,benchmark_only,experimental_public_benchmark
GVF-2025-0316,jrsb4b9yy5_v1,CPEEK_PANEL_001,316,5.690909091,55.0,data/public_benchmark/images/frame_0316.png,data/public_benchmark/masks/frame_0316.png,a4a90e94653959e3e40ff49c5a52cbc0025943516602487fa09047fa2a2000ac,91020423d738c08207cb7230abb5e5e841139575b131584c7f5aaa46de72dc0a,234,234,640,512,True,242,0.00441960698371,111,35,189,45,1,benchmark_only,experimental_public_benchmark
GVF-2025-0317,jrsb4b9yy5_v1,CPEEK_PANEL_001,317,5.709090909,55.0,data/public_benchmark/images/frame_0317.png,data/public_benchmark/masks/frame_0317.png,2ff28322e7cebfdc753630662edea5a5cb6264508470d544d3a3ed7ba182e453,91020423d738c08207cb7230abb5e5e841139575b131584c7f5aaa46de72dc0a,234,234,640,512,True,242,0.00441960698371,111,35,189,45,1,benchmark_only,experimental_public_benchmark
GVF-2025-0318,jrsb4b9yy5_v1,CPEEK_PANEL_001,318,5.727272727,55.0,data/public_benchmark/images/frame_0318.png,data/public_benchmark/masks/frame_0318.png,a6ce81468ed11e0c1992accee609330f3d4d053f770c138c62c989f84f9ddd42,91020423d738c08207cb7230abb5e5e841139575b131584c7f5aaa46de72dc0a,234,234,640,512,True,242,0.00441960698371,111,35,189,45,1,benchmark_only,experimental_public_benchmark
GVF-2025-0319,jrsb4b9yy5_v1,CPEEK_PANEL_001,319,5.745454545,55.0,data/public_benchmark/images/frame_0319.png,data/public_benchmark/masks/frame_0319.png,8d546c60141e6df31a28f22741dc172a047f51650a8f7c013f5bcd3db1034efc,91020423d738c08207cb7230abb5e5e841139575b131584c7f5aaa46de72dc0a,234,234,640,512,True,242,0.00441960698371,111,35,189,45,1,benchmark_only,experimental_public_benchmark
GVF-2025-0320,jrsb4b9yy5_v1,CPEEK_PANEL_001,320,5.763636364,55.0,data/public_benchmark/images/frame_0320.png,data/public_benchmark/masks/frame_0320.png,0391a1501417bb91d2c8a978fb76e106b05ff20d4e079f3a128896f37c9ad18d,91020423d738c08207cb7230abb5e5e841139575b131584c7f5aaa46de72dc0a,234,234,640,512,True,242,0.00441960698371,111,35,189,45,1,benchmark_only,experimental_public_benchmark
GVF-2025-0321,jrsb4b9yy5_v1,CPEEK_PANEL_001,321,5.781818182,55.0,data/public_benchmark/images/frame_0321.png,data/public_benchmark/masks/frame_0321.png,006727d79bdfff764618686972b2fab97b89b14fb74a0064b0d99a1c2f9d4dc1,91020423d738c08207cb7230abb5e5e841139575b131584c7f5aaa46de72dc0a,234,234,640,512,True,242,0.00441960698371,111,35,189,45,1,benchmark_only,experimental_public_benchmark
GVF-2025-0322,jrsb4b9yy5_v1,CPEEK_PANEL_001,322,5.800000000,55.0,data/public_benchmark/images/frame_0322.png,data/public_benchmark/masks/frame_0322.png,8710298f2e09278298d8b8ba562572e1bbef5cc6c24ebaa62bf55570a8cedb23,91020423d738c08207cb7230abb5e5e841139575b131584c7f5aaa46de72dc0a,234,234,640,512,True,242,0.00441960698371,111,35,189,45,1,benchmark_only,experimental_public_benchmark
GVF-2025-0323,jrsb4b9yy5_v1,CPEEK_PANEL_001,323,5.818181818,55.0,data/public_benchmark/images/frame_0323.png,data/public_benchmark/masks/frame_0323.png,d86e3bd8f37869af1074870b4cbf2964cd017f3a9545b5ac9cdca974a69f802c,91020423d738c08207cb7230abb5e5e841139575b131584c7f5aaa46de72dc0a,234,234,640,512,True,242,0.00441960698371,111,35,189,45,1,benchmark_only,experimental_public_benchmark
GVF-2025-0324,jrsb4b9yy5_v1,CPEEK_PANEL_001,324,5.836363636,55.0,data/public_benchmark/images/frame_0324.png,data/public_benchmark/masks/frame_0324.png,97f952f2bd5303dfd8c70f7acceae3d72a63774027dddff47c8a963817cf81f8,91020423d738c08207cb7230abb5e5e841139575b131584c7f5aaa46de72dc0a,234,234,640,512,True,242,0.00441960698371,111,35,189,45,1,benchmark_only,experimental_public_benchmark
GVF-2025-0325,jrsb4b9yy5_v1,CPEEK_PANEL_001,325,5.854545455,55.0,data/public_benchmark/images/frame_0325.png,data/public_benchmark/masks/frame_0325.png,478678d18b4bf7e459306bd973f977d752a33384584c9acc81a757bc369bed52,91020423d738c08207cb7230abb5e5e841139575b131584c7f5aaa46de72dc0a,234,234,640,512,True,242,0.00441960698371,111,35,189,45,1,benchmark_only,experimental_public_benchmark
GVF-2025-0326,jrsb4b9yy5_v1,CPEEK_PANEL_001,326,5.872727273,55.0,data/public_benchmark/images/frame_0326.png,data/public_benchmark/masks/frame_0326.png,886938f6962b6e256b7c8bc4e6d10e0046e8f1e88557e9f6b14ea24027c00ebb,91020423d738c08207cb7230abb5e5e841139575b131584c7f5aaa46de72dc0a,234,234,640,512,True,242,0.00441960698371,111,35,189,45,1,benchmark_only,experimental_public_benchmark
GVF-2025-0327,jrsb4b9yy5_v1,CPEEK_PANEL_001,327,5.890909091,55.0,data/public_benchmark/images/frame_0327.png,data/public_benchmark/masks/frame_0327.png,59bfd54cf70609a98d04032968bc5daa25495e99aa0f501ca978c2565c78d145,91020423d738c08207cb7230abb5e5e841139575b131584c7f5aaa46de72dc0a,234,234,640,512,True,242,0.00441960698371,111,35,189,45,1,benchmark_only,experimental_public_benchmark
GVF-2025-0328,jrsb4b9yy5_v1,CPEEK_PANEL_001,328,5.909090909,55.0,data/public_benchmark/images/frame_0328.png,data/public_benchmark/masks/frame_0328.png,7c09a7d6e1e5a4cdb5d59d2d8e36ee8781d9ba2be6203c593c6d7ef28bbe9acf,91020423d738c08207cb7230abb5e5e841139575b131584c7f5aaa46de72dc0a,234,234,640,512,True,242,0.00441960698371,111,35,189,45,1,benchmark_only,experimental_public_benchmark
GVF-2025-0329,jrsb4b9yy5_v1,CPEEK_PANEL_001,329,5.927272727,55.0,data/public_benchmark/images/frame_0329.png,data/public_benchmark/masks/frame_0329.png,ddd674564649479e205be9f63e52c128e4c21a4b5551002f59caac000f417ddf,91020423d738c08207cb7230abb5e5e841139575b131584c7f5aaa46de72dc0a,234,234,640,512,True,242,0.00441960698371,111,35,189,45,1,benchmark_only,experimental_public_benchmark
GVF-2025-0330,jrsb4b9yy5_v1,CPEEK_PANEL_001,330,5.945454545,55.0,data/public_benchmark/images/frame_0330.png,data/public_benchmark/masks/frame_0330.png,ae47526c9533544d8a18d6c8e6010cad23d31161503fb814b20e64cac07d7fd9,91020423d738c08207cb7230abb5e5e841139575b131584c7f5aaa46de72dc0a,234,234,640,512,True,242,0.00441960698371,111,35,189,45,1,benchmark_only,experimental_public_benchmark
GVF-2025-0331,jrsb4b9yy5_v1,CPEEK_PANEL_001,331,5.963636364,55.0,data/public_benchmark/images/frame_0331.png,data/public_benchmark/masks/frame_0331.png,0f1ed30439d87c430876c39a7dd3ea7a0e4195062b5d5d77b9050bf86be8eff6,91020423d738c08207cb7230abb5e5e841139575b131584c7f5aaa46de72dc0a,234,234,640,512,True,242,0.00441960698371,111,35,189,45,1,benchmark_only,experimental_public_benchmark
GVF-2025-0332,jrsb4b9yy5_v1,CPEEK_PANEL_001,332,5.981818182,55.0,data/public_benchmark/images/frame_0332.png,data/public_benchmark/masks/frame_0332.png,b8d98764b5a67c3b31019cf1455227ffe09ead48ee02513371eb7e41b43eecdf,91020423d738c08207cb7230abb5e5e841139575b131584c7f5aaa46de72dc0a,234,234,640,512,True,242,0.00441960698371,111,35,189,45,1,benchmark_only,experimental_public_benchmark
GVF-2025-0333,jrsb4b9yy5_v1,CPEEK_PANEL_001,333,6.000000000,55.0,data/public_benchmark/images/frame_0333.png,data/public_benchmark/masks/frame_0333.png,6d6e3480f32244e489e8e99ac48dbba90b5c936d592830bbb1581d4efb8f78e4,91020423d738c08207cb7230abb5e5e841139575b131584c7f5aaa46de72dc0a,234,234,640,512,True,242,0.00441960698371,111,35,189,45,1,benchmark_only,experimental_public_benchmark
GVF-2025-0334,jrsb4b9yy5_v1,CPEEK_PANEL_001,334,6.018181818,55.0,data/public_benchmark/images/frame_0334.png,data/public_benchmark/masks/frame_0334.png,bb517c900524f9fbd6b2dda8d479efaedba1447acb44f13cdceeced52464d5f7,91020423d738c08207cb7230abb5e5e841139575b131584c7f5aaa46de72dc0a,234,234,640,512,True,242,0.00441960698371,111,35,189,45,1,benchmark_only,experimental_public_benchmark
GVF-2025-0335,jrsb4b9yy5_v1,CPEEK_PANEL_001,335,6.036363636,55.0,data/public_benchmark/images/frame_0335.png,data/public_benchmark/masks/frame_0335.png,bcd48d440ae99608494cc9d6885fab3c921a0851f5a72399e80af0632b59c2ed,91020423d738c08207cb7230abb5e5e841139575b131584c7f5aaa46de72dc0a,234,234,640,512,True,242,0.00441960698371,111,35,189,45,1,benchmark_only,experimental_public_benchmark
GVF-2025-0336,jrsb4b9yy5_v1,CPEEK_PANEL_001,336,6.054545455,55.0,data/public_benchmark/images/frame_0336.png,data/public_benchmark/masks/frame_0336.png,5ba0080a32ed620d40e08427f91eaff002fbd9edd16a782996a13dd419e642da,91020423d738c08207cb7230abb5e5e841139575b131584c7f5aaa46de72dc0a,234,234,640,512,True,242,0.00441960698371,111,35,189,45,1,benchmark_only,experimental_public_benchmark
GVF-2025-0337,jrsb4b9yy5_v1,CPEEK_PANEL_001,337,6.072727273,55.0,data/public_benchmark/images/frame_0337.png,data/public_benchmark/masks/frame_0337.png,7180eb97aaa696629a43aef91ca487cfb6ad27a2372917c1da629c8b44a30a91,91020423d738c08207cb7230abb5e5e841139575b131584c7f5aaa46de72dc0a,234,234,640,512,True,242,0.00441960698371,111,35,189,45,1,benchmark_only,experimental_public_benchmark
GVF-2025-0338,jrsb4b9yy5_v1,CPEEK_PANEL_001,338,6.090909091,55.0,data/public_benchmark/images/frame_0338.png,data/public_benchmark/masks/frame_0338.png,faf2f6584be58e99dcc3ef5eb5d0ff07f0c2227e6e51a93689a9d3bdc58851fc,91020423d738c08207cb7230abb5e5e841139575b131584c7f5aaa46de72dc0a,234,234,640,512,True,242,0.00441960698371,111,35,189,45,1,benchmark_only,experimental_public_benchmark
GVF-2025-0339,jrsb4b9yy5_v1,CPEEK_PANEL_001,339,6.109090909,55.0,data/public_benchmark/images/frame_0339.png,data/public_benchmark/masks/frame_0339.png,75241b58c2116a58e2e4ca3e2cbefc65483df114c1b02b76d806cc4bd0ab5f28,91020423d738c08207cb7230abb5e5e841139575b131584c7f5aaa46de72dc0a,234,234,640,512,True,242,0.00441960698371,111,35,189,45,1,benchmark_only,experimental_public_benchmark
GVF-2025-0340,jrsb4b9yy5_v1,CPEEK_PANEL_001,340,6.127272727,55.0,data/public_benchmark/images/frame_0340.png,data/public_benchmark/masks/frame_0340.png,f28d98e8f7cc03665f2429cab579e8daa33bc8591d94a55d11df312faa039a11,91020423d738c08207cb7230abb5e5e841139575b131584c7f5aaa46de72dc0a,234,234,640,512,True,242,0.00441960698371,111,35,189,45,1,benchmark_only,experimental_public_benchmark
GVF-2025-0341,jrsb4b9yy5_v1,CPEEK_PANEL_001,341,6.145454545,55.0,data/public_benchmark/images/frame_0341.png,data/public_benchmark/masks/frame_0341.png,1a899d73b0236854ce290661696657f0d029ddcaaae600edad1672a6e02eb774,91020423d738c08207cb7230abb5e5e841139575b131584c7f5aaa46de72dc0a,234,234,640,512,True,242,0.00441960698371,111,35,189,45,1,benchmark_only,experimental_public_benchmark
GVF-2025-0342,jrsb4b9yy5_v1,CPEEK_PANEL_001,342,6.163636364,55.0,data/public_benchmark/images/frame_0342.png,data/public_benchmark/masks/frame_0342.png,997c21c8ab79b1641aa2d40fddf295c89d1c5097b1dc44c998cb3eb804d1fc49,91020423d738c08207cb7230abb5e5e841139575b131584c7f5aaa46de72dc0a,234,234,640,512,True,242,0.00441960698371,111,35,189,45,1,benchmark_only,experimental_public_benchmark
GVF-2025-0343,jrsb4b9yy5_v1,CPEEK_PANEL_001,343,6.181818182,55.0,data/public_benchmark/images/frame_0343.png,data/public_benchmark/masks/frame_0343.png,31f26aa17aeca7c175149e133bd028a22a4ff389cf39402c8c0f62f6e9975b21,91020423d738c08207cb7230abb5e5e841139575b131584c7f5aaa46de72dc0a,234,234,640,512,True,242,0.00441960698371,111,35,189,45,1,benchmark_only,experimental_public_benchmark
GVF-2025-0344,jrsb4b9yy5_v1,CPEEK_PANEL_001,344,6.200000000,55.0,data/public_benchmark/images/frame_0344.png,data/public_benchmark/masks/frame_0344.png,100b5267735c5cb4013a331c5b0fea7a0c2039b75ce12b0f5b346b576d08c0d8,91020423d738c08207cb7230abb5e5e841139575b131584c7f5aaa46de72dc0a,234,234,640,512,True,242,0.00441960698371,111,35,189,45,1,benchmark_only,experimental_public_benchmark
GVF-2025-0345,jrsb4b9yy5_v1,CPEEK_PANEL_001,345,6.218181818,55.0,data/public_benchmark/images/frame_0345.png,data/public_benchmark/masks/frame_0345.png,db9841bfb3a265e3ba7b00fed68d347046a59217d071261bd7399908b6950ce6,91020423d738c08207cb7230abb5e5e841139575b131584c7f5aaa46de72dc0a,234,234,640,512,True,242,0.00441960698371,111,35,189,45,1,benchmark_only,experimental_public_benchmark
GVF-2025-0346,jrsb4b9yy5_v1,CPEEK_PANEL_001,346,6.236363636,55.0,data/public_benchmark/images/frame_0346.png,data/public_benchmark/masks/frame_0346.png,907fb8fa7d62f63d16b7b670562753e4f0069f340a6ae7f85fcda6fbd598826a,91020423d738c08207cb7230abb5e5e841139575b131584c7f5aaa46de72dc0a,234,234,640,512,True,242,0.00441960698371,111,35,189,45,1,benchmark_only,experimental_public_benchmark
GVF-2025-0347,jrsb4b9yy5_v1,CPEEK_PANEL_001,347,6.254545455,55.0,data/public_benchmark/images/frame_0347.png,data/public_benchmark/masks/frame_0347.png,b7b06fbc6eda6289f3f919855f187f5980e1c7feb4c7925ba2ccc4e13bff5979,91020423d738c08207cb7230abb5e5e841139575b131584c7f5aaa46de72dc0a,234,234,640,512,True,242,0.00441960698371,111,35,189,45,1,benchmark_only,experimental_public_benchmark
GVF-2025-0348,jrsb4b9yy5_v1,CPEEK_PANEL_001,348,6.272727273,55.0,data/public_benchmark/images/frame_0348.png,data/public_benchmark/masks/frame_0348.png,03b9d7257eea7c58acebd6282bd462973375b2a7713cc6ddbbc95498a23b9f54,91020423d738c08207cb7230abb5e5e841139575b131584c7f5aaa46de72dc0a,234,234,640,512,True,242,0.00441960698371,111,35,189,45,1,benchmark_only,experimental_public_benchmark
GVF-2025-0349,jrsb4b9yy5_v1,CPEEK_PANEL_001,349,6.290909091,55.0,data/public_benchmark/images/frame_0349.png,data/public_benchmark/masks/frame_0349.png,fb0d16b55f30be3f4ec3279ecd617b5a14ba86aeaf329a90fd5455729c2d3410,91020423d738c08207cb7230abb5e5e841139575b131584c7f5aaa46de72dc0a,234,234,640,512,True,242,0.00441960698371,111,35,189,45,1,benchmark_only,experimental_public_benchmark
GVF-2025-0350,jrsb4b9yy5_v1,CPEEK_PANEL_001,350,6.309090909,55.0,data/public_benchmark/images/frame_0350.png,data/public_benchmark/masks/frame_0350.png,32131dc48c9efc28cba7bec6ebc904b55554ea0918f6e30aab48aac395202a1b,91020423d738c08207cb7230abb5e5e841139575b131584c7f5aaa46de72dc0a,234,234,640,512,True,242,0.00441960698371,111,35,189,45,1,benchmark_only,experimental_public_benchmark
GVF-2025-0351,jrsb4b9yy5_v1,CPEEK_PANEL_001,351,6.327272727,55.0,data/public_benchmark/images/frame_0351.png,data/public_benchmark/masks/frame_0351.png,55060bd786596be2ba184b838cd4a0a7be67412ac94f5b39800190ebe82c00a8,91020423d738c08207cb7230abb5e5e841139575b131584c7f5aaa46de72dc0a,234,234,640,512,True,242,0.00441960698371,111,35,189,45,1,benchmark_only,experimental_public_benchmark
GVF-2025-0352,jrsb4b9yy5_v1,CPEEK_PANEL_001,352,6.345454545,55.0,data/public_benchmark/images/frame_0352.png,data/public_benchmark/masks/frame_0352.png,728bb546bc02d4406c0327346224d0cf35322f79b88651b87a9b5335c5836299,91020423d738c08207cb7230abb5e5e841139575b131584c7f5aaa46de72dc0a,234,234,640,512,True,242,0.00441960698371,111,35,189,45,1,benchmark_only,experimental_public_benchmark
GVF-2025-0353,jrsb4b9yy5_v1,CPEEK_PANEL_001,353,6.363636364,55.0,data/public_benchmark/images/frame_0353.png,data/public_benchmark/masks/frame_0353.png,eec6ced22ba0c259fec66e4502665ba5714951c7a30a1e3dfedbbc4e71c52bf2,91020423d738c08207cb7230abb5e5e841139575b131584c7f5aaa46de72dc0a,234,234,640,512,True,242,0.00441960698371,111,35,189,45,1,benchmark_only,experimental_public_benchmark
GVF-2025-0354,jrsb4b9yy5_v1,CPEEK_PANEL_001,354,6.381818182,55.0,data/public_benchmark/images/frame_0354.png,data/public_benchmark/masks/frame_0354.png,b1f234c69bef60b643a343c8b9250ab38f14933de37ee37326fac14c72d2a341,91020423d738c08207cb7230abb5e5e841139575b131584c7f5aaa46de72dc0a,234,234,640,512,True,242,0.00441960698371,111,35,189,45,1,benchmark_only,experimental_public_benchmark
GVF-2025-0355,jrsb4b9yy5_v1,CPEEK_PANEL_001,355,6.400000000,55.0,data/public_benchmark/images/frame_0355.png,data/public_benchmark/masks/frame_0355.png,18319ea46bae78f6b35d575f7093ffbf2e429418ba38bfb6db730ec3ddd7c50e,91020423d738c08207cb7230abb5e5e841139575b131584c7f5aaa46de72dc0a,234,234,640,512,True,242,0.00441960698371,111,35,189,45,1,benchmark_only,experimental_public_benchmark
GVF-2025-0356,jrsb4b9yy5_v1,CPEEK_PANEL_001,356,6.418181818,55.0,data/public_benchmark/images/frame_0356.png,data/public_benchmark/masks/frame_0356.png,04ce26fff92907bd34ebfa22f165461ec2415696d891ebcd570af3760ea8c55d,91020423d738c08207cb7230abb5e5e841139575b131584c7f5aaa46de72dc0a,234,234,640,512,True,242,0.00441960698371,111,35,189,45,1,benchmark_only,experimental_public_benchmark
GVF-2025-0357,jrsb4b9yy5_v1,CPEEK_PANEL_001,357,6.436363636,55.0,data/public_benchmark/images/frame_0357.png,data/public_benchmark/masks/frame_0357.png,5dcf3634c417a5365a2436fa1e6041eb94e6f04c953d6e26a39ed3bfe89e99a9,91020423d738c08207cb7230abb5e5e841139575b131584c7f5aaa46de72dc0a,234,234,640,512,True,242,0.00441960698371,111,35,189,45,1,benchmark_only,experimental_public_benchmark
GVF-2025-0358,jrsb4b9yy5_v1,CPEEK_PANEL_001,358,6.454545455,55.0,data/public_benchmark/images/frame_0358.png,data/public_benchmark/masks/frame_0358.png,3f686474b2f3a0529c5ca71538c9d98f2b3fa91354b3e3906e1e3d02fe441316,91020423d738c08207cb7230abb5e5e841139575b131584c7f5aaa46de72dc0a,234,234,640,512,True,242,0.00441960698371,111,35,189,45,1,benchmark_only,experimental_public_benchmark
GVF-2025-0359,jrsb4b9yy5_v1,CPEEK_PANEL_001,359,6.472727273,55.0,data/public_benchmark/images/frame_0359.png,data/public_benchmark/masks/frame_0359.png,8b8926e7b2cf6ec674f5c4aa6d0a2edf817315fa3036dfcac374af22d68b09e0,91020423d738c08207cb7230abb5e5e841139575b131584c7f5aaa46de72dc0a,234,234,640,512,True,242,0.00441960698371,111,35,189,45,1,benchmark_only,experimental_public_benchmark
GVF-2025-0360,jrsb4b9yy5_v1,CPEEK_PANEL_001,360,6.490909091,55.0,data/public_benchmark/images/frame_0360.png,data/public_benchmark/masks/frame_0360.png,6bbf7d4fd00e54f4cb80156d46cf135c0387a979fce2042f1aeff54397299aee,1c592d408f9f926b0c0f777af07d002f277f196917e90d3acd8c3a1f44f7ff5b,234,234,640,512,True,121,0.00220980349185,179,35,189,45,1,benchmark_only,experimental_public_benchmark
GVF-2025-0361,jrsb4b9yy5_v1,CPEEK_PANEL_001,361,6.509090909,55.0,data/public_benchmark/images/frame_0361.png,data/public_benchmark/masks/frame_0361.png,5361f6ec1832fe8b82aba8da536bbfb3a2b522db6531db05491c5c171e0eaee3,1c592d408f9f926b0c0f777af07d002f277f196917e90d3acd8c3a1f44f7ff5b,234,234,640,512,True,121,0.00220980349185,179,35,189,45,1,benchmark_only,experimental_public_benchmark
GVF-2025-0362,jrsb4b9yy5_v1,CPEEK_PANEL_001,362,6.527272727,55.0,data/public_benchmark/images/frame_0362.png,data/public_benchmark/masks/frame_0362.png,f88e7da2dece020f106dbe93f9576bbfe2c0e0b2d7c8793314f41867ec06d3aa,1c592d408f9f926b0c0f777af07d002f277f196917e90d3acd8c3a1f44f7ff5b,234,234,640,512,True,121,0.00220980349185,179,35,189,45,1,benchmark_only,experimental_public_benchmark
GVF-2025-0363,jrsb4b9yy5_v1,CPEEK_PANEL_001,363,6.545454545,55.0,data/public_benchmark/images/frame_0363.png,data/public_benchmark/masks/frame_0363.png,7eb49e0b6c50f245874b689efb1fc907ddad6215c82429a18625a0f68b2581ef,1c592d408f9f926b0c0f777af07d002f277f196917e90d3acd8c3a1f44f7ff5b,234,234,640,512,True,121,0.00220980349185,179,35,189,45,1,benchmark_only,experimental_public_benchmark
GVF-2025-0364,jrsb4b9yy5_v1,CPEEK_PANEL_001,364,6.563636364,55.0,data/public_benchmark/images/frame_0364.png,data/public_benchmark/masks/frame_0364.png,24c4913c18adbb11c078acd1de3c92eafada669bbd3b918954e7a910b14629df,1c592d408f9f926b0c0f777af07d002f277f196917e90d3acd8c3a1f44f7ff5b,234,234,640,512,True,121,0.00220980349185,179,35,189,45,1,benchmark_only,experimental_public_benchmark
GVF-2025-0365,jrsb4b9yy5_v1,CPEEK_PANEL_001,365,6.581818182,55.0,data/public_benchmark/images/frame_0365.png,data/public_benchmark/masks/frame_0365.png,f7420961b094cdb88e44bda437ff0988db950e71a28d1224c54073316a9cb818,1c592d408f9f926b0c0f777af07d002f277f196917e90d3acd8c3a1f44f7ff5b,234,234,640,512,True,121,0.00220980349185,179,35,189,45,1,benchmark_only,experimental_public_benchmark
GVF-2025-0366,jrsb4b9yy5_v1,CPEEK_PANEL_001,366,6.600000000,55.0,data/public_benchmark/images/frame_0366.png,data/public_benchmark/masks/frame_0366.png,60c60b1853f9dddc1d3e49f76282363f76460d0bcb3e25ea7005a42f8188b750,1c592d408f9f926b0c0f777af07d002f277f196917e90d3acd8c3a1f44f7ff5b,234,234,640,512,True,121,0.00220980349185,179,35,189,45,1,benchmark_only,experimental_public_benchmark
GVF-2025-0367,jrsb4b9yy5_v1,CPEEK_PANEL_001,367,6.618181818,55.0,data/public_benchmark/images/frame_0367.png,data/public_benchmark/masks/frame_0367.png,697112026e2f915e63b0024b2c086ace9246723003f22b3a908a25a974ea10c1,1c592d408f9f926b0c0f777af07d002f277f196917e90d3acd8c3a1f44f7ff5b,234,234,640,512,True,121,0.00220980349185,179,35,189,45,1,benchmark_only,experimental_public_benchmark
GVF-2025-0368,jrsb4b9yy5_v1,CPEEK_PANEL_001,368,6.636363636,55.0,data/public_benchmark/images/frame_0368.png,data/public_benchmark/masks/frame_0368.png,38e07fa3cd47188e74760b025dc2f028b02bd0433789731ecd0648eb9bb0680d,1c592d408f9f926b0c0f777af07d002f277f196917e90d3acd8c3a1f44f7ff5b,234,234,640,512,True,121,0.00220980349185,179,35,189,45,1,benchmark_only,experimental_public_benchmark
GVF-2025-0369,jrsb4b9yy5_v1,CPEEK_PANEL_001,369,6.654545455,55.0,data/public_benchmark/images/frame_0369.png,data/public_benchmark/masks/frame_0369.png,a433578099ca812ee8472391862d85f312d6f458d24c42f4e6181513d126475d,1c592d408f9f926b0c0f777af07d002f277f196917e90d3acd8c3a1f44f7ff5b,234,234,640,512,True,121,0.00220980349185,179,35,189,45,1,benchmark_only,experimental_public_benchmark
GVF-2025-0370,jrsb4b9yy5_v1,CPEEK_PANEL_001,370,6.672727273,55.0,data/public_benchmark/images/frame_0370.png,data/public_benchmark/masks/frame_0370.png,cee19fccf9104478e5103967563a0e01965e982641290a7fff4fd686c39c13d6,1c592d408f9f926b0c0f777af07d002f277f196917e90d3acd8c3a1f44f7ff5b,234,234,640,512,True,121,0.00220980349185,179,35,189,45,1,benchmark_only,experimental_public_benchmark
GVF-2025-0371,jrsb4b9yy5_v1,CPEEK_PANEL_001,371,6.690909091,55.0,data/public_benchmark/images/frame_0371.png,data/public_benchmark/masks/frame_0371.png,f4fdfba80c70979c3d5c8095df4a4b5ecd5a2cfae8113bb057efb18e7736ad9a,1c592d408f9f926b0c0f777af07d002f277f196917e90d3acd8c3a1f44f7ff5b,234,234,640,512,True,121,0.00220980349185,179,35,189,45,1,benchmark_only,experimental_public_benchmark
GVF-2025-0372,jrsb4b9yy5_v1,CPEEK_PANEL_001,372,6.709090909,55.0,data/public_benchmark/images/frame_0372.png,data/public_benchmark/masks/frame_0372.png,08c539ecd0a30f348ca6d25d3f1fc04e893f4fd6d3eca714a81e84fe928897e7,1c592d408f9f926b0c0f777af07d002f277f196917e90d3acd8c3a1f44f7ff5b,234,234,640,512,True,121,0.00220980349185,179,35,189,45,1,benchmark_only,experimental_public_benchmark
GVF-2025-0373,jrsb4b9yy5_v1,CPEEK_PANEL_001,373,6.727272727,55.0,data/public_benchmark/images/frame_0373.png,data/public_benchmark/masks/frame_0373.png,9d87505a9809051eb661bf7dfa1f5bc80395ce9131b6fd0c3fb2923419655bf9,1c592d408f9f926b0c0f777af07d002f277f196917e90d3acd8c3a1f44f7ff5b,234,234,640,512,True,121,0.00220980349185,179,35,189,45,1,benchmark_only,experimental_public_benchmark
GVF-2025-0374,jrsb4b9yy5_v1,CPEEK_PANEL_001,374,6.745454545,55.0,data/public_benchmark/images/frame_0374.png,data/public_benchmark/masks/frame_0374.png,3b3dbd9896b37e33fd6915023726dab5169d90491202d2b074a81ba20dcd2ea4,1c592d408f9f926b0c0f777af07d002f277f196917e90d3acd8c3a1f44f7ff5b,234,234,640,512,True,121,0.00220980349185,179,35,189,45,1,benchmark_only,experimental_public_benchmark
GVF-2025-0375,jrsb4b9yy5_v1,CPEEK_PANEL_001,375,6.763636364,55.0,data/public_benchmark/images/frame_0375.png,data/public_benchmark/masks/frame_0375.png,dcb6133deefd5580de11e473d8a04e6e89978c987ae9a9fed4580d0b5fb2b009,1c592d408f9f926b0c0f777af07d002f277f196917e90d3acd8c3a1f44f7ff5b,234,234,640,512,True,121,0.00220980349185,179,35,189,45,1,benchmark_only,experimental_public_benchmark
GVF-2025-0376,jrsb4b9yy5_v1,CPEEK_PANEL_001,376,6.781818182,55.0,data/public_benchmark/images/frame_0376.png,data/public_benchmark/masks/frame_0376.png,f7f65fe82352d67a06834dcf3f75d6180eb3926ed7b87ae92672c78ab53294d7,1c592d408f9f926b0c0f777af07d002f277f196917e90d3acd8c3a1f44f7ff5b,234,234,640,512,True,121,0.00220980349185,179,35,189,45,1,benchmark_only,experimental_public_benchmark
GVF-2025-0377,jrsb4b9yy5_v1,CPEEK_PANEL_001,377,6.800000000,55.0,data/public_benchmark/images/frame_0377.png,data/public_benchmark/masks/frame_0377.png,d2e42c1597866d99fb607ff4b431343e5af0430cbff06d2eb4a911c333c49b97,1c592d408f9f926b0c0f777af07d002f277f196917e90d3acd8c3a1f44f7ff5b,234,234,640,512,True,121,0.00220980349185,179,35,189,45,1,benchmark_only,experimental_public_benchmark
GVF-2025-0378,jrsb4b9yy5_v1,CPEEK_PANEL_001,378,6.818181818,55.0,data/public_benchmark/images/frame_0378.png,data/public_benchmark/masks/frame_0378.png,5a35b3eac0120bb1a63cd55b40b8a4a2fdcd3c11a764598dd373a60bf95a9c93,1c592d408f9f926b0c0f777af07d002f277f196917e90d3acd8c3a1f44f7ff5b,234,234,640,512,True,121,0.00220980349185,179,35,189,45,1,benchmark_only,experimental_public_benchmark
GVF-2025-0379,jrsb4b9yy5_v1,CPEEK_PANEL_001,379,6.836363636,55.0,data/public_benchmark/images/frame_0379.png,data/public_benchmark/masks/frame_0379.png,3b238031a7e7c7d83e2c5b4492b50eaafc2d119cbf21a2861ec96a11d3014316,1c592d408f9f926b0c0f777af07d002f277f196917e90d3acd8c3a1f44f7ff5b,234,234,640,512,True,121,0.00220980349185,179,35,189,45,1,benchmark_only,experimental_public_benchmark
GVF-2025-0380,jrsb4b9yy5_v1,CPEEK_PANEL_001,380,6.854545455,55.0,data/public_benchmark/images/frame_0380.png,data/public_benchmark/masks/frame_0380.png,66f18179f99ad106e841e78e32980948af92928208f55b58ad788bc197deb26c,1c592d408f9f926b0c0f777af07d002f277f196917e90d3acd8c3a1f44f7ff5b,234,234,640,512,True,121,0.00220980349185,179,35,189,45,1,benchmark_only,experimental_public_benchmark
GVF-2025-0381,jrsb4b9yy5_v1,CPEEK_PANEL_001,381,6.872727273,55.0,data/public_benchmark/images/frame_0381.png,data/public_benchmark/masks/frame_0381.png,c8211d9e7f573d44a07fa9131f133a6b5872a2983f87acfaf28f6c2848cace95,1c592d408f9f926b0c0f777af07d002f277f196917e90d3acd8c3a1f44f7ff5b,234,234,640,512,True,121,0.00220980349185,179,35,189,45,1,benchmark_only,experimental_public_benchmark
GVF-2025-0382,jrsb4b9yy5_v1,CPEEK_PANEL_001,382,6.890909091,55.0,data/public_benchmark/images/frame_0382.png,data/public_benchmark/masks/frame_0382.png,5ba2284e82b05d1d5d19482b6340a82eab9c0add8617bbe7a6aa0be344d503e4,1c592d408f9f926b0c0f777af07d002f277f196917e90d3acd8c3a1f44f7ff5b,234,234,640,512,True,121,0.00220980349185,179,35,189,45,1,benchmark_only,experimental_public_benchmark
GVF-2025-0383,jrsb4b9yy5_v1,CPEEK_PANEL_001,383,6.909090909,55.0,data/public_benchmark/images/frame_0383.png,data/public_benchmark/masks/frame_0383.png,6482dbaf83a5d98a77f215dc00340c13e2383fde61545a2edb70024712d95aff,1c592d408f9f926b0c0f777af07d002f277f196917e90d3acd8c3a1f44f7ff5b,234,234,640,512,True,121,0.00220980349185,179,35,189,45,1,benchmark_only,experimental_public_benchmark
GVF-2025-0384,jrsb4b9yy5_v1,CPEEK_PANEL_001,384,6.927272727,55.0,data/public_benchmark/images/frame_0384.png,data/public_benchmark/masks/frame_0384.png,57222a80d9d081aff9345b8d3dd254aae2542e3f9d72eb2e78ee9605e04dfd45,1c592d408f9f926b0c0f777af07d002f277f196917e90d3acd8c3a1f44f7ff5b,234,234,640,512,True,121,0.00220980349185,179,35,189,45,1,benchmark_only,experimental_public_benchmark
GVF-2025-0385,jrsb4b9yy5_v1,CPEEK_PANEL_001,385,6.945454545,55.0,data/public_benchmark/images/frame_0385.png,data/public_benchmark/masks/frame_0385.png,8fd7d47730104aab4a2e81a88e7ff6f236da390205f1477f075ff594df199c9f,1c592d408f9f926b0c0f777af07d002f277f196917e90d3acd8c3a1f44f7ff5b,234,234,640,512,True,121,0.00220980349185,179,35,189,45,1,benchmark_only,experimental_public_benchmark
GVF-2025-0386,jrsb4b9yy5_v1,CPEEK_PANEL_001,386,6.963636364,55.0,data/public_benchmark/images/frame_0386.png,data/public_benchmark/masks/frame_0386.png,0044833af6038c1d64fbb7dfb578b4b2a648e6dd13a5c14e024f3508ba6013e3,1c592d408f9f926b0c0f777af07d002f277f196917e90d3acd8c3a1f44f7ff5b,234,234,640,512,True,121,0.00220980349185,179,35,189,45,1,benchmark_only,experimental_public_benchmark
GVF-2025-0387,jrsb4b9yy5_v1,CPEEK_PANEL_001,387,6.981818182,55.0,data/public_benchmark/images/frame_0387.png,data/public_benchmark/masks/frame_0387.png,1a528fa02f1fc89d3dc3822b38c3823a271e2ee0ff889ba21d6f0d24febfe798,1c592d408f9f926b0c0f777af07d002f277f196917e90d3acd8c3a1f44f7ff5b,234,234,640,512,True,121,0.00220980349185,179,35,189,45,1,benchmark_only,experimental_public_benchmark
GVF-2025-0388,jrsb4b9yy5_v1,CPEEK_PANEL_001,388,7.000000000,55.0,data/public_benchmark/images/frame_0388.png,data/public_benchmark/masks/frame_0388.png,11c94eaf3fef9cd90483cd3f45eb4d59e10897e5fac66c9c7a973ff95770195f,1c592d408f9f926b0c0f777af07d002f277f196917e90d3acd8c3a1f44f7ff5b,234,234,640,512,True,121,0.00220980349185,179,35,189,45,1,benchmark_only,experimental_public_benchmark
GVF-2025-0389,jrsb4b9yy5_v1,CPEEK_PANEL_001,389,7.018181818,55.0,data/public_benchmark/images/frame_0389.png,data/public_benchmark/masks/frame_0389.png,aad2809951372e7798c5ba201688a7d1ea15a29e35f7e0b17ac8ae7553d67a12,1c592d408f9f926b0c0f777af07d002f277f196917e90d3acd8c3a1f44f7ff5b,234,234,640,512,True,121,0.00220980349185,179,35,189,45,1,benchmark_only,experimental_public_benchmark
GVF-2025-0390,jrsb4b9yy5_v1,CPEEK_PANEL_001,390,7.036363636,55.0,data/public_benchmark/images/frame_0390.png,data/public_benchmark/masks/frame_0390.png,97d643bcfe447cf429e487d4709e1d30220962142602ea95dce7727f641a1030,1c592d408f9f926b0c0f777af07d002f277f196917e90d3acd8c3a1f44f7ff5b,234,234,640,512,True,121,0.00220980349185,179,35,189,45,1,benchmark_only,experimental_public_benchmark
GVF-2025-0391,jrsb4b9yy5_v1,CPEEK_PANEL_001,391,7.054545455,55.0,data/public_benchmark/images/frame_0391.png,data/public_benchmark/masks/frame_0391.png,4d5f8048c9683a73e3637385946dc4f4b0f61c9fbdccd7b52dd30b624b3c61e9,1c592d408f9f926b0c0f777af07d002f277f196917e90d3acd8c3a1f44f7ff5b,234,234,640,512,True,121,0.00220980349185,179,35,189,45,1,benchmark_only,experimental_public_benchmark
GVF-2025-0392,jrsb4b9yy5_v1,CPEEK_PANEL_001,392,7.072727273,55.0,data/public_benchmark/images/frame_0392.png,data/public_benchmark/masks/frame_0392.png,be9dfcb0596d65f78affe602acbf5ca1baf8922feb1a183f559043af7e2661a7,1c592d408f9f926b0c0f777af07d002f277f196917e90d3acd8c3a1f44f7ff5b,234,234,640,512,True,121,0.00220980349185,179,35,189,45,1,benchmark_only,experimental_public_benchmark
GVF-2025-0393,jrsb4b9yy5_v1,CPEEK_PANEL_001,393,7.090909091,55.0,data/public_benchmark/images/frame_0393.png,data/public_benchmark/masks/frame_0393.png,1477671a50c419aa8ffd3e42b2c806195c1e6a0459884eb7a5dc9a6540c89f5e,1c592d408f9f926b0c0f777af07d002f277f196917e90d3acd8c3a1f44f7ff5b,234,234,640,512,True,121,0.00220980349185,179,35,189,45,1,benchmark_only,experimental_public_benchmark
GVF-2025-0394,jrsb4b9yy5_v1,CPEEK_PANEL_001,394,7.109090909,55.0,data/public_benchmark/images/frame_0394.png,data/public_benchmark/masks/frame_0394.png,79e1b0bf7ef489640bd995412f85aa06d4e2baf380950b2f9ef7971be0526708,1c592d408f9f926b0c0f777af07d002f277f196917e90d3acd8c3a1f44f7ff5b,234,234,640,512,True,121,0.00220980349185,179,35,189,45,1,benchmark_only,experimental_public_benchmark
GVF-2025-0395,jrsb4b9yy5_v1,CPEEK_PANEL_001,395,7.127272727,55.0,data/public_benchmark/images/frame_0395.png,data/public_benchmark/masks/frame_0395.png,fd47501eaad221005bb38d6a99cb8fa18940a321e22fdc1cfa2a391b627a02d6,1c592d408f9f926b0c0f777af07d002f277f196917e90d3acd8c3a1f44f7ff5b,234,234,640,512,True,121,0.00220980349185,179,35,189,45,1,benchmark_only,experimental_public_benchmark
GVF-2025-0396,jrsb4b9yy5_v1,CPEEK_PANEL_001,396,7.145454545,55.0,data/public_benchmark/images/frame_0396.png,data/public_benchmark/masks/frame_0396.png,2f67a80de08278e9a6da08a988864dfd797b3ca3ac81fc2530f8a03c75237144,1c592d408f9f926b0c0f777af07d002f277f196917e90d3acd8c3a1f44f7ff5b,234,234,640,512,True,121,0.00220980349185,179,35,189,45,1,benchmark_only,experimental_public_benchmark
GVF-2025-0397,jrsb4b9yy5_v1,CPEEK_PANEL_001,397,7.163636364,55.0,data/public_benchmark/images/frame_0397.png,data/public_benchmark/masks/frame_0397.png,13da3bbb7f9d9cec31d0b9d500d8cd1b3e464e5649e3d9ff20c7288cfcc46d56,1c592d408f9f926b0c0f777af07d002f277f196917e90d3acd8c3a1f44f7ff5b,234,234,640,512,True,121,0.00220980349185,179,35,189,45,1,benchmark_only,experimental_public_benchmark
GVF-2025-0398,jrsb4b9yy5_v1,CPEEK_PANEL_001,398,7.181818182,55.0,data/public_benchmark/images/frame_0398.png,data/public_benchmark/masks/frame_0398.png,278c1e8d4386b958881be5b5352efc811ec55c6b67b3a3ed2980c6d28096ed9b,1c592d408f9f926b0c0f777af07d002f277f196917e90d3acd8c3a1f44f7ff5b,234,234,640,512,True,121,0.00220980349185,179,35,189,45,1,benchmark_only,experimental_public_benchmark
GVF-2025-0399,jrsb4b9yy5_v1,CPEEK_PANEL_001,399,7.200000000,55.0,data/public_benchmark/images/frame_0399.png,data/public_benchmark/masks/frame_0399.png,2cba9e15104cff68988b5cb054b52f203a5cda1de6c5fef5db18476faf3e685d,1c592d408f9f926b0c0f777af07d002f277f196917e90d3acd8c3a1f44f7ff5b,234,234,640,512,True,121,0.00220980349185,179,35,189,45,1,benchmark_only,experimental_public_benchmark
GVF-2025-0400,jrsb4b9yy5_v1,CPEEK_PANEL_001,400,7.218181818,55.0,data/public_benchmark/images/frame_0400.png,data/public_benchmark/masks/frame_0400.png,bc0887bb48a6b79be76c37d0b6efac854e981ab8e75c41dbe3e98fbdd1db84e6,1c592d408f9f926b0c0f777af07d002f277f196917e90d3acd8c3a1f44f7ff5b,234,234,640,512,True,121,0.00220980349185,179,35,189,45,1,benchmark_only,experimental_public_benchmark
GVF-2025-0401,jrsb4b9yy5_v1,CPEEK_PANEL_001,401,7.236363636,55.0,data/public_benchmark/images/frame_0401.png,data/public_benchmark/masks/frame_0401.png,2fffa8c2874aa134c60d85926f5585e3993ef9ff556ba41b11f181fe49d5a12b,1c592d408f9f926b0c0f777af07d002f277f196917e90d3acd8c3a1f44f7ff5b,234,234,640,512,True,121,0.00220980349185,179,35,189,45,1,benchmark_only,experimental_public_benchmark
GVF-2025-0402,jrsb4b9yy5_v1,CPEEK_PANEL_001,402,7.254545455,55.0,data/public_benchmark/images/frame_0402.png,data/public_benchmark/masks/frame_0402.png,962c9f892db664d2aa69c0496c412f415963095b785fad9afd11ea15c045bf1a,1c592d408f9f926b0c0f777af07d002f277f196917e90d3acd8c3a1f44f7ff5b,234,234,640,512,True,121,0.00220980349185,179,35,189,45,1,benchmark_only,experimental_public_benchmark
GVF-2025-0403,jrsb4b9yy5_v1,CPEEK_PANEL_001,403,7.272727273,55.0,data/public_benchmark/images/frame_0403.png,data/public_benchmark/masks/frame_0403.png,d9d271d475f2445a5f2d286055ccfeada952735c009fe933b6bd00ecdee9ef79,1c592d408f9f926b0c0f777af07d002f277f196917e90d3acd8c3a1f44f7ff5b,234,234,640,512,True,121,0.00220980349185,179,35,189,45,1,benchmark_only,experimental_public_benchmark
GVF-2025-0404,jrsb4b9yy5_v1,CPEEK_PANEL_001,404,7.290909091,55.0,data/public_benchmark/images/frame_0404.png,data/public_benchmark/masks/frame_0404.png,fec844d4941f87a0668aa64849938655347f63ba4d81b4fb97ef019675ab27a2,1c592d408f9f926b0c0f777af07d002f277f196917e90d3acd8c3a1f44f7ff5b,234,234,640,512,True,121,0.00220980349185,179,35,189,45,1,benchmark_only,experimental_public_benchmark
GVF-2025-0405,jrsb4b9yy5_v1,CPEEK_PANEL_001,405,7.309090909,55.0,data/public_benchmark/images/frame_0405.png,data/public_benchmark/masks/frame_0405.png,d5487a726944a1613c8ad1586c1a4e3fe09acbba0dc68280376634c1ba624bb7,1c592d408f9f926b0c0f777af07d002f277f196917e90d3acd8c3a1f44f7ff5b,234,234,640,512,True,121,0.00220980349185,179,35,189,45,1,benchmark_only,experimental_public_benchmark
GVF-2025-0406,jrsb4b9yy5_v1,CPEEK_PANEL_001,406,7.327272727,55.0,data/public_benchmark/images/frame_0406.png,data/public_benchmark/masks/frame_0406.png,87f11dd89dd3ec3a347eace3d50b8f679da83e59db92ca725b81ffeab72d6497,1c592d408f9f926b0c0f777af07d002f277f196917e90d3acd8c3a1f44f7ff5b,234,234,640,512,True,121,0.00220980349185,179,35,189,45,1,benchmark_only,experimental_public_benchmark
GVF-2025-0407,jrsb4b9yy5_v1,CPEEK_PANEL_001,407,7.345454545,55.0,data/public_benchmark/images/frame_0407.png,data/public_benchmark/masks/frame_0407.png,f7c81b97bb22d5930794c40c9732f1019c301b7e67aafd4740ff38128d7b2cbc,1c592d408f9f926b0c0f777af07d002f277f196917e90d3acd8c3a1f44f7ff5b,234,234,640,512,True,121,0.00220980349185,179,35,189,45,1,benchmark_only,experimental_public_benchmark
GVF-2025-0408,jrsb4b9yy5_v1,CPEEK_PANEL_001,408,7.363636364,55.0,data/public_benchmark/images/frame_0408.png,data/public_benchmark/masks/frame_0408.png,ae0af1d91407979251d69ffdd17a1d3edf8e23cd283b279c3cea1355442831b4,1c592d408f9f926b0c0f777af07d002f277f196917e90d3acd8c3a1f44f7ff5b,234,234,640,512,True,121,0.00220980349185,179,35,189,45,1,benchmark_only,experimental_public_benchmark
GVF-2025-0409,jrsb4b9yy5_v1,CPEEK_PANEL_001,409,7.381818182,55.0,data/public_benchmark/images/frame_0409.png,data/public_benchmark/masks/frame_0409.png,4411061fb98302a42302fe2694fe61f5a57fc06a7a9a1707aa93c47518dac4fc,1c592d408f9f926b0c0f777af07d002f277f196917e90d3acd8c3a1f44f7ff5b,234,234,640,512,True,121,0.00220980349185,179,35,189,45,1,benchmark_only,experimental_public_benchmark
GVF-2025-0410,jrsb4b9yy5_v1,CPEEK_PANEL_001,410,7.400000000,55.0,data/public_benchmark/images/frame_0410.png,data/public_benchmark/masks/frame_0410.png,21d351cf2a5438f7ae2b1e01e1d74a98dc0efbf389ed53a584db99ab4235f71c,1c592d408f9f926b0c0f777af07d002f277f196917e90d3acd8c3a1f44f7ff5b,234,234,640,512,True,121,0.00220980349185,179,35,189,45,1,benchmark_only,experimental_public_benchmark
GVF-2025-0411,jrsb4b9yy5_v1,CPEEK_PANEL_001,411,7.418181818,55.0,data/public_benchmark/images/frame_0411.png,data/public_benchmark/masks/frame_0411.png,c42343b2acbbee744511d7da74be5ee532bce42daa6d61bb5b028dcbd41b3625,1c592d408f9f926b0c0f777af07d002f277f196917e90d3acd8c3a1f44f7ff5b,234,234,640,512,True,121,0.00220980349185,179,35,189,45,1,benchmark_only,experimental_public_benchmark
GVF-2025-0412,jrsb4b9yy5_v1,CPEEK_PANEL_001,412,7.436363636,55.0,data/public_benchmark/images/frame_0412.png,data/public_benchmark/masks/frame_0412.png,e9932a6637291c84456f8ca240e6557d1dd98386dc4851e72e7b45ef7d2cb64b,1c592d408f9f926b0c0f777af07d002f277f196917e90d3acd8c3a1f44f7ff5b,234,234,640,512,True,121,0.00220980349185,179,35,189,45,1,benchmark_only,experimental_public_benchmark
GVF-2025-0413,jrsb4b9yy5_v1,CPEEK_PANEL_001,413,7.454545455,55.0,data/public_benchmark/images/frame_0413.png,data/public_benchmark/masks/frame_0413.png,620de6fe27dc3d7284ffc693092a01572b13a9ccaf7ca443643c8c86bd17eb57,1c592d408f9f926b0c0f777af07d002f277f196917e90d3acd8c3a1f44f7ff5b,234,234,640,512,True,121,0.00220980349185,179,35,189,45,1,benchmark_only,experimental_public_benchmark
GVF-2025-0414,jrsb4b9yy5_v1,CPEEK_PANEL_001,414,7.472727273,55.0,data/public_benchmark/images/frame_0414.png,data/public_benchmark/masks/frame_0414.png,bd5065e0b5af91ac9cb7b19f176287d613dca389d8a4cb92c6c2274e4d18f613,1c592d408f9f926b0c0f777af07d002f277f196917e90d3acd8c3a1f44f7ff5b,234,234,640,512,True,121,0.00220980349185,179,35,189,45,1,benchmark_only,experimental_public_benchmark
GVF-2025-0415,jrsb4b9yy5_v1,CPEEK_PANEL_001,415,7.490909091,55.0,data/public_benchmark/images/frame_0415.png,data/public_benchmark/masks/frame_0415.png,8d3f1ddd9d8f567d3710f9cd0eca591507e473b1d55c7016d503175d1d3494ba,1c592d408f9f926b0c0f777af07d002f277f196917e90d3acd8c3a1f44f7ff5b,234,234,640,512,True,121,0.00220980349185,179,35,189,45,1,benchmark_only,experimental_public_benchmark
GVF-2025-0416,jrsb4b9yy5_v1,CPEEK_PANEL_001,416,7.509090909,55.0,data/public_benchmark/images/frame_0416.png,data/public_benchmark/masks/frame_0416.png,d5126689658ff0d308cfb646373e03f6bab62ea0be09967461b8ad86ae5c8e87,1c592d408f9f926b0c0f777af07d002f277f196917e90d3acd8c3a1f44f7ff5b,234,234,640,512,True,121,0.00220980349185,179,35,189,45,1,benchmark_only,experimental_public_benchmark
GVF-2025-0421,jrsb4b9yy5_v1,CPEEK_PANEL_001,421,7.600000000,55.0,data/public_benchmark/images/frame_0421.png,data/public_benchmark/masks/frame_0421.png,7782ccd387edef0403f3b352fc438811f38594c6fecb251534eb03b81d676d6c,1c592d408f9f926b0c0f777af07d002f277f196917e90d3acd8c3a1f44f7ff5b,234,234,640,512,True,121,0.00220980349185,179,35,189,45,1,benchmark_only,experimental_public_benchmark
GVF-2025-0422,jrsb4b9yy5_v1,CPEEK_PANEL_001,422,7.618181818,55.0,data/public_benchmark/images/frame_0422.png,data/public_benchmark/masks/frame_0422.png,0fc9b357845b06f08ad7c46814d5df176af015bba744c89001af290f37a60868,1c592d408f9f926b0c0f777af07d002f277f196917e90d3acd8c3a1f44f7ff5b,234,234,640,512,True,121,0.00220980349185,179,35,189,45,2,benchmark_only,experimental_public_benchmark
GVF-2025-0423,jrsb4b9yy5_v1,CPEEK_PANEL_001,423,7.636363636,55.0,data/public_benchmark/images/frame_0423.png,data/public_benchmark/masks/frame_0423.png,540481f3e4615e305355aaa9db89e8c8a9a8e470f82bac2037d82034fc392d25,1c592d408f9f926b0c0f777af07d002f277f196917e90d3acd8c3a1f44f7ff5b,234,234,640,512,True,121,0.00220980349185,179,35,189,45,2,benchmark_only,experimental_public_benchmark
GVF-2025-0424,jrsb4b9yy5_v1,CPEEK_PANEL_001,424,7.654545455,55.0,data/public_benchmark/images/frame_0424.png,data/public_benchmark/masks/frame_0424.png,22c743126e0881334e07a28f13b6494d5a26360e239ccf052cf0b348b2e61ddb,1c592d408f9f926b0c0f777af07d002f277f196917e90d3acd8c3a1f44f7ff5b,234,234,640,512,True,121,0.00220980349185,179,35,189,45,2,benchmark_only,experimental_public_benchmark
GVF-2025-0425,jrsb4b9yy5_v1,CPEEK_PANEL_001,425,7.672727273,55.0,data/public_benchmark/images/frame_0425.png,data/public_benchmark/masks/frame_0425.png,2ceba032bc250c88d484fcd00610ca413cdbb774215a418d4684f189d225421a,1c592d408f9f926b0c0f777af07d002f277f196917e90d3acd8c3a1f44f7ff5b,234,234,640,512,True,121,0.00220980349185,179,35,189,45,2,benchmark_only,experimental_public_benchmark
GVF-2025-0426,jrsb4b9yy5_v1,CPEEK_PANEL_001,426,7.690909091,55.0,data/public_benchmark/images/frame_0426.png,data/public_benchmark/masks/frame_0426.png,ebe4f891523af36ae070ba5ed17a635d76747bf9dddd4fdfb02cb637adf6486f,1c592d408f9f926b0c0f777af07d002f277f196917e90d3acd8c3a1f44f7ff5b,234,234,640,512,True,121,0.00220980349185,179,35,189,45,2,benchmark_only,experimental_public_benchmark
GVF-2025-0427,jrsb4b9yy5_v1,CPEEK_PANEL_001,427,7.709090909,55.0,data/public_benchmark/images/frame_0427.png,data/public_benchmark/masks/frame_0427.png,2b08996694a2128298923d94855631e0cfea27e9c7e45d0e84111508188882b3,1c592d408f9f926b0c0f777af07d002f277f196917e90d3acd8c3a1f44f7ff5b,234,234,640,512,True,121,0.00220980349185,179,35,189,45,2,benchmark_only,experimental_public_benchmark
GVF-2025-0428,jrsb4b9yy5_v1,CPEEK_PANEL_001,428,7.727272727,55.0,data/public_benchmark/images/frame_0428.png,data/public_benchmark/masks/frame_0428.png,f21e1a0663632c9471291ee95d940e0bb3047ba58182dfd221d4e13ffe793384,1c592d408f9f926b0c0f777af07d002f277f196917e90d3acd8c3a1f44f7ff5b,234,234,640,512,True,121,0.00220980349185,179,35,189,45,2,benchmark_only,experimental_public_benchmark
GVF-2025-0429,jrsb4b9yy5_v1,CPEEK_PANEL_001,429,7.745454545,55.0,data/public_benchmark/images/frame_0429.png,data/public_benchmark/masks/frame_0429.png,7144f03829de14b1b0e7b488efcc315f7a6f4f25ea1b6103f94d9170f8e54294,1c592d408f9f926b0c0f777af07d002f277f196917e90d3acd8c3a1f44f7ff5b,234,234,640,512,True,121,0.00220980349185,179,35,189,45,2,benchmark_only,experimental_public_benchmark
GVF-2025-0430,jrsb4b9yy5_v1,CPEEK_PANEL_001,430,7.763636364,55.0,data/public_benchmark/images/frame_0430.png,data/public_benchmark/masks/frame_0430.png,fdd002b0b55708beb94e32e28427c42cf9f645d51777bf24ce6a2a0db448a205,1c592d408f9f926b0c0f777af07d002f277f196917e90d3acd8c3a1f44f7ff5b,234,234,640,512,True,121,0.00220980349185,179,35,189,45,2,benchmark_only,experimental_public_benchmark
GVF-2025-0431,jrsb4b9yy5_v1,CPEEK_PANEL_001,431,7.781818182,55.0,data/public_benchmark/images/frame_0431.png,data/public_benchmark/masks/frame_0431.png,a4006a999e40fba2797464c6c228c177fa4dec06f76c6b3dd6677009b1bc1d83,1c592d408f9f926b0c0f777af07d002f277f196917e90d3acd8c3a1f44f7ff5b,234,234,640,512,True,121,0.00220980349185,179,35,189,45,2,benchmark_only,experimental_public_benchmark
GVF-2025-0432,jrsb4b9yy5_v1,CPEEK_PANEL_001,432,7.800000000,55.0,data/public_benchmark/images/frame_0432.png,data/public_benchmark/masks/frame_0432.png,b515b9dd268feee652e5a34e742e81150b1ae6cf44265dc0b7b7bd4b418f5db5,1c592d408f9f926b0c0f777af07d002f277f196917e90d3acd8c3a1f44f7ff5b,234,234,640,512,True,121,0.00220980349185,179,35,189,45,2,benchmark_only,experimental_public_benchmark
GVF-2025-0433,jrsb4b9yy5_v1,CPEEK_PANEL_001,433,7.818181818,55.0,data/public_benchmark/images/frame_0433.png,data/public_benchmark/masks/frame_0433.png,77b25e1d39cfcbac8a2acc19b711609bdbd6b46545035771b85f15f3f7f37f17,1c592d408f9f926b0c0f777af07d002f277f196917e90d3acd8c3a1f44f7ff5b,234,234,640,512,True,121,0.00220980349185,179,35,189,45,2,benchmark_only,experimental_public_benchmark
GVF-2025-0434,jrsb4b9yy5_v1,CPEEK_PANEL_001,434,7.836363636,55.0,data/public_benchmark/images/frame_0434.png,data/public_benchmark/masks/frame_0434.png,5d4a4f666a5da59926f403a29b03cad0e715aa5a8cb08618ace33e7b228967ca,1c592d408f9f926b0c0f777af07d002f277f196917e90d3acd8c3a1f44f7ff5b,234,234,640,512,True,121,0.00220980349185,179,35,189,45,2,benchmark_only,experimental_public_benchmark
GVF-2025-0435,jrsb4b9yy5_v1,CPEEK_PANEL_001,435,7.854545455,55.0,data/public_benchmark/images/frame_0435.png,data/public_benchmark/masks/frame_0435.png,272a75ea0944c98fac3345bc9640635a5a44950bdd6a16b42da60cc1065b0e55,1c592d408f9f926b0c0f777af07d002f277f196917e90d3acd8c3a1f44f7ff5b,234,234,640,512,True,121,0.00220980349185,179,35,189,45,2,benchmark_only,experimental_public_benchmark
GVF-2025-0436,jrsb4b9yy5_v1,CPEEK_PANEL_001,436,7.872727273,55.0,data/public_benchmark/images/frame_0436.png,data/public_benchmark/masks/frame_0436.png,510f0b89edf1f2c361aa2433d1e0c62a136af51e6ab27a3d06499fb9b41fd02c,1c592d408f9f926b0c0f777af07d002f277f196917e90d3acd8c3a1f44f7ff5b,234,234,640,512,True,121,0.00220980349185,179,35,189,45,2,benchmark_only,experimental_public_benchmark
GVF-2025-0437,jrsb4b9yy5_v1,CPEEK_PANEL_001,437,7.890909091,55.0,data/public_benchmark/images/frame_0437.png,data/public_benchmark/masks/frame_0437.png,c27609fc391222a47ba031a7777ee8f13f0a592ddf4a19bf7bccaa11b75c116c,1c592d408f9f926b0c0f777af07d002f277f196917e90d3acd8c3a1f44f7ff5b,234,234,640,512,True,121,0.00220980349185,179,35,189,45,2,benchmark_only,experimental_public_benchmark
GVF-2025-0438,jrsb4b9yy5_v1,CPEEK_PANEL_001,438,7.909090909,55.0,data/public_benchmark/images/frame_0438.png,data/public_benchmark/masks/frame_0438.png,2f4ac6056926c74a6144fd19511e180a60abff7067d178cab67f9aa9f927e722,1c592d408f9f926b0c0f777af07d002f277f196917e90d3acd8c3a1f44f7ff5b,234,234,640,512,True,121,0.00220980349185,179,35,189,45,2,benchmark_only,experimental_public_benchmark
GVF-2025-0439,jrsb4b9yy5_v1,CPEEK_PANEL_001,439,7.927272727,55.0,data/public_benchmark/images/frame_0439.png,data/public_benchmark/masks/frame_0439.png,d30c8c06d6b829ab9bbe2d9d3a6b0b64035f75880492e56f0bb5025448a2041c,1c592d408f9f926b0c0f777af07d002f277f196917e90d3acd8c3a1f44f7ff5b,234,234,640,512,True,121,0.00220980349185,179,35,189,45,2,benchmark_only,experimental_public_benchmark
GVF-2025-0440,jrsb4b9yy5_v1,CPEEK_PANEL_001,440,7.945454545,55.0,data/public_benchmark/images/frame_0440.png,data/public_benchmark/masks/frame_0440.png,be8385fb0cb8a0a757df26f22b50675fc54c9da71363a6cc6164ec26c5d1a99d,1c592d408f9f926b0c0f777af07d002f277f196917e90d3acd8c3a1f44f7ff5b,234,234,640,512,True,121,0.00220980349185,179,35,189,45,2,benchmark_only,experimental_public_benchmark
GVF-2025-0441,jrsb4b9yy5_v1,CPEEK_PANEL_001,441,7.963636364,55.0,data/public_benchmark/images/frame_0441.png,data/public_benchmark/masks/frame_0441.png,77f84bee1cbdb0207379cd99a3bcad04a599299e4715ffce0fe693caf4514a25,1c592d408f9f926b0c0f777af07d002f277f196917e90d3acd8c3a1f44f7ff5b,234,234,640,512,True,121,0.00220980349185,179,35,189,45,2,benchmark_only,experimental_public_benchmark
GVF-2025-0442,jrsb4b9yy5_v1,CPEEK_PANEL_001,442,7.981818182,55.0,data/public_benchmark/images/frame_0442.png,data/public_benchmark/masks/frame_0442.png,726b2f8cf501a81ee9ef363d36a89f9165d6e771adb932fa893a4d79b24af99c,1c592d408f9f926b0c0f777af07d002f277f196917e90d3acd8c3a1f44f7ff5b,234,234,640,512,True,121,0.00220980349185,179,35,189,45,2,benchmark_only,experimental_public_benchmark
GVF-2025-0443,jrsb4b9yy5_v1,CPEEK_PANEL_001,443,8.000000000,55.0,data/public_benchmark/images/frame_0443.png,data/public_benchmark/masks/frame_0443.png,aa4dcb95b12c924ce17934ccab38e4da54cdb3240c11e638c2f135b12d6feb7f,1c592d408f9f926b0c0f777af07d002f277f196917e90d3acd8c3a1f44f7ff5b,234,234,640,512,True,121,0.00220980349185,179,35,189,45,2,benchmark_only,experimental_public_benchmark
GVF-2025-0444,jrsb4b9yy5_v1,CPEEK_PANEL_001,444,8.018181818,55.0,data/public_benchmark/images/frame_0444.png,data/public_benchmark/masks/frame_0444.png,7dd2db4fd2b03fe27e020fdd8b5a2781930f3cdf7257ef5f349236205280b610,1c592d408f9f926b0c0f777af07d002f277f196917e90d3acd8c3a1f44f7ff5b,234,234,640,512,True,121,0.00220980349185,179,35,189,45,2,benchmark_only,experimental_public_benchmark
GVF-2025-0445,jrsb4b9yy5_v1,CPEEK_PANEL_001,445,8.036363636,55.0,data/public_benchmark/images/frame_0445.png,data/public_benchmark/masks/frame_0445.png,9f89705a566bbf4fe82da09fd8b7dcbdca3122b43e1152134c8e8f2f3fa7dda3,1c592d408f9f926b0c0f777af07d002f277f196917e90d3acd8c3a1f44f7ff5b,234,234,640,512,True,121,0.00220980349185,179,35,189,45,2,benchmark_only,experimental_public_benchmark
GVF-2025-0446,jrsb4b9yy5_v1,CPEEK_PANEL_001,446,8.054545455,55.0,data/public_benchmark/images/frame_0446.png,data/public_benchmark/masks/frame_0446.png,f6c85987786fb78655bcdcae2fa6480040fbbdd7da5411c450fbe95a99e01f33,1c592d408f9f926b0c0f777af07d002f277f196917e90d3acd8c3a1f44f7ff5b,234,234,640,512,True,121,0.00220980349185,179,35,189,45,2,benchmark_only,experimental_public_benchmark
GVF-2025-0447,jrsb4b9yy5_v1,CPEEK_PANEL_001,447,8.072727273,55.0,data/public_benchmark/images/frame_0447.png,data/public_benchmark/masks/frame_0447.png,a7d8979e262ad000637bcd6ebeecfa910c212326782d5726b0ba2563bd30ea6f,1c592d408f9f926b0c0f777af07d002f277f196917e90d3acd8c3a1f44f7ff5b,234,234,640,512,True,121,0.00220980349185,179,35,189,45,2,benchmark_only,experimental_public_benchmark
GVF-2025-0448,jrsb4b9yy5_v1,CPEEK_PANEL_001,448,8.090909091,55.0,data/public_benchmark/images/frame_0448.png,data/public_benchmark/masks/frame_0448.png,b7d71e0771494d15b9d69d3d9c8340df03b0a1f576ead9da6e9974160a7fc4ef,1c592d408f9f926b0c0f777af07d002f277f196917e90d3acd8c3a1f44f7ff5b,234,234,640,512,True,121,0.00220980349185,179,35,189,45,2,benchmark_only,experimental_public_benchmark
GVF-2025-0449,jrsb4b9yy5_v1,CPEEK_PANEL_001,449,8.109090909,55.0,data/public_benchmark/images/frame_0449.png,data/public_benchmark/masks/frame_0449.png,c71bf65e9ef48b26be1d23d80a954806515382cf89cd6a8f11490b4f46728f1c,1c592d408f9f926b0c0f777af07d002f277f196917e90d3acd8c3a1f44f7ff5b,234,234,640,512,True,121,0.00220980349185,179,35,189,45,2,benchmark_only,experimental_public_benchmark
GVF-2025-0450,jrsb4b9yy5_v1,CPEEK_PANEL_001,450,8.127272727,55.0,data/public_benchmark/images/frame_0450.png,data/public_benchmark/masks/frame_0450.png,4c21cc4d2f499dfdd0f1eff048ef6ef6032311f6856015f313911bf8e0e297e8,1c592d408f9f926b0c0f777af07d002f277f196917e90d3acd8c3a1f44f7ff5b,234,234,640,512,True,121,0.00220980349185,179,35,189,45,2,benchmark_only,experimental_public_benchmark
GVF-2025-0451,jrsb4b9yy5_v1,CPEEK_PANEL_001,451,8.145454545,55.0,data/public_benchmark/images/frame_0451.png,data/public_benchmark/masks/frame_0451.png,e9ddcf4275d2af6d245870058b9b124d5478ff6af951d6d479dbb07421038ae6,1c592d408f9f926b0c0f777af07d002f277f196917e90d3acd8c3a1f44f7ff5b,234,234,640,512,True,121,0.00220980349185,179,35,189,45,2,benchmark_only,experimental_public_benchmark
GVF-2025-0452,jrsb4b9yy5_v1,CPEEK_PANEL_001,452,8.163636364,55.0,data/public_benchmark/images/frame_0452.png,data/public_benchmark/masks/frame_0452.png,557b6e12ecc8ef5cbbd20ea1f39f4f99a88d2970f59887f06220ef34869b7c7d,1c592d408f9f926b0c0f777af07d002f277f196917e90d3acd8c3a1f44f7ff5b,234,234,640,512,True,121,0.00220980349185,179,35,189,45,2,benchmark_only,experimental_public_benchmark
GVF-2025-0453,jrsb4b9yy5_v1,CPEEK_PANEL_001,453,8.181818182,55.0,data/public_benchmark/images/frame_0453.png,data/public_benchmark/masks/frame_0453.png,ef74140e7fa6639472881b6ffb862d2cea5f2fc9fa375d8a771d69affa736eef,1c592d408f9f926b0c0f777af07d002f277f196917e90d3acd8c3a1f44f7ff5b,234,234,640,512,True,121,0.00220980349185,179,35,189,45,2,benchmark_only,experimental_public_benchmark
GVF-2025-0454,jrsb4b9yy5_v1,CPEEK_PANEL_001,454,8.200000000,55.0,data/public_benchmark/images/frame_0454.png,data/public_benchmark/masks/frame_0454.png,11becd824b35479f9992e69202d56b337f274ab503788a1554ada4a7602e038d,1c592d408f9f926b0c0f777af07d002f277f196917e90d3acd8c3a1f44f7ff5b,234,234,640,512,True,121,0.00220980349185,179,35,189,45,2,benchmark_only,experimental_public_benchmark
GVF-2025-0455,jrsb4b9yy5_v1,CPEEK_PANEL_001,455,8.218181818,55.0,data/public_benchmark/images/frame_0455.png,data/public_benchmark/masks/frame_0455.png,33fe640754b050deeccdcfa2540df66ad74cb11bd32869e8568fd0e7e104cd6a,1c592d408f9f926b0c0f777af07d002f277f196917e90d3acd8c3a1f44f7ff5b,234,234,640,512,True,121,0.00220980349185,179,35,189,45,2,benchmark_only,experimental_public_benchmark
GVF-2025-0456,jrsb4b9yy5_v1,CPEEK_PANEL_001,456,8.236363636,55.0,data/public_benchmark/images/frame_0456.png,data/public_benchmark/masks/frame_0456.png,4bd77ebf914dfbbb42c0f0369149dd0856a19c42cbbf5f5db8d200448fdc5aa8,1c592d408f9f926b0c0f777af07d002f277f196917e90d3acd8c3a1f44f7ff5b,234,234,640,512,True,121,0.00220980349185,179,35,189,45,2,benchmark_only,experimental_public_benchmark
GVF-2025-0457,jrsb4b9yy5_v1,CPEEK_PANEL_001,457,8.254545455,55.0,data/public_benchmark/images/frame_0457.png,data/public_benchmark/masks/frame_0457.png,9c9eb0c438ff690790e4e0b0794a145c5fa61d62eb13b4a94a120c9cc300857a,1c592d408f9f926b0c0f777af07d002f277f196917e90d3acd8c3a1f44f7ff5b,234,234,640,512,True,121,0.00220980349185,179,35,189,45,2,benchmark_only,experimental_public_benchmark
GVF-2025-0458,jrsb4b9yy5_v1,CPEEK_PANEL_001,458,8.272727273,55.0,data/public_benchmark/images/frame_0458.png,data/public_benchmark/masks/frame_0458.png,a9038b25b6aec73e5e01f0ea707d3c518644a752131a52ad0af0b7e9644f30dc,1c592d408f9f926b0c0f777af07d002f277f196917e90d3acd8c3a1f44f7ff5b,234,234,640,512,True,121,0.00220980349185,179,35,189,45,2,benchmark_only,experimental_public_benchmark
GVF-2025-0459,jrsb4b9yy5_v1,CPEEK_PANEL_001,459,8.290909091,55.0,data/public_benchmark/images/frame_0459.png,data/public_benchmark/masks/frame_0459.png,ffa2ce6077aebd5a693c9e7b061592cfe73731c0a47680dce4248b6dfd6229de,1c592d408f9f926b0c0f777af07d002f277f196917e90d3acd8c3a1f44f7ff5b,234,234,640,512,True,121,0.00220980349185,179,35,189,45,2,benchmark_only,experimental_public_benchmark
GVF-2025-0460,jrsb4b9yy5_v1,CPEEK_PANEL_001,460,8.309090909,55.0,data/public_benchmark/images/frame_0460.png,data/public_benchmark/masks/frame_0460.png,55c176bd7e0509f6d512a23bd0b9e9d005e1463b9b5cfc7aefd887c36d256dd2,1c592d408f9f926b0c0f777af07d002f277f196917e90d3acd8c3a1f44f7ff5b,234,234,640,512,True,121,0.00220980349185,179,35,189,45,2,benchmark_only,experimental_public_benchmark
GVF-2025-0461,jrsb4b9yy5_v1,CPEEK_PANEL_001,461,8.327272727,55.0,data/public_benchmark/images/frame_0461.png,data/public_benchmark/masks/frame_0461.png,4b6ec7f74433516f71839da267dcba3b32bdc72823f1759c0cf5694403ede144,1c592d408f9f926b0c0f777af07d002f277f196917e90d3acd8c3a1f44f7ff5b,234,234,640,512,True,121,0.00220980349185,179,35,189,45,2,benchmark_only,experimental_public_benchmark
GVF-2025-0462,jrsb4b9yy5_v1,CPEEK_PANEL_001,462,8.345454545,55.0,data/public_benchmark/images/frame_0462.png,data/public_benchmark/masks/frame_0462.png,2d532e3e634536f124f8f822013a6cb0498485e03559fb897ad38d923c4f297c,1c592d408f9f926b0c0f777af07d002f277f196917e90d3acd8c3a1f44f7ff5b,234,234,640,512,True,121,0.00220980349185,179,35,189,45,2,benchmark_only,experimental_public_benchmark
GVF-2025-0463,jrsb4b9yy5_v1,CPEEK_PANEL_001,463,8.363636364,55.0,data/public_benchmark/images/frame_0463.png,data/public_benchmark/masks/frame_0463.png,16a4170932dbd73b36392b9614f3c08990dae6d0c9fea77d5fe9845346e3506a,1c592d408f9f926b0c0f777af07d002f277f196917e90d3acd8c3a1f44f7ff5b,234,234,640,512,True,121,0.00220980349185,179,35,189,45,2,benchmark_only,experimental_public_benchmark
GVF-2025-0464,jrsb4b9yy5_v1,CPEEK_PANEL_001,464,8.381818182,55.0,data/public_benchmark/images/frame_0464.png,data/public_benchmark/masks/frame_0464.png,7011fef9222cf19d8557a9ad62a763978733a35bda7bcdedec0293ca20c9f543,1c592d408f9f926b0c0f777af07d002f277f196917e90d3acd8c3a1f44f7ff5b,234,234,640,512,True,121,0.00220980349185,179,35,189,45,2,benchmark_only,experimental_public_benchmark
GVF-2025-0465,jrsb4b9yy5_v1,CPEEK_PANEL_001,465,8.400000000,55.0,data/public_benchmark/images/frame_0465.png,data/public_benchmark/masks/frame_0465.png,e44bcf7dfc1264c1ce246f84b46203072cffa26e066d327e2bf46f9641c1e39c,1c592d408f9f926b0c0f777af07d002f277f196917e90d3acd8c3a1f44f7ff5b,234,234,640,512,True,121,0.00220980349185,179,35,189,45,2,benchmark_only,experimental_public_benchmark
GVF-2025-0466,jrsb4b9yy5_v1,CPEEK_PANEL_001,466,8.418181818,55.0,data/public_benchmark/images/frame_0466.png,data/public_benchmark/masks/frame_0466.png,7f4b2c31a925bb694cb4dd482395bef170af4a356e984bcff42a33fb0a2d185e,1c592d408f9f926b0c0f777af07d002f277f196917e90d3acd8c3a1f44f7ff5b,234,234,640,512,True,121,0.00220980349185,179,35,189,45,2,benchmark_only,experimental_public_benchmark
GVF-2025-0467,jrsb4b9yy5_v1,CPEEK_PANEL_001,467,8.436363636,55.0,data/public_benchmark/images/frame_0467.png,data/public_benchmark/masks/frame_0467.png,8a959c6581a61b89897785c9e8f28501e7232f3c50b7802b3b2a3a0aca9c28fe,1c592d408f9f926b0c0f777af07d002f277f196917e90d3acd8c3a1f44f7ff5b,234,234,640,512,True,121,0.00220980349185,179,35,189,45,2,benchmark_only,experimental_public_benchmark
GVF-2025-0468,jrsb4b9yy5_v1,CPEEK_PANEL_001,468,8.454545455,55.0,data/public_benchmark/images/frame_0468.png,data/public_benchmark/masks/frame_0468.png,fd585251444a0c646ffe00fecbf0d96761999394c0d2d1b4cb000744019b4319,1c592d408f9f926b0c0f777af07d002f277f196917e90d3acd8c3a1f44f7ff5b,234,234,640,512,True,121,0.00220980349185,179,35,189,45,2,benchmark_only,experimental_public_benchmark
GVF-2025-0469,jrsb4b9yy5_v1,CPEEK_PANEL_001,469,8.472727273,55.0,data/public_benchmark/images/frame_0469.png,data/public_benchmark/masks/frame_0469.png,ae005d5c2a5198c9fdef6f7f586f441720bd8caa197a63efb4ded6f7d3b25449,1c592d408f9f926b0c0f777af07d002f277f196917e90d3acd8c3a1f44f7ff5b,234,234,640,512,True,121,0.00220980349185,179,35,189,45,2,benchmark_only,experimental_public_benchmark
GVF-2025-0470,jrsb4b9yy5_v1,CPEEK_PANEL_001,470,8.490909091,55.0,data/public_benchmark/images/frame_0470.png,data/public_benchmark/masks/frame_0470.png,88aa9bb9e46f6ae2ca95e27d99f0d966ede9777e92709e69c9d87bcbd14640e9,1c592d408f9f926b0c0f777af07d002f277f196917e90d3acd8c3a1f44f7ff5b,234,234,640,512,True,121,0.00220980349185,179,35,189,45,2,benchmark_only,experimental_public_benchmark
GVF-2025-0471,jrsb4b9yy5_v1,CPEEK_PANEL_001,471,8.509090909,55.0,data/public_benchmark/images/frame_0471.png,data/public_benchmark/masks/frame_0471.png,246b522f0dd8f5a15d4120241ab4c876a1950d2ce7099eda0b2dfe7cf50cc703,1c592d408f9f926b0c0f777af07d002f277f196917e90d3acd8c3a1f44f7ff5b,234,234,640,512,True,121,0.00220980349185,179,35,189,45,2,benchmark_only,experimental_public_benchmark
GVF-2025-0472,jrsb4b9yy5_v1,CPEEK_PANEL_001,472,8.527272727,55.0,data/public_benchmark/images/frame_0472.png,data/public_benchmark/masks/frame_0472.png,3543325899c48f3ed27f194fa1d1a6f1c3e6e36ff20b377c78a17a227ae44ad5,1c592d408f9f926b0c0f777af07d002f277f196917e90d3acd8c3a1f44f7ff5b,234,234,640,512,True,121,0.00220980349185,179,35,189,45,2,benchmark_only,experimental_public_benchmark
GVF-2025-0473,jrsb4b9yy5_v1,CPEEK_PANEL_001,473,8.545454545,55.0,data/public_benchmark/images/frame_0473.png,data/public_benchmark/masks/frame_0473.png,76751515f5dbd85015b4d9f68278676eb3f9cd22970a99af98138bd56daef17f,1c592d408f9f926b0c0f777af07d002f277f196917e90d3acd8c3a1f44f7ff5b,234,234,640,512,True,121,0.00220980349185,179,35,189,45,2,benchmark_only,experimental_public_benchmark
GVF-2025-0474,jrsb4b9yy5_v1,CPEEK_PANEL_001,474,8.563636364,55.0,data/public_benchmark/images/frame_0474.png,data/public_benchmark/masks/frame_0474.png,a6728a12fbad42a526252ea6efefb16857002c179c182ae78faa8fb45c067f8f,1c592d408f9f926b0c0f777af07d002f277f196917e90d3acd8c3a1f44f7ff5b,234,234,640,512,True,121,0.00220980349185,179,35,189,45,2,benchmark_only,experimental_public_benchmark
GVF-2025-0475,jrsb4b9yy5_v1,CPEEK_PANEL_001,475,8.581818182,55.0,data/public_benchmark/images/frame_0475.png,data/public_benchmark/masks/frame_0475.png,3f322c02733ac1fe1b6f9ea67a6779eb32c431128ae2461bc55a77f24c68d120,1c592d408f9f926b0c0f777af07d002f277f196917e90d3acd8c3a1f44f7ff5b,234,234,640,512,True,121,0.00220980349185,179,35,189,45,2,benchmark_only,experimental_public_benchmark
GVF-2025-0476,jrsb4b9yy5_v1,CPEEK_PANEL_001,476,8.600000000,55.0,data/public_benchmark/images/frame_0476.png,data/public_benchmark/masks/frame_0476.png,2a884e96615346b6cae8128e60014c08861bc997d248a39f99f6409f1053e9a8,1c592d408f9f926b0c0f777af07d002f277f196917e90d3acd8c3a1f44f7ff5b,234,234,640,512,True,121,0.00220980349185,179,35,189,45,2,benchmark_only,experimental_public_benchmark
GVF-2025-0477,jrsb4b9yy5_v1,CPEEK_PANEL_001,477,8.618181818,55.0,data/public_benchmark/images/frame_0477.png,data/public_benchmark/masks/frame_0477.png,7ca45e3f16c233523be09e3f2a943bdaeda5bf6b5f7b4f9393bc2cb6a58aeb80,1c592d408f9f926b0c0f777af07d002f277f196917e90d3acd8c3a1f44f7ff5b,234,234,640,512,True,121,0.00220980349185,179,35,189,45,2,benchmark_only,experimental_public_benchmark
GVF-2025-0478,jrsb4b9yy5_v1,CPEEK_PANEL_001,478,8.636363636,55.0,data/public_benchmark/images/frame_0478.png,data/public_benchmark/masks/frame_0478.png,13dccfd6e4ead62e93791ed97592fa8419499d2a1ba9e65bb1d4a312ba92ff43,1c592d408f9f926b0c0f777af07d002f277f196917e90d3acd8c3a1f44f7ff5b,234,234,640,512,True,121,0.00220980349185,179,35,189,45,2,benchmark_only,experimental_public_benchmark
GVF-2025-0479,jrsb4b9yy5_v1,CPEEK_PANEL_001,479,8.654545455,55.0,data/public_benchmark/images/frame_0479.png,data/public_benchmark/masks/frame_0479.png,8937081380f0ee95f7d57963ee14358ad95b66a1e4fd62da2c45547438fb8623,1c592d408f9f926b0c0f777af07d002f277f196917e90d3acd8c3a1f44f7ff5b,234,234,640,512,True,121,0.00220980349185,179,35,189,45,2,benchmark_only,experimental_public_benchmark
GVF-2025-0480,jrsb4b9yy5_v1,CPEEK_PANEL_001,480,8.672727273,55.0,data/public_benchmark/images/frame_0480.png,data/public_benchmark/masks/frame_0480.png,aa156941dea848e65a8f619a133ce07cad1e1f83cef9b6a045c0105b3c7c0fdd,1c592d408f9f926b0c0f777af07d002f277f196917e90d3acd8c3a1f44f7ff5b,234,234,640,512,True,121,0.00220980349185,179,35,189,45,2,benchmark_only,experimental_public_benchmark
GVF-2025-0481,jrsb4b9yy5_v1,CPEEK_PANEL_001,481,8.690909091,55.0,data/public_benchmark/images/frame_0481.png,data/public_benchmark/masks/frame_0481.png,d8f0d5e9e0bcc6c99cb4ddc3c20b62571a30ac3194a4bd39d70c691226e0414e,1c592d408f9f926b0c0f777af07d002f277f196917e90d3acd8c3a1f44f7ff5b,234,234,640,512,True,121,0.00220980349185,179,35,189,45,2,benchmark_only,experimental_public_benchmark
GVF-2025-0482,jrsb4b9yy5_v1,CPEEK_PANEL_001,482,8.709090909,55.0,data/public_benchmark/images/frame_0482.png,data/public_benchmark/masks/frame_0482.png,523434581d050a2345d052e661da0ae7d73b3edeaf9c42b49e2955b9efe4f632,1c592d408f9f926b0c0f777af07d002f277f196917e90d3acd8c3a1f44f7ff5b,234,234,640,512,True,121,0.00220980349185,179,35,189,45,2,benchmark_only,experimental_public_benchmark
GVF-2025-0483,jrsb4b9yy5_v1,CPEEK_PANEL_001,483,8.727272727,55.0,data/public_benchmark/images/frame_0483.png,data/public_benchmark/masks/frame_0483.png,097653f1aebc574991008a3ac0d7b5ef7919db3570b5616cb7e9939cb5fcf307,1c592d408f9f926b0c0f777af07d002f277f196917e90d3acd8c3a1f44f7ff5b,234,234,640,512,True,121,0.00220980349185,179,35,189,45,2,benchmark_only,experimental_public_benchmark
GVF-2025-0484,jrsb4b9yy5_v1,CPEEK_PANEL_001,484,8.745454545,55.0,data/public_benchmark/images/frame_0484.png,data/public_benchmark/masks/frame_0484.png,a342b544925d599210925ac5dcc2c6446cb57f41c607b98958ada68896ad314a,1c592d408f9f926b0c0f777af07d002f277f196917e90d3acd8c3a1f44f7ff5b,234,234,640,512,True,121,0.00220980349185,179,35,189,45,2,benchmark_only,experimental_public_benchmark
GVF-2025-0485,jrsb4b9yy5_v1,CPEEK_PANEL_001,485,8.763636364,55.0,data/public_benchmark/images/frame_0485.png,data/public_benchmark/masks/frame_0485.png,feab547696fdae32a6fcf8b5ffca3bd22d2fafd18af9a383aa3d5c8557d46024,1c592d408f9f926b0c0f777af07d002f277f196917e90d3acd8c3a1f44f7ff5b,234,234,640,512,True,121,0.00220980349185,179,35,189,45,2,benchmark_only,experimental_public_benchmark
GVF-2025-0486,jrsb4b9yy5_v1,CPEEK_PANEL_001,486,8.781818182,55.0,data/public_benchmark/images/frame_0486.png,data/public_benchmark/masks/frame_0486.png,0faaf4feae9cb16bf338739975c24b0d5d10d51edf2a9fa7c674fab631e8970f,1c592d408f9f926b0c0f777af07d002f277f196917e90d3acd8c3a1f44f7ff5b,234,234,640,512,True,121,0.00220980349185,179,35,189,45,2,benchmark_only,experimental_public_benchmark
GVF-2025-0487,jrsb4b9yy5_v1,CPEEK_PANEL_001,487,8.800000000,55.0,data/public_benchmark/images/frame_0487.png,data/public_benchmark/masks/frame_0487.png,ddf2017a90fbdcc40142aa0f1b6e8d244e238213c1b1bb74444e2e6eb355ce7c,1c592d408f9f926b0c0f777af07d002f277f196917e90d3acd8c3a1f44f7ff5b,234,234,640,512,True,121,0.00220980349185,179,35,189,45,2,benchmark_only,experimental_public_benchmark
GVF-2025-0488,jrsb4b9yy5_v1,CPEEK_PANEL_001,488,8.818181818,55.0,data/public_benchmark/images/frame_0488.png,data/public_benchmark/masks/frame_0488.png,b5cf425ae43558b552b276cc543a6017b99e0ae0c5027473e1ca9e1da482da9e,1c592d408f9f926b0c0f777af07d002f277f196917e90d3acd8c3a1f44f7ff5b,234,234,640,512,True,121,0.00220980349185,179,35,189,45,2,benchmark_only,experimental_public_benchmark
GVF-2025-0489,jrsb4b9yy5_v1,CPEEK_PANEL_001,489,8.836363636,55.0,data/public_benchmark/images/frame_0489.png,data/public_benchmark/masks/frame_0489.png,6b9a7ec244ff200bb33fa832ea3aec4999d2952b70a02ef4e581b4d34a0edd29,1c592d408f9f926b0c0f777af07d002f277f196917e90d3acd8c3a1f44f7ff5b,234,234,640,512,True,121,0.00220980349185,179,35,189,45,2,benchmark_only,experimental_public_benchmark
GVF-2025-0490,jrsb4b9yy5_v1,CPEEK_PANEL_001,490,8.854545455,55.0,data/public_benchmark/images/frame_0490.png,data/public_benchmark/masks/frame_0490.png,160c2427980932cdf95d40682cf833f87cacfad7b2c798e64be0961a2bf1b40d,1c592d408f9f926b0c0f777af07d002f277f196917e90d3acd8c3a1f44f7ff5b,234,234,640,512,True,121,0.00220980349185,179,35,189,45,2,benchmark_only,experimental_public_benchmark
GVF-2025-0491,jrsb4b9yy5_v1,CPEEK_PANEL_001,491,8.872727273,55.0,data/public_benchmark/images/frame_0491.png,data/public_benchmark/masks/frame_0491.png,2b3ba9537e61cee21403ffe1b9cad9c8e45e58944799e0408035f6359e338cd1,1c592d408f9f926b0c0f777af07d002f277f196917e90d3acd8c3a1f44f7ff5b,234,234,640,512,True,121,0.00220980349185,179,35,189,45,2,benchmark_only,experimental_public_benchmark
GVF-2025-0492,jrsb4b9yy5_v1,CPEEK_PANEL_001,492,8.890909091,55.0,data/public_benchmark/images/frame_0492.png,data/public_benchmark/masks/frame_0492.png,37a7e9670d61840c452ccacffcf1e723a54b15ac3ab34368113e46f0243a7738,1c592d408f9f926b0c0f777af07d002f277f196917e90d3acd8c3a1f44f7ff5b,234,234,640,512,True,121,0.00220980349185,179,35,189,45,2,benchmark_only,experimental_public_benchmark
GVF-2025-0493,jrsb4b9yy5_v1,CPEEK_PANEL_001,493,8.909090909,55.0,data/public_benchmark/images/frame_0493.png,data/public_benchmark/masks/frame_0493.png,60a5acd9cda3a2179909b92be16e9307cd826abaa7c038e23a302cde8a3d4b81,1c592d408f9f926b0c0f777af07d002f277f196917e90d3acd8c3a1f44f7ff5b,234,234,640,512,True,121,0.00220980349185,179,35,189,45,2,benchmark_only,experimental_public_benchmark
GVF-2025-0494,jrsb4b9yy5_v1,CPEEK_PANEL_001,494,8.927272727,55.0,data/public_benchmark/images/frame_0494.png,data/public_benchmark/masks/frame_0494.png,f94991bf459bfdde9826e2faac07f8d6db498346c290c6b55adb94855bd9beea,1c592d408f9f926b0c0f777af07d002f277f196917e90d3acd8c3a1f44f7ff5b,234,234,640,512,True,121,0.00220980349185,179,35,189,45,2,benchmark_only,experimental_public_benchmark
GVF-2025-0495,jrsb4b9yy5_v1,CPEEK_PANEL_001,495,8.945454545,55.0,data/public_benchmark/images/frame_0495.png,data/public_benchmark/masks/frame_0495.png,cc21d9c2dd9f20442ec3673ba6e1e8de6f75eb5e66e7e13623b4bbe9405d8b80,1c592d408f9f926b0c0f777af07d002f277f196917e90d3acd8c3a1f44f7ff5b,234,234,640,512,True,121,0.00220980349185,179,35,189,45,2,benchmark_only,experimental_public_benchmark
GVF-2025-0496,jrsb4b9yy5_v1,CPEEK_PANEL_001,496,8.963636364,55.0,data/public_benchmark/images/frame_0496.png,data/public_benchmark/masks/frame_0496.png,7867bf17741f13b823727006ced6797e1ea1b298efd19589fbe8c9604444e160,1c592d408f9f926b0c0f777af07d002f277f196917e90d3acd8c3a1f44f7ff5b,234,234,640,512,True,121,0.00220980349185,179,35,189,45,2,benchmark_only,experimental_public_benchmark
GVF-2025-0497,jrsb4b9yy5_v1,CPEEK_PANEL_001,497,8.981818182,55.0,data/public_benchmark/images/frame_0497.png,data/public_benchmark/masks/frame_0497.png,369bd8058a4aa138048804b16a55c62823069607e0c3130e4463f1973cc5e4d8,1c592d408f9f926b0c0f777af07d002f277f196917e90d3acd8c3a1f44f7ff5b,234,234,640,512,True,121,0.00220980349185,179,35,189,45,2,benchmark_only,experimental_public_benchmark
GVF-2025-0498,jrsb4b9yy5_v1,CPEEK_PANEL_001,498,9.000000000,55.0,data/public_benchmark/images/frame_0498.png,data/public_benchmark/masks/frame_0498.png,29b659e8a23bb7ff8c6dbb3a7a902d616b3455853a16332db730457a6a12895f,1c592d408f9f926b0c0f777af07d002f277f196917e90d3acd8c3a1f44f7ff5b,234,234,640,512,True,121,0.00220980349185,179,35,189,45,2,benchmark_only,experimental_public_benchmark
GVF-2025-0499,jrsb4b9yy5_v1,CPEEK_PANEL_001,499,9.018181818,55.0,data/public_benchmark/images/frame_0499.png,data/public_benchmark/masks/frame_0499.png,ba0b27d62a8f5072b2c18ed98298cc9eb914f132414a3db4174cf88f7c982cfe,1c592d408f9f926b0c0f777af07d002f277f196917e90d3acd8c3a1f44f7ff5b,234,234,640,512,True,121,0.00220980349185,179,35,189,45,2,benchmark_only,experimental_public_benchmark
GVF-2025-0500,jrsb4b9yy5_v1,CPEEK_PANEL_001,500,9.036363636,55.0,data/public_benchmark/images/frame_0500.png,data/public_benchmark/masks/frame_0500.png,ec7e9e21231d9380aeb8ed53c94ec61616f69ae627176782cac8c14261c0b571,1c592d408f9f926b0c0f777af07d002f277f196917e90d3acd8c3a1f44f7ff5b,234,234,640,512,True,121,0.00220980349185,179,35,189,45,2,benchmark_only,experimental_public_benchmark
GVF-2025-0501,jrsb4b9yy5_v1,CPEEK_PANEL_001,501,9.054545455,55.0,data/public_benchmark/images/frame_0501.png,data/public_benchmark/masks/frame_0501.png,59837b861d73094442d54ebba7682593c46cd3c2a2d0f3a5ff33194035804609,1c592d408f9f926b0c0f777af07d002f277f196917e90d3acd8c3a1f44f7ff5b,234,234,640,512,True,121,0.00220980349185,179,35,189,45,2,benchmark_only,experimental_public_benchmark
GVF-2025-0502,jrsb4b9yy5_v1,CPEEK_PANEL_001,502,9.072727273,55.0,data/public_benchmark/images/frame_0502.png,data/public_benchmark/masks/frame_0502.png,79cefb2df2ba9daf0027011ba0b788190b88ed7cb6f31ad71e90765b48fa5b30,1c592d408f9f926b0c0f777af07d002f277f196917e90d3acd8c3a1f44f7ff5b,234,234,640,512,True,121,0.00220980349185,179,35,189,45,2,benchmark_only,experimental_public_benchmark
GVF-2025-0503,jrsb4b9yy5_v1,CPEEK_PANEL_001,503,9.090909091,55.0,data/public_benchmark/images/frame_0503.png,data/public_benchmark/masks/frame_0503.png,81507021523e491397b052bee43d54811432ba66b6e6aa7897059be30643c8f5,1c592d408f9f926b0c0f777af07d002f277f196917e90d3acd8c3a1f44f7ff5b,234,234,640,512,True,121,0.00220980349185,179,35,189,45,2,benchmark_only,experimental_public_benchmark
GVF-2025-0504,jrsb4b9yy5_v1,CPEEK_PANEL_001,504,9.109090909,55.0,data/public_benchmark/images/frame_0504.png,data/public_benchmark/masks/frame_0504.png,8622240963d13c558af43e85cc9f9fddda0b2898f54eb144c7ab2a1d3346a6f0,1c592d408f9f926b0c0f777af07d002f277f196917e90d3acd8c3a1f44f7ff5b,234,234,640,512,True,121,0.00220980349185,179,35,189,45,2,benchmark_only,experimental_public_benchmark
GVF-2025-0505,jrsb4b9yy5_v1,CPEEK_PANEL_001,505,9.127272727,55.0,data/public_benchmark/images/frame_0505.png,data/public_benchmark/masks/frame_0505.png,c08442913f027d0a7dd17b216360c9df4f2c95f40b9233e30578c496cc8ad7b2,1c592d408f9f926b0c0f777af07d002f277f196917e90d3acd8c3a1f44f7ff5b,234,234,640,512,True,121,0.00220980349185,179,35,189,45,2,benchmark_only,experimental_public_benchmark
GVF-2025-0506,jrsb4b9yy5_v1,CPEEK_PANEL_001,506,9.145454545,55.0,data/public_benchmark/images/frame_0506.png,data/public_benchmark/masks/frame_0506.png,aaf622ea1ecd8fa1bef20456ecf03cf7386eed08229b8c6d3cf9fa91423e59fa,1c592d408f9f926b0c0f777af07d002f277f196917e90d3acd8c3a1f44f7ff5b,234,234,640,512,True,121,0.00220980349185,179,35,189,45,2,benchmark_only,experimental_public_benchmark
GVF-2025-0507,jrsb4b9yy5_v1,CPEEK_PANEL_001,507,9.163636364,55.0,data/public_benchmark/images/frame_0507.png,data/public_benchmark/masks/frame_0507.png,ac78bfdadc5e5db5f7b6acdbc09c271078708837ac1d3ebd5702caa1b28f3ca6,1c592d408f9f926b0c0f777af07d002f277f196917e90d3acd8c3a1f44f7ff5b,234,234,640,512,True,121,0.00220980349185,179,35,189,45,2,benchmark_only,experimental_public_benchmark
GVF-2025-0508,jrsb4b9yy5_v1,CPEEK_PANEL_001,508,9.181818182,55.0,data/public_benchmark/images/frame_0508.png,data/public_benchmark/masks/frame_0508.png,c7ad6611836c38c4a02814cd8a967000cdfbf5ebd9bd68d66aa87e02e1a2a431,1c592d408f9f926b0c0f777af07d002f277f196917e90d3acd8c3a1f44f7ff5b,234,234,640,512,True,121,0.00220980349185,179,35,189,45,2,benchmark_only,experimental_public_benchmark
GVF-2025-0509,jrsb4b9yy5_v1,CPEEK_PANEL_001,509,9.200000000,55.0,data/public_benchmark/images/frame_0509.png,data/public_benchmark/masks/frame_0509.png,1a002ea12ac5f67837876b88a48d24f9b182c2279f188c117af3fdac97c04d79,1c592d408f9f926b0c0f777af07d002f277f196917e90d3acd8c3a1f44f7ff5b,234,234,640,512,True,121,0.00220980349185,179,35,189,45,2,benchmark_only,experimental_public_benchmark
GVF-2025-0510,jrsb4b9yy5_v1,CPEEK_PANEL_001,510,9.218181818,55.0,data/public_benchmark/images/frame_0510.png,data/public_benchmark/masks/frame_0510.png,486f5f465fc5ddbf8d8251327fe836e970555b2774193d1665e17e8d021d706f,1c592d408f9f926b0c0f777af07d002f277f196917e90d3acd8c3a1f44f7ff5b,234,234,640,512,True,121,0.00220980349185,179,35,189,45,2,benchmark_only,experimental_public_benchmark
GVF-2025-0511,jrsb4b9yy5_v1,CPEEK_PANEL_001,511,9.236363636,55.0,data/public_benchmark/images/frame_0511.png,data/public_benchmark/masks/frame_0511.png,7662303f9186943f8961eb0c18aa09d872ab76d2f72bd409cca28505863e2b32,1c592d408f9f926b0c0f777af07d002f277f196917e90d3acd8c3a1f44f7ff5b,234,234,640,512,True,121,0.00220980349185,179,35,189,45,2,benchmark_only,experimental_public_benchmark
GVF-2025-0512,jrsb4b9yy5_v1,CPEEK_PANEL_001,512,9.254545455,55.0,data/public_benchmark/images/frame_0512.png,data/public_benchmark/masks/frame_0512.png,1221ac403306e7693079b4b740d9b4197b418ca5696f2f0de5410c96835f0bb4,1c592d408f9f926b0c0f777af07d002f277f196917e90d3acd8c3a1f44f7ff5b,234,234,640,512,True,121,0.00220980349185,179,35,189,45,2,benchmark_only,experimental_public_benchmark
GVF-2025-0513,jrsb4b9yy5_v1,CPEEK_PANEL_001,513,9.272727273,55.0,data/public_benchmark/images/frame_0513.png,data/public_benchmark/masks/frame_0513.png,9eac73c0b22e03d929d8b9e002a203442198d3b4c48de004acb1d6331e7723fa,1c592d408f9f926b0c0f777af07d002f277f196917e90d3acd8c3a1f44f7ff5b,234,234,640,512,True,121,0.00220980349185,179,35,189,45,2,benchmark_only,experimental_public_benchmark
GVF-2025-0514,jrsb4b9yy5_v1,CPEEK_PANEL_001,514,9.290909091,55.0,data/public_benchmark/images/frame_0514.png,data/public_benchmark/masks/frame_0514.png,6adb89b3be13fa94e60a439aa43029aa8ee41398d47ff940a8e9b4a0e762b74e,1c592d408f9f926b0c0f777af07d002f277f196917e90d3acd8c3a1f44f7ff5b,234,234,640,512,True,121,0.00220980349185,179,35,189,45,2,benchmark_only,experimental_public_benchmark
GVF-2025-0515,jrsb4b9yy5_v1,CPEEK_PANEL_001,515,9.309090909,55.0,data/public_benchmark/images/frame_0515.png,data/public_benchmark/masks/frame_0515.png,f56ba6288d263551420161f3dc47155387c4bb4819666a19bfd1b5d66bb3d812,1c592d408f9f926b0c0f777af07d002f277f196917e90d3acd8c3a1f44f7ff5b,234,234,640,512,True,121,0.00220980349185,179,35,189,45,2,benchmark_only,experimental_public_benchmark
GVF-2025-0516,jrsb4b9yy5_v1,CPEEK_PANEL_001,516,9.327272727,55.0,data/public_benchmark/images/frame_0516.png,data/public_benchmark/masks/frame_0516.png,9d5ca0ccd6c48f5f7208682be36492787673231f88652427226e106b35e9b414,1c592d408f9f926b0c0f777af07d002f277f196917e90d3acd8c3a1f44f7ff5b,234,234,640,512,True,121,0.00220980349185,179,35,189,45,2,benchmark_only,experimental_public_benchmark
GVF-2025-0517,jrsb4b9yy5_v1,CPEEK_PANEL_001,517,9.345454545,55.0,data/public_benchmark/images/frame_0517.png,data/public_benchmark/masks/frame_0517.png,d8bb7e0eb539803e6dd2bca059dacb9d015952a8f41e1e67e1c565935a79a15a,1c592d408f9f926b0c0f777af07d002f277f196917e90d3acd8c3a1f44f7ff5b,234,234,640,512,True,121,0.00220980349185,179,35,189,45,2,benchmark_only,experimental_public_benchmark
GVF-2025-0518,jrsb4b9yy5_v1,CPEEK_PANEL_001,518,9.363636364,55.0,data/public_benchmark/images/frame_0518.png,data/public_benchmark/masks/frame_0518.png,4d2f61bcef4b6cc8ad92ea175e4f17167a81462e2726a2c57a5ce54a346ecf63,1c592d408f9f926b0c0f777af07d002f277f196917e90d3acd8c3a1f44f7ff5b,234,234,640,512,True,121,0.00220980349185,179,35,189,45,2,benchmark_only,experimental_public_benchmark
GVF-2025-0519,jrsb4b9yy5_v1,CPEEK_PANEL_001,519,9.381818182,55.0,data/public_benchmark/images/frame_0519.png,data/public_benchmark/masks/frame_0519.png,478654b9d274849841e0dc765b7cdac27b7dd7df81a91909d4a80bdfe431147b,1c592d408f9f926b0c0f777af07d002f277f196917e90d3acd8c3a1f44f7ff5b,234,234,640,512,True,121,0.00220980349185,179,35,189,45,2,benchmark_only,experimental_public_benchmark
GVF-2025-0520,jrsb4b9yy5_v1,CPEEK_PANEL_001,520,9.400000000,55.0,data/public_benchmark/images/frame_0520.png,data/public_benchmark/masks/frame_0520.png,1a8673d444e890a127bbcfe80f47cb559254b6ae29e309c0e9204216137a5a0d,1c592d408f9f926b0c0f777af07d002f277f196917e90d3acd8c3a1f44f7ff5b,234,234,640,512,True,121,0.00220980349185,179,35,189,45,2,benchmark_only,experimental_public_benchmark
GVF-2025-0521,jrsb4b9yy5_v1,CPEEK_PANEL_001,521,9.418181818,55.0,data/public_benchmark/images/frame_0521.png,data/public_benchmark/masks/frame_0521.png,292ac5015fce4e5c17d93f60857ed6e2fbcfd9b05dffa89096cd7ae5e132aa2f,1c592d408f9f926b0c0f777af07d002f277f196917e90d3acd8c3a1f44f7ff5b,234,234,640,512,True,121,0.00220980349185,179,35,189,45,2,benchmark_only,experimental_public_benchmark
GVF-2025-0522,jrsb4b9yy5_v1,CPEEK_PANEL_001,522,9.436363636,55.0,data/public_benchmark/images/frame_0522.png,data/public_benchmark/masks/frame_0522.png,544fd9961f4c14e95c35c887b99a0c364cc81584dcc1975ff9fe6dfd674a9b10,1c592d408f9f926b0c0f777af07d002f277f196917e90d3acd8c3a1f44f7ff5b,234,234,640,512,True,121,0.00220980349185,179,35,189,45,2,benchmark_only,experimental_public_benchmark
GVF-2025-0523,jrsb4b9yy5_v1,CPEEK_PANEL_001,523,9.454545455,55.0,data/public_benchmark/images/frame_0523.png,data/public_benchmark/masks/frame_0523.png,79169d565f1e2ad360a2ae4458dc29084d7a77e6d73774dee7f3f7e31339b19b,1c592d408f9f926b0c0f777af07d002f277f196917e90d3acd8c3a1f44f7ff5b,234,234,640,512,True,121,0.00220980349185,179,35,189,45,2,benchmark_only,experimental_public_benchmark
GVF-2025-0524,jrsb4b9yy5_v1,CPEEK_PANEL_001,524,9.472727273,55.0,data/public_benchmark/images/frame_0524.png,data/public_benchmark/masks/frame_0524.png,5f9f13cef0bdbe4495f594fb843099459cbcbe41fcd1e54cfa4d0e974d8a2683,1c592d408f9f926b0c0f777af07d002f277f196917e90d3acd8c3a1f44f7ff5b,234,234,640,512,True,121,0.00220980349185,179,35,189,45,2,benchmark_only,experimental_public_benchmark
GVF-2025-0525,jrsb4b9yy5_v1,CPEEK_PANEL_001,525,9.490909091,55.0,data/public_benchmark/images/frame_0525.png,data/public_benchmark/masks/frame_0525.png,309ada8922d68971f2f18e7bed492db7364860da21777b1c4fc46e4e69481176,1c592d408f9f926b0c0f777af07d002f277f196917e90d3acd8c3a1f44f7ff5b,234,234,640,512,True,121,0.00220980349185,179,35,189,45,2,benchmark_only,experimental_public_benchmark
GVF-2025-0526,jrsb4b9yy5_v1,CPEEK_PANEL_001,526,9.509090909,55.0,data/public_benchmark/images/frame_0526.png,data/public_benchmark/masks/frame_0526.png,568c02a7fca3fbdf9ced1dd6300805bb266b874c802543b8f20275f1b766f021,1c592d408f9f926b0c0f777af07d002f277f196917e90d3acd8c3a1f44f7ff5b,234,234,640,512,True,121,0.00220980349185,179,35,189,45,2,benchmark_only,experimental_public_benchmark
GVF-2025-0527,jrsb4b9yy5_v1,CPEEK_PANEL_001,527,9.527272727,55.0,data/public_benchmark/images/frame_0527.png,data/public_benchmark/masks/frame_0527.png,62450aa4742a709826689d9390325033ea1ff2ca89a8a3834d6a2d36196c1377,1c592d408f9f926b0c0f777af07d002f277f196917e90d3acd8c3a1f44f7ff5b,234,234,640,512,True,121,0.00220980349185,179,35,189,45,2,benchmark_only,experimental_public_benchmark
GVF-2025-0528,jrsb4b9yy5_v1,CPEEK_PANEL_001,528,9.545454545,55.0,data/public_benchmark/images/frame_0528.png,data/public_benchmark/masks/frame_0528.png,9bb39d367f585cc1365144e5b9616e5e45dd3091cb8f5ebcbed8a691ffc7b64c,1c592d408f9f926b0c0f777af07d002f277f196917e90d3acd8c3a1f44f7ff5b,234,234,640,512,True,121,0.00220980349185,179,35,189,45,2,benchmark_only,experimental_public_benchmark
GVF-2025-0529,jrsb4b9yy5_v1,CPEEK_PANEL_001,529,9.563636364,55.0,data/public_benchmark/images/frame_0529.png,data/public_benchmark/masks/frame_0529.png,5e39ad39fcb18086cf13fd115ea143a332accf636492b844fc309a5dafbf7db0,1c592d408f9f926b0c0f777af07d002f277f196917e90d3acd8c3a1f44f7ff5b,234,234,640,512,True,121,0.00220980349185,179,35,189,45,2,benchmark_only,experimental_public_benchmark
GVF-2025-0530,jrsb4b9yy5_v1,CPEEK_PANEL_001,530,9.581818182,55.0,data/public_benchmark/images/frame_0530.png,data/public_benchmark/masks/frame_0530.png,d511eb72cdd3ba2d8a537a5e7cb44de73a5faa582fe4ac60d56bb7464f959cb0,1c592d408f9f926b0c0f777af07d002f277f196917e90d3acd8c3a1f44f7ff5b,234,234,640,512,True,121,0.00220980349185,179,35,189,45,2,benchmark_only,experimental_public_benchmark
GVF-2025-0531,jrsb4b9yy5_v1,CPEEK_PANEL_001,531,9.600000000,55.0,data/public_benchmark/images/frame_0531.png,data/public_benchmark/masks/frame_0531.png,c66c53c06158737611330c7531380e7579e0e9abc0e55b6bd5709333fbc04cb9,1c592d408f9f926b0c0f777af07d002f277f196917e90d3acd8c3a1f44f7ff5b,234,234,640,512,True,121,0.00220980349185,179,35,189,45,2,benchmark_only,experimental_public_benchmark
GVF-2025-0532,jrsb4b9yy5_v1,CPEEK_PANEL_001,532,9.618181818,55.0,data/public_benchmark/images/frame_0532.png,data/public_benchmark/masks/frame_0532.png,636ee844ec14881ec0328f716c236b10273cfa6ec920893650b4c42ec389b2d0,1c592d408f9f926b0c0f777af07d002f277f196917e90d3acd8c3a1f44f7ff5b,234,234,640,512,True,121,0.00220980349185,179,35,189,45,2,benchmark_only,experimental_public_benchmark
GVF-2025-0533,jrsb4b9yy5_v1,CPEEK_PANEL_001,533,9.636363636,55.0,data/public_benchmark/images/frame_0533.png,data/public_benchmark/masks/frame_0533.png,20fd0ee7e215999837c72fd202ac437b8dc67c8d8946f8cfcc59158fdb1a37ad,1c592d408f9f926b0c0f777af07d002f277f196917e90d3acd8c3a1f44f7ff5b,234,234,640,512,True,121,0.00220980349185,179,35,189,45,2,benchmark_only,experimental_public_benchmark
GVF-2025-0534,jrsb4b9yy5_v1,CPEEK_PANEL_001,534,9.654545455,55.0,data/public_benchmark/images/frame_0534.png,data/public_benchmark/masks/frame_0534.png,c7449f74f57ffb580762c2ee89649f12979ac154800954b8919da76769ab9151,1c592d408f9f926b0c0f777af07d002f277f196917e90d3acd8c3a1f44f7ff5b,234,234,640,512,True,121,0.00220980349185,179,35,189,45,2,benchmark_only,experimental_public_benchmark
GVF-2025-0535,jrsb4b9yy5_v1,CPEEK_PANEL_001,535,9.672727273,55.0,data/public_benchmark/images/frame_0535.png,data/public_benchmark/masks/frame_0535.png,6fc3a602f9ac30ed1a73848735e559a0bb3cd3ecc59da6960f9ab8156316926e,1c592d408f9f926b0c0f777af07d002f277f196917e90d3acd8c3a1f44f7ff5b,234,234,640,512,True,121,0.00220980349185,179,35,189,45,2,benchmark_only,experimental_public_benchmark
GVF-2025-0536,jrsb4b9yy5_v1,CPEEK_PANEL_001,536,9.690909091,55.0,data/public_benchmark/images/frame_0536.png,data/public_benchmark/masks/frame_0536.png,315aac63e673dbfb87c36f80d4bd00ef0000b567ed89c79893bb5b8759365765,1c592d408f9f926b0c0f777af07d002f277f196917e90d3acd8c3a1f44f7ff5b,234,234,640,512,True,121,0.00220980349185,179,35,189,45,2,benchmark_only,experimental_public_benchmark
GVF-2025-0537,jrsb4b9yy5_v1,CPEEK_PANEL_001,537,9.709090909,55.0,data/public_benchmark/images/frame_0537.png,data/public_benchmark/masks/frame_0537.png,db9205a53b9508afb632bd533b633bdc0b34916befcbe47586099f38b38cf4e1,1c592d408f9f926b0c0f777af07d002f277f196917e90d3acd8c3a1f44f7ff5b,234,234,640,512,True,121,0.00220980349185,179,35,189,45,2,benchmark_only,experimental_public_benchmark
GVF-2025-0538,jrsb4b9yy5_v1,CPEEK_PANEL_001,538,9.727272727,55.0,data/public_benchmark/images/frame_0538.png,data/public_benchmark/masks/frame_0538.png,e5f0ebf99d280c0ef7aa294430bb17a9e375980cf37fe4c6fdde78e6dc4c0785,1c592d408f9f926b0c0f777af07d002f277f196917e90d3acd8c3a1f44f7ff5b,234,234,640,512,True,121,0.00220980349185,179,35,189,45,2,benchmark_only,experimental_public_benchmark
GVF-2025-0539,jrsb4b9yy5_v1,CPEEK_PANEL_001,539,9.745454545,55.0,data/public_benchmark/images/frame_0539.png,data/public_benchmark/masks/frame_0539.png,b1b943197fed809026007aeb16be8977ce2d57b4c4168102849a5a287ad0512b,1c592d408f9f926b0c0f777af07d002f277f196917e90d3acd8c3a1f44f7ff5b,234,234,640,512,True,121,0.00220980349185,179,35,189,45,2,benchmark_only,experimental_public_benchmark
GVF-2025-0540,jrsb4b9yy5_v1,CPEEK_PANEL_001,540,9.763636364,55.0,data/public_benchmark/images/frame_0540.png,data/public_benchmark/masks/frame_0540.png,4506355cd6869078eec8ae75528a67b7b581dd859f963b65893153201d90c2a2,1c592d408f9f926b0c0f777af07d002f277f196917e90d3acd8c3a1f44f7ff5b,234,234,640,512,True,121,0.00220980349185,179,35,189,45,2,benchmark_only,experimental_public_benchmark
GVF-2025-0541,jrsb4b9yy5_v1,CPEEK_PANEL_001,541,9.781818182,55.0,data/public_benchmark/images/frame_0541.png,data/public_benchmark/masks/frame_0541.png,b909a120e3483b0c5b687c3b33300221744604eb405d2092ab949dba7153e811,1c592d408f9f926b0c0f777af07d002f277f196917e90d3acd8c3a1f44f7ff5b,234,234,640,512,True,121,0.00220980349185,179,35,189,45,2,benchmark_only,experimental_public_benchmark
GVF-2025-0542,jrsb4b9yy5_v1,CPEEK_PANEL_001,542,9.800000000,55.0,data/public_benchmark/images/frame_0542.png,data/public_benchmark/masks/frame_0542.png,089a37c2d0667046a1fce3f7f8f968b469b7b5eb0aefc9363af19783261ce28b,1c592d408f9f926b0c0f777af07d002f277f196917e90d3acd8c3a1f44f7ff5b,234,234,640,512,True,121,0.00220980349185,179,35,189,45,2,benchmark_only,experimental_public_benchmark
GVF-2025-0543,jrsb4b9yy5_v1,CPEEK_PANEL_001,543,9.818181818,55.0,data/public_benchmark/images/frame_0543.png,data/public_benchmark/masks/frame_0543.png,9f2e85ac8d4a82e56390d654cb9227752cd6209a5998169a0195b3d0da03206d,1c592d408f9f926b0c0f777af07d002f277f196917e90d3acd8c3a1f44f7ff5b,234,234,640,512,True,121,0.00220980349185,179,35,189,45,2,benchmark_only,experimental_public_benchmark
GVF-2025-0544,jrsb4b9yy5_v1,CPEEK_PANEL_001,544,9.836363636,55.0,data/public_benchmark/images/frame_0544.png,data/public_benchmark/masks/frame_0544.png,76ab649abdf77d37f56b1445e2350e218aa91645136792b121a7c0242ef68469,1c592d408f9f926b0c0f777af07d002f277f196917e90d3acd8c3a1f44f7ff5b,234,234,640,512,True,121,0.00220980349185,179,35,189,45,2,benchmark_only,experimental_public_benchmark
GVF-2025-0545,jrsb4b9yy5_v1,CPEEK_PANEL_001,545,9.854545455,55.0,data/public_benchmark/images/frame_0545.png,data/public_benchmark/masks/frame_0545.png,d6431fc593d7885b255f05d1205e2bf051743ee83ae2ff6069db09d098c5ee7c,1c592d408f9f926b0c0f777af07d002f277f196917e90d3acd8c3a1f44f7ff5b,234,234,640,512,True,121,0.00220980349185,179,35,189,45,2,benchmark_only,experimental_public_benchmark
GVF-2025-0546,jrsb4b9yy5_v1,CPEEK_PANEL_001,546,9.872727273,55.0,data/public_benchmark/images/frame_0546.png,data/public_benchmark/masks/frame_0546.png,bbc18b88263314707b9fca4bb0cb86faa87f7c913333ac6dc6ccda9655efc831,1c592d408f9f926b0c0f777af07d002f277f196917e90d3acd8c3a1f44f7ff5b,234,234,640,512,True,121,0.00220980349185,179,35,189,45,2,benchmark_only,experimental_public_benchmark
GVF-2025-0547,jrsb4b9yy5_v1,CPEEK_PANEL_001,547,9.890909091,55.0,data/public_benchmark/images/frame_0547.png,data/public_benchmark/masks/frame_0547.png,687fd413d6b4873c0273c10e1cb65a403753d8f1b67279faae2d9bd3d8d3781a,1c592d408f9f926b0c0f777af07d002f277f196917e90d3acd8c3a1f44f7ff5b,234,234,640,512,True,121,0.00220980349185,179,35,189,45,2,benchmark_only,experimental_public_benchmark
GVF-2025-0548,jrsb4b9yy5_v1,CPEEK_PANEL_001,548,9.909090909,55.0,data/public_benchmark/images/frame_0548.png,data/public_benchmark/masks/frame_0548.png,aaf31af9a81e381f4764dd7957b88d2f96b683dd59b335d9810ed5ca84d8b265,1c592d408f9f926b0c0f777af07d002f277f196917e90d3acd8c3a1f44f7ff5b,234,234,640,512,True,121,0.00220980349185,179,35,189,45,2,benchmark_only,experimental_public_benchmark
GVF-2025-0549,jrsb4b9yy5_v1,CPEEK_PANEL_001,549,9.927272727,55.0,data/public_benchmark/images/frame_0549.png,data/public_benchmark/masks/frame_0549.png,8b08aa4b60d35fa04094290cf4cdd970d9170a0df603810d69b6e36e4697313b,1c592d408f9f926b0c0f777af07d002f277f196917e90d3acd8c3a1f44f7ff5b,234,234,640,512,True,121,0.00220980349185,179,35,189,45,2,benchmark_only,experimental_public_benchmark
GVF-2025-0550,jrsb4b9yy5_v1,CPEEK_PANEL_001,550,9.945454545,55.0,data/public_benchmark/images/frame_0550.png,data/public_benchmark/masks/frame_0550.png,933c8b86ca2f3b65635c5fba7aae238449e915840c33d8607608023cab0a86e9,1c592d408f9f926b0c0f777af07d002f277f196917e90d3acd8c3a1f44f7ff5b,234,234,640,512,True,121,0.00220980349185,179,35,189,45,2,benchmark_only,experimental_public_benchmark
GVF-2025-0551,jrsb4b9yy5_v1,CPEEK_PANEL_001,551,9.963636364,55.0,data/public_benchmark/images/frame_0551.png,data/public_benchmark/masks/frame_0551.png,e619c6157b8292d4520fa05d9807d206b398420430de503f396ecb2835b77aaa,1c592d408f9f926b0c0f777af07d002f277f196917e90d3acd8c3a1f44f7ff5b,234,234,640,512,True,121,0.00220980349185,179,35,189,45,2,benchmark_only,experimental_public_benchmark
GVF-2025-0552,jrsb4b9yy5_v1,CPEEK_PANEL_001,552,9.981818182,55.0,data/public_benchmark/images/frame_0552.png,data/public_benchmark/masks/frame_0552.png,f1abb142ffd0e4e17f31ec1444f0820d16ae2df680836ba9a4a45998984d5bf2,1c592d408f9f926b0c0f777af07d002f277f196917e90d3acd8c3a1f44f7ff5b,234,234,640,512,True,121,0.00220980349185,179,35,189,45,2,benchmark_only,experimental_public_benchmark
GVF-2025-0553,jrsb4b9yy5_v1,CPEEK_PANEL_001,553,10.000000000,55.0,data/public_benchmark/images/frame_0553.png,data/public_benchmark/masks/frame_0553.png,4c56d78a52453b5bb5a7fcf3f0cfcecb32c60b8a207a94e4cd9ee0c18bb720c5,1c592d408f9f926b0c0f777af07d002f277f196917e90d3acd8c3a1f44f7ff5b,234,234,640,512,True,121,0.00220980349185,179,35,189,45,2,benchmark_only,experimental_public_benchmark
GVF-2025-0554,jrsb4b9yy5_v1,CPEEK_PANEL_001,554,10.018181818,55.0,data/public_benchmark/images/frame_0554.png,data/public_benchmark/masks/frame_0554.png,29d2cd979d2463dd3f3aa76be0409e26939157aafe5bdaf0b59d941d217d640c,1c592d408f9f926b0c0f777af07d002f277f196917e90d3acd8c3a1f44f7ff5b,234,234,640,512,True,121,0.00220980349185,179,35,189,45,2,benchmark_only,experimental_public_benchmark
GVF-2025-0555,jrsb4b9yy5_v1,CPEEK_PANEL_001,555,10.036363636,55.0,data/public_benchmark/images/frame_0555.png,data/public_benchmark/masks/frame_0555.png,786ff8123a9304e9bd214173b7512db16ecf23a909c62933dbc851a2700fcfb0,1c592d408f9f926b0c0f777af07d002f277f196917e90d3acd8c3a1f44f7ff5b,234,234,640,512,True,121,0.00220980349185,179,35,189,45,2,benchmark_only,experimental_public_benchmark
GVF-2025-0556,jrsb4b9yy5_v1,CPEEK_PANEL_001,556,10.054545455,55.0,data/public_benchmark/images/frame_0556.png,data/public_benchmark/masks/frame_0556.png,9a4c753daaf5b53e736b159a84100c2baf7ba4c864a798fd273fb4201a24e8c4,1c592d408f9f926b0c0f777af07d002f277f196917e90d3acd8c3a1f44f7ff5b,234,234,640,512,True,121,0.00220980349185,179,35,189,45,2,benchmark_only,experimental_public_benchmark
GVF-2025-0557,jrsb4b9yy5_v1,CPEEK_PANEL_001,557,10.072727273,55.0,data/public_benchmark/images/frame_0557.png,data/public_benchmark/masks/frame_0557.png,a446d24ff0b6980c248183ccefd4412f33fb66a9eedec2423f7023b24519ab69,1c592d408f9f926b0c0f777af07d002f277f196917e90d3acd8c3a1f44f7ff5b,234,234,640,512,True,121,0.00220980349185,179,35,189,45,2,benchmark_only,experimental_public_benchmark
GVF-2025-0558,jrsb4b9yy5_v1,CPEEK_PANEL_001,558,10.090909091,55.0,data/public_benchmark/images/frame_0558.png,data/public_benchmark/masks/frame_0558.png,5b7aa746928bff8450d2a4adffc6e73b90e081e818ad4102fb2a9287c6fad25e,1c592d408f9f926b0c0f777af07d002f277f196917e90d3acd8c3a1f44f7ff5b,234,234,640,512,True,121,0.00220980349185,179,35,189,45,2,benchmark_only,experimental_public_benchmark
GVF-2025-0559,jrsb4b9yy5_v1,CPEEK_PANEL_001,559,10.109090909,55.0,data/public_benchmark/images/frame_0559.png,data/public_benchmark/masks/frame_0559.png,5d24e1845abf83e74e58668a94565da9b9e73bc893ddbd4e2c29206bc394857d,1c592d408f9f926b0c0f777af07d002f277f196917e90d3acd8c3a1f44f7ff5b,234,234,640,512,True,121,0.00220980349185,179,35,189,45,2,benchmark_only,experimental_public_benchmark
GVF-2025-0560,jrsb4b9yy5_v1,CPEEK_PANEL_001,560,10.127272727,55.0,data/public_benchmark/images/frame_0560.png,data/public_benchmark/masks/frame_0560.png,5ae2038410b18e39ec1c41e496d3e3c8469b7a00a4c707e82a95bd4929495b9b,1c592d408f9f926b0c0f777af07d002f277f196917e90d3acd8c3a1f44f7ff5b,234,234,640,512,True,121,0.00220980349185,179,35,189,45,2,benchmark_only,experimental_public_benchmark
GVF-2025-0561,jrsb4b9yy5_v1,CPEEK_PANEL_001,561,10.145454545,55.0,data/public_benchmark/images/frame_0561.png,data/public_benchmark/masks/frame_0561.png,c1c02969ad4d839e4001dafcea318239f15e387f1ed9713011356b500ffec1cf,1c592d408f9f926b0c0f777af07d002f277f196917e90d3acd8c3a1f44f7ff5b,234,234,640,512,True,121,0.00220980349185,179,35,189,45,2,benchmark_only,experimental_public_benchmark
GVF-2025-0562,jrsb4b9yy5_v1,CPEEK_PANEL_001,562,10.163636364,55.0,data/public_benchmark/images/frame_0562.png,data/public_benchmark/masks/frame_0562.png,e4c2b3b89daa3aab8f26c5e592d83d3de2b9cf6d3081a39b98f0dd6c116469e1,1c592d408f9f926b0c0f777af07d002f277f196917e90d3acd8c3a1f44f7ff5b,234,234,640,512,True,121,0.00220980349185,179,35,189,45,2,benchmark_only,experimental_public_benchmark
GVF-2025-0563,jrsb4b9yy5_v1,CPEEK_PANEL_001,563,10.181818182,55.0,data/public_benchmark/images/frame_0563.png,data/public_benchmark/masks/frame_0563.png,ec9b9bdc5242b8382f04bfef4bfa5dac21351ad9df195a3b9c66600d7d2f22ac,1c592d408f9f926b0c0f777af07d002f277f196917e90d3acd8c3a1f44f7ff5b,234,234,640,512,True,121,0.00220980349185,179,35,189,45,2,benchmark_only,experimental_public_benchmark
GVF-2025-0564,jrsb4b9yy5_v1,CPEEK_PANEL_001,564,10.200000000,55.0,data/public_benchmark/images/frame_0564.png,data/public_benchmark/masks/frame_0564.png,afdb691e4cea8bfa52b183ac091b228853d1653057b4c93cf6f30f776c3d8027,1c592d408f9f926b0c0f777af07d002f277f196917e90d3acd8c3a1f44f7ff5b,234,234,640,512,True,121,0.00220980349185,179,35,189,45,2,benchmark_only,experimental_public_benchmark
GVF-2025-0565,jrsb4b9yy5_v1,CPEEK_PANEL_001,565,10.218181818,55.0,data/public_benchmark/images/frame_0565.png,data/public_benchmark/masks/frame_0565.png,46e78a3c191d5e6bba93555815ae8d62bb6a3626f0f5324ffc92ffc4289e3204,1c592d408f9f926b0c0f777af07d002f277f196917e90d3acd8c3a1f44f7ff5b,234,234,640,512,True,121,0.00220980349185,179,35,189,45,2,benchmark_only,experimental_public_benchmark
GVF-2025-0566,jrsb4b9yy5_v1,CPEEK_PANEL_001,566,10.236363636,55.0,data/public_benchmark/images/frame_0566.png,data/public_benchmark/masks/frame_0566.png,96cc0d3f091ea62defbc70d094421adafd1caf91ea338207b65c3cd8f50fbea0,1c592d408f9f926b0c0f777af07d002f277f196917e90d3acd8c3a1f44f7ff5b,234,234,640,512,True,121,0.00220980349185,179,35,189,45,2,benchmark_only,experimental_public_benchmark
GVF-2025-0567,jrsb4b9yy5_v1,CPEEK_PANEL_001,567,10.254545455,55.0,data/public_benchmark/images/frame_0567.png,data/public_benchmark/masks/frame_0567.png,3a65a84aa2b1dc97b1ffe05dd9de148e3cd27e056ed63ddd07b6d5af6b203e65,1c592d408f9f926b0c0f777af07d002f277f196917e90d3acd8c3a1f44f7ff5b,234,234,640,512,True,121,0.00220980349185,179,35,189,45,2,benchmark_only,experimental_public_benchmark
GVF-2025-0568,jrsb4b9yy5_v1,CPEEK_PANEL_001,568,10.272727273,55.0,data/public_benchmark/images/frame_0568.png,data/public_benchmark/masks/frame_0568.png,c44ffb3e979ba3ab5475fb7f3597a202e672130e04e08fc98888f81aa459b5c2,1c592d408f9f926b0c0f777af07d002f277f196917e90d3acd8c3a1f44f7ff5b,234,234,640,512,True,121,0.00220980349185,179,35,189,45,2,benchmark_only,experimental_public_benchmark
GVF-2025-0569,jrsb4b9yy5_v1,CPEEK_PANEL_001,569,10.290909091,55.0,data/public_benchmark/images/frame_0569.png,data/public_benchmark/masks/frame_0569.png,06d982dc0bfca1889351c48e57c512c143dad2daddbee1725054fc8ad5992397,1c592d408f9f926b0c0f777af07d002f277f196917e90d3acd8c3a1f44f7ff5b,234,234,640,512,True,121,0.00220980349185,179,35,189,45,2,benchmark_only,experimental_public_benchmark
GVF-2025-0570,jrsb4b9yy5_v1,CPEEK_PANEL_001,570,10.309090909,55.0,data/public_benchmark/images/frame_0570.png,data/public_benchmark/masks/frame_0570.png,28f40baa8283a3ec9ff0c3ad3bc95c88d3efaa1cdbcc70603bb5b2a5099b4fc9,1c592d408f9f926b0c0f777af07d002f277f196917e90d3acd8c3a1f44f7ff5b,234,234,640,512,True,121,0.00220980349185,179,35,189,45,2,benchmark_only,experimental_public_benchmark
GVF-2025-0571,jrsb4b9yy5_v1,CPEEK_PANEL_001,571,10.327272727,55.0,data/public_benchmark/images/frame_0571.png,data/public_benchmark/masks/frame_0571.png,a98d5fb8c73683e0a740973a562c325a86d28e678f6871ba7af24ebf394a0efd,1c592d408f9f926b0c0f777af07d002f277f196917e90d3acd8c3a1f44f7ff5b,234,234,640,512,True,121,0.00220980349185,179,35,189,45,2,benchmark_only,experimental_public_benchmark
GVF-2025-0572,jrsb4b9yy5_v1,CPEEK_PANEL_001,572,10.345454545,55.0,data/public_benchmark/images/frame_0572.png,data/public_benchmark/masks/frame_0572.png,1c05e7fae188b0c03d581ac10e04274de984f40373d5665bd43887c7eea95098,1c592d408f9f926b0c0f777af07d002f277f196917e90d3acd8c3a1f44f7ff5b,234,234,640,512,True,121,0.00220980349185,179,35,189,45,2,benchmark_only,experimental_public_benchmark
GVF-2025-0573,jrsb4b9yy5_v1,CPEEK_PANEL_001,573,10.363636364,55.0,data/public_benchmark/images/frame_0573.png,data/public_benchmark/masks/frame_0573.png,f5f9774e17a891f2e2fa9ac9af89ca12e7d244924d2306a3ab4d88d95bacc71a,1c592d408f9f926b0c0f777af07d002f277f196917e90d3acd8c3a1f44f7ff5b,234,234,640,512,True,121,0.00220980349185,179,35,189,45,2,benchmark_only,experimental_public_benchmark
GVF-2025-0574,jrsb4b9yy5_v1,CPEEK_PANEL_001,574,10.381818182,55.0,data/public_benchmark/images/frame_0574.png,data/public_benchmark/masks/frame_0574.png,e2558f100515a095c4e53b316ff3858eaa6b5b54f8dc4f33e814c384406891e7,1c592d408f9f926b0c0f777af07d002f277f196917e90d3acd8c3a1f44f7ff5b,234,234,640,512,True,121,0.00220980349185,179,35,189,45,2,benchmark_only,experimental_public_benchmark
GVF-2025-0575,jrsb4b9yy5_v1,CPEEK_PANEL_001,575,10.400000000,55.0,data/public_benchmark/images/frame_0575.png,data/public_benchmark/masks/frame_0575.png,db2bdf13ff84beffe9b5b265b415a415652b1cd0b407e88d1a4dd1d81a6aed41,1c592d408f9f926b0c0f777af07d002f277f196917e90d3acd8c3a1f44f7ff5b,234,234,640,512,True,121,0.00220980349185,179,35,189,45,2,benchmark_only,experimental_public_benchmark
GVF-2025-0576,jrsb4b9yy5_v1,CPEEK_PANEL_001,576,10.418181818,55.0,data/public_benchmark/images/frame_0576.png,data/public_benchmark/masks/frame_0576.png,717c24757df12900b203a4c6e1ac36c96c85855afd38c6596eac8acbec9285f7,1c592d408f9f926b0c0f777af07d002f277f196917e90d3acd8c3a1f44f7ff5b,234,234,640,512,True,121,0.00220980349185,179,35,189,45,2,benchmark_only,experimental_public_benchmark
GVF-2025-0577,jrsb4b9yy5_v1,CPEEK_PANEL_001,577,10.436363636,55.0,data/public_benchmark/images/frame_0577.png,data/public_benchmark/masks/frame_0577.png,e17981995285aa7631e57b5188ab9cca2fbf3d4fafd1527a96083645fd3d7036,1c592d408f9f926b0c0f777af07d002f277f196917e90d3acd8c3a1f44f7ff5b,234,234,640,512,True,121,0.00220980349185,179,35,189,45,2,benchmark_only,experimental_public_benchmark
GVF-2025-0578,jrsb4b9yy5_v1,CPEEK_PANEL_001,578,10.454545455,55.0,data/public_benchmark/images/frame_0578.png,data/public_benchmark/masks/frame_0578.png,7bfeb68fdefe9e550581fde733da14801aaa61814e087a78fe5841a51fe28e3f,1c592d408f9f926b0c0f777af07d002f277f196917e90d3acd8c3a1f44f7ff5b,234,234,640,512,True,121,0.00220980349185,179,35,189,45,2,benchmark_only,experimental_public_benchmark
GVF-2025-0579,jrsb4b9yy5_v1,CPEEK_PANEL_001,579,10.472727273,55.0,data/public_benchmark/images/frame_0579.png,data/public_benchmark/masks/frame_0579.png,cab7b8c47f19584c1e2b43095cb9b3a9630ec2c98c61a0706e5571b5c0919d56,1c592d408f9f926b0c0f777af07d002f277f196917e90d3acd8c3a1f44f7ff5b,234,234,640,512,True,121,0.00220980349185,179,35,189,45,2,benchmark_only,experimental_public_benchmark
GVF-2025-0580,jrsb4b9yy5_v1,CPEEK_PANEL_001,580,10.490909091,55.0,data/public_benchmark/images/frame_0580.png,data/public_benchmark/masks/frame_0580.png,2fc271c303a56b4a2045f3eeb04d7c0eaa04daeb12f901833abc5f7d1c0179c3,1c592d408f9f926b0c0f777af07d002f277f196917e90d3acd8c3a1f44f7ff5b,234,234,640,512,True,121,0.00220980349185,179,35,189,45,2,benchmark_only,experimental_public_benchmark
GVF-2025-0581,jrsb4b9yy5_v1,CPEEK_PANEL_001,581,10.509090909,55.0,data/public_benchmark/images/frame_0581.png,data/public_benchmark/masks/frame_0581.png,b5e3f2cc8ff41d2f35f91450de01b68f5fa40a5ae88ef759e00ea315e6f1c05c,1c592d408f9f926b0c0f777af07d002f277f196917e90d3acd8c3a1f44f7ff5b,234,234,640,512,True,121,0.00220980349185,179,35,189,45,2,benchmark_only,experimental_public_benchmark
GVF-2025-0582,jrsb4b9yy5_v1,CPEEK_PANEL_001,582,10.527272727,55.0,data/public_benchmark/images/frame_0582.png,data/public_benchmark/masks/frame_0582.png,b9dcae771ed72bb0c45b7215c448720bc91c14523c5b8fe1950269d82c71b940,1c592d408f9f926b0c0f777af07d002f277f196917e90d3acd8c3a1f44f7ff5b,234,234,640,512,True,121,0.00220980349185,179,35,189,45,2,benchmark_only,experimental_public_benchmark
GVF-2025-0583,jrsb4b9yy5_v1,CPEEK_PANEL_001,583,10.545454545,55.0,data/public_benchmark/images/frame_0583.png,data/public_benchmark/masks/frame_0583.png,5fd5af4038da5ef2bb1e52c41e33a96506240a927560c0fb273c1f5e151cf6ec,1c592d408f9f926b0c0f777af07d002f277f196917e90d3acd8c3a1f44f7ff5b,234,234,640,512,True,121,0.00220980349185,179,35,189,45,2,benchmark_only,experimental_public_benchmark
GVF-2025-0584,jrsb4b9yy5_v1,CPEEK_PANEL_001,584,10.563636364,55.0,data/public_benchmark/images/frame_0584.png,data/public_benchmark/masks/frame_0584.png,a7a5fab22022f3e7d7b16fddf7d2e8b1397028d89fd09da36beaa4ee921cb8d0,1c592d408f9f926b0c0f777af07d002f277f196917e90d3acd8c3a1f44f7ff5b,234,234,640,512,True,121,0.00220980349185,179,35,189,45,2,benchmark_only,experimental_public_benchmark
GVF-2025-0585,jrsb4b9yy5_v1,CPEEK_PANEL_001,585,10.581818182,55.0,data/public_benchmark/images/frame_0585.png,data/public_benchmark/masks/frame_0585.png,84040d3c8331de88b3af108d3a0d65222ccc4a714c65953c45f4708ba54537d1,1c592d408f9f926b0c0f777af07d002f277f196917e90d3acd8c3a1f44f7ff5b,234,234,640,512,True,121,0.00220980349185,179,35,189,45,2,benchmark_only,experimental_public_benchmark
GVF-2025-0586,jrsb4b9yy5_v1,CPEEK_PANEL_001,586,10.600000000,55.0,data/public_benchmark/images/frame_0586.png,data/public_benchmark/masks/frame_0586.png,0b5fbc16129fd6c20861eb7645f5f7fc9aef2f273fd6e838c2474c0a019b1cbd,1c592d408f9f926b0c0f777af07d002f277f196917e90d3acd8c3a1f44f7ff5b,234,234,640,512,True,121,0.00220980349185,179,35,189,45,2,benchmark_only,experimental_public_benchmark
GVF-2025-0587,jrsb4b9yy5_v1,CPEEK_PANEL_001,587,10.618181818,55.0,data/public_benchmark/images/frame_0587.png,data/public_benchmark/masks/frame_0587.png,9a4d5cc3a890c3a2101bc95f0305c820e582206d02554c8099b2be7ef95111d2,1c592d408f9f926b0c0f777af07d002f277f196917e90d3acd8c3a1f44f7ff5b,234,234,640,512,True,121,0.00220980349185,179,35,189,45,2,benchmark_only,experimental_public_benchmark
GVF-2025-0588,jrsb4b9yy5_v1,CPEEK_PANEL_001,588,10.636363636,55.0,data/public_benchmark/images/frame_0588.png,data/public_benchmark/masks/frame_0588.png,a8e1b1c0030cfa0abdb12f529b22605761e212f389874fc114769e86bbe7333a,1c592d408f9f926b0c0f777af07d002f277f196917e90d3acd8c3a1f44f7ff5b,234,234,640,512,True,121,0.00220980349185,179,35,189,45,2,benchmark_only,experimental_public_benchmark
GVF-2025-0589,jrsb4b9yy5_v1,CPEEK_PANEL_001,589,10.654545455,55.0,data/public_benchmark/images/frame_0589.png,data/public_benchmark/masks/frame_0589.png,50e98f413e20cfdea2086c251b59401c6558c40d756f28ee44652d9f5113bd5c,1c592d408f9f926b0c0f777af07d002f277f196917e90d3acd8c3a1f44f7ff5b,234,234,640,512,True,121,0.00220980349185,179,35,189,45,2,benchmark_only,experimental_public_benchmark
GVF-2025-0590,jrsb4b9yy5_v1,CPEEK_PANEL_001,590,10.672727273,55.0,data/public_benchmark/images/frame_0590.png,data/public_benchmark/masks/frame_0590.png,b6521f03e92b017edde591fc4a0085cba079344549ffec78c65f5e6622cbedad,1c592d408f9f926b0c0f777af07d002f277f196917e90d3acd8c3a1f44f7ff5b,234,234,640,512,True,121,0.00220980349185,179,35,189,45,2,benchmark_only,experimental_public_benchmark
GVF-2025-0591,jrsb4b9yy5_v1,CPEEK_PANEL_001,591,10.690909091,55.0,data/public_benchmark/images/frame_0591.png,data/public_benchmark/masks/frame_0591.png,bd8740f090e2f6817a49d1da1eab25e3f74a0c14930b645ebb24e24e18f6c978,1c592d408f9f926b0c0f777af07d002f277f196917e90d3acd8c3a1f44f7ff5b,234,234,640,512,True,121,0.00220980349185,179,35,189,45,2,benchmark_only,experimental_public_benchmark
GVF-2025-0592,jrsb4b9yy5_v1,CPEEK_PANEL_001,592,10.709090909,55.0,data/public_benchmark/images/frame_0592.png,data/public_benchmark/masks/frame_0592.png,177f6bbcaecf0129624866991506c9176cc9e584cda4cab3aa0985c355f7db26,1c592d408f9f926b0c0f777af07d002f277f196917e90d3acd8c3a1f44f7ff5b,234,234,640,512,True,121,0.00220980349185,179,35,189,45,2,benchmark_only,experimental_public_benchmark
GVF-2025-0593,jrsb4b9yy5_v1,CPEEK_PANEL_001,593,10.727272727,55.0,data/public_benchmark/images/frame_0593.png,data/public_benchmark/masks/frame_0593.png,828d39554578f456c5dd4322e03ebf1618261bc406bf5d96bc9704704ef7818c,1c592d408f9f926b0c0f777af07d002f277f196917e90d3acd8c3a1f44f7ff5b,234,234,640,512,True,121,0.00220980349185,179,35,189,45,2,benchmark_only,experimental_public_benchmark
GVF-2025-0594,jrsb4b9yy5_v1,CPEEK_PANEL_001,594,10.745454545,55.0,data/public_benchmark/images/frame_0594.png,data/public_benchmark/masks/frame_0594.png,cc4f3385eb13bee30ad2de02d1b7580687d257ac149480dd6b29debbd780555e,1c592d408f9f926b0c0f777af07d002f277f196917e90d3acd8c3a1f44f7ff5b,234,234,640,512,True,121,0.00220980349185,179,35,189,45,2,benchmark_only,experimental_public_benchmark
GVF-2025-0595,jrsb4b9yy5_v1,CPEEK_PANEL_001,595,10.763636364,55.0,data/public_benchmark/images/frame_0595.png,data/public_benchmark/masks/frame_0595.png,318439df82685d8b80248ae1b7693969542c5c9aad1d4b4c04f5ee71fc3083ad,1c592d408f9f926b0c0f777af07d002f277f196917e90d3acd8c3a1f44f7ff5b,234,234,640,512,True,121,0.00220980349185,179,35,189,45,2,benchmark_only,experimental_public_benchmark
GVF-2025-0596,jrsb4b9yy5_v1,CPEEK_PANEL_001,596,10.781818182,55.0,data/public_benchmark/images/frame_0596.png,data/public_benchmark/masks/frame_0596.png,7d03d84f5022742982b3c1321f99391cbb173dabc1439451ba87a12b95400e28,1c592d408f9f926b0c0f777af07d002f277f196917e90d3acd8c3a1f44f7ff5b,234,234,640,512,True,121,0.00220980349185,179,35,189,45,2,benchmark_only,experimental_public_benchmark
GVF-2025-0597,jrsb4b9yy5_v1,CPEEK_PANEL_001,597,10.800000000,55.0,data/public_benchmark/images/frame_0597.png,data/public_benchmark/masks/frame_0597.png,e6019c6007f623ca5e34356b9fb5cca33b3516cf8a53bd345ca13c1a8126c5ec,1c592d408f9f926b0c0f777af07d002f277f196917e90d3acd8c3a1f44f7ff5b,234,234,640,512,True,121,0.00220980349185,179,35,189,45,2,benchmark_only,experimental_public_benchmark
GVF-2025-0598,jrsb4b9yy5_v1,CPEEK_PANEL_001,598,10.818181818,55.0,data/public_benchmark/images/frame_0598.png,data/public_benchmark/masks/frame_0598.png,29e8933dd288ade05195cbc162fccf5a253688b5a85dfdc5c1d11f71f26bbc24,1c592d408f9f926b0c0f777af07d002f277f196917e90d3acd8c3a1f44f7ff5b,234,234,640,512,True,121,0.00220980349185,179,35,189,45,2,benchmark_only,experimental_public_benchmark
GVF-2025-0599,jrsb4b9yy5_v1,CPEEK_PANEL_001,599,10.836363636,55.0,data/public_benchmark/images/frame_0599.png,data/public_benchmark/masks/frame_0599.png,f05bcd6aec0b173a9201ff75ced27d937405e5e3a91a90d1f6de0d23bfd328b0,1c592d408f9f926b0c0f777af07d002f277f196917e90d3acd8c3a1f44f7ff5b,234,234,640,512,True,121,0.00220980349185,179,35,189,45,2,benchmark_only,experimental_public_benchmark
GVF-2025-0600,jrsb4b9yy5_v1,CPEEK_PANEL_001,600,10.854545455,55.0,data/public_benchmark/images/frame_0600.png,data/public_benchmark/masks/frame_0600.png,78114b4bbadb376411573325a2e8b2cd82f01beedb49020743f7f1722906c681,1c592d408f9f926b0c0f777af07d002f277f196917e90d3acd8c3a1f44f7ff5b,234,234,640,512,True,121,0.00220980349185,179,35,189,45,2,benchmark_only,experimental_public_benchmark
GVF-2025-0601,jrsb4b9yy5_v1,CPEEK_PANEL_001,601,10.872727273,55.0,data/public_benchmark/images/frame_0601.png,data/public_benchmark/masks/frame_0601.png,baa08de27e16fbbd4d69cb66930c3e772d721bd72c8f550604aca45087978395,1c592d408f9f926b0c0f777af07d002f277f196917e90d3acd8c3a1f44f7ff5b,234,234,640,512,True,121,0.00220980349185,179,35,189,45,2,benchmark_only,experimental_public_benchmark
GVF-2025-0602,jrsb4b9yy5_v1,CPEEK_PANEL_001,602,10.890909091,55.0,data/public_benchmark/images/frame_0602.png,data/public_benchmark/masks/frame_0602.png,d8d17eb7076b6102bcd6e22a2d82900d57c840831bb188f6ca6b438011686da8,1c592d408f9f926b0c0f777af07d002f277f196917e90d3acd8c3a1f44f7ff5b,234,234,640,512,True,121,0.00220980349185,179,35,189,45,2,benchmark_only,experimental_public_benchmark
GVF-2025-0603,jrsb4b9yy5_v1,CPEEK_PANEL_001,603,10.909090909,55.0,data/public_benchmark/images/frame_0603.png,data/public_benchmark/masks/frame_0603.png,ed3591480527b3c0a7bf394774a545c132c5db4f8c43ccfe7dc1dfbc8d2411ea,1c592d408f9f926b0c0f777af07d002f277f196917e90d3acd8c3a1f44f7ff5b,234,234,640,512,True,121,0.00220980349185,179,35,189,45,2,benchmark_only,experimental_public_benchmark
GVF-2025-0604,jrsb4b9yy5_v1,CPEEK_PANEL_001,604,10.927272727,55.0,data/public_benchmark/images/frame_0604.png,data/public_benchmark/masks/frame_0604.png,6553dc7443531a4c8b7492a307754f1dafd3eada0678f32f0badfdfa4c432e47,1c592d408f9f926b0c0f777af07d002f277f196917e90d3acd8c3a1f44f7ff5b,234,234,640,512,True,121,0.00220980349185,179,35,189,45,2,benchmark_only,experimental_public_benchmark
GVF-2025-0605,jrsb4b9yy5_v1,CPEEK_PANEL_001,605,10.945454545,55.0,data/public_benchmark/images/frame_0605.png,data/public_benchmark/masks/frame_0605.png,2c01825c96617636def88ac5968b5bf2d794cf3315deb20a3121f68182177019,1c592d408f9f926b0c0f777af07d002f277f196917e90d3acd8c3a1f44f7ff5b,234,234,640,512,True,121,0.00220980349185,179,35,189,45,2,benchmark_only,experimental_public_benchmark
GVF-2025-0606,jrsb4b9yy5_v1,CPEEK_PANEL_001,606,10.963636364,55.0,data/public_benchmark/images/frame_0606.png,data/public_benchmark/masks/frame_0606.png,820b0c4668c34ddef790fc0f0fd860437fb6eb820d5837ad4376f6fe0bbb166b,1c592d408f9f926b0c0f777af07d002f277f196917e90d3acd8c3a1f44f7ff5b,234,234,640,512,True,121,0.00220980349185,179,35,189,45,2,benchmark_only,experimental_public_benchmark
GVF-2025-0607,jrsb4b9yy5_v1,CPEEK_PANEL_001,607,10.981818182,55.0,data/public_benchmark/images/frame_0607.png,data/public_benchmark/masks/frame_0607.png,67a690231ad2e7d2f9cf076241127eda89492e3e2b12214ab55c16e96105ac78,1c592d408f9f926b0c0f777af07d002f277f196917e90d3acd8c3a1f44f7ff5b,234,234,640,512,True,121,0.00220980349185,179,35,189,45,2,benchmark_only,experimental_public_benchmark
GVF-2025-0608,jrsb4b9yy5_v1,CPEEK_PANEL_001,608,11.000000000,55.0,data/public_benchmark/images/frame_0608.png,data/public_benchmark/masks/frame_0608.png,ccb4b2ce6af07b1a646f8df3bb174b069f1d411711f946016ed26429d4debfa8,1c592d408f9f926b0c0f777af07d002f277f196917e90d3acd8c3a1f44f7ff5b,234,234,640,512,True,121,0.00220980349185,179,35,189,45,2,benchmark_only,experimental_public_benchmark
GVF-2025-0609,jrsb4b9yy5_v1,CPEEK_PANEL_001,609,11.018181818,55.0,data/public_benchmark/images/frame_0609.png,data/public_benchmark/masks/frame_0609.png,035b387491dd24ea8df8ec9d269374d96b51abf73126ab6cb0b40d5c3dde93fb,1c592d408f9f926b0c0f777af07d002f277f196917e90d3acd8c3a1f44f7ff5b,234,234,640,512,True,121,0.00220980349185,179,35,189,45,2,benchmark_only,experimental_public_benchmark
GVF-2025-0610,jrsb4b9yy5_v1,CPEEK_PANEL_001,610,11.036363636,55.0,data/public_benchmark/images/frame_0610.png,data/public_benchmark/masks/frame_0610.png,9f00d28546208108155472a51bb6f46279eb76f4dd8b957bab205a0faf6cf6dd,1c592d408f9f926b0c0f777af07d002f277f196917e90d3acd8c3a1f44f7ff5b,234,234,640,512,True,121,0.00220980349185,179,35,189,45,2,benchmark_only,experimental_public_benchmark
GVF-2025-0611,jrsb4b9yy5_v1,CPEEK_PANEL_001,611,11.054545455,55.0,data/public_benchmark/images/frame_0611.png,data/public_benchmark/masks/frame_0611.png,f710fdfb383a9991545545eb85274ecf55d34c7665276f90bb7f3bd43750ea8a,1c592d408f9f926b0c0f777af07d002f277f196917e90d3acd8c3a1f44f7ff5b,234,234,640,512,True,121,0.00220980349185,179,35,189,45,2,benchmark_only,experimental_public_benchmark
GVF-2025-0612,jrsb4b9yy5_v1,CPEEK_PANEL_001,612,11.072727273,55.0,data/public_benchmark/images/frame_0612.png,data/public_benchmark/masks/frame_0612.png,19cce7e412458328653b4f345aefd6ce4b13c4388d88df63cda0e77d4e5c41b0,1c592d408f9f926b0c0f777af07d002f277f196917e90d3acd8c3a1f44f7ff5b,234,234,640,512,True,121,0.00220980349185,179,35,189,45,2,benchmark_only,experimental_public_benchmark
GVF-2025-0613,jrsb4b9yy5_v1,CPEEK_PANEL_001,613,11.090909091,55.0,data/public_benchmark/images/frame_0613.png,data/public_benchmark/masks/frame_0613.png,d00fc9e61a438396844193ffd5d7f2021f12eb18aba57402fc03fe04c487368b,1c592d408f9f926b0c0f777af07d002f277f196917e90d3acd8c3a1f44f7ff5b,234,234,640,512,True,121,0.00220980349185,179,35,189,45,2,benchmark_only,experimental_public_benchmark
GVF-2025-0614,jrsb4b9yy5_v1,CPEEK_PANEL_001,614,11.109090909,55.0,data/public_benchmark/images/frame_0614.png,data/public_benchmark/masks/frame_0614.png,9679245f7d8663532dfb89485c5d3d49c28d1a3bb47d782dbd7b654453c6ae09,1c592d408f9f926b0c0f777af07d002f277f196917e90d3acd8c3a1f44f7ff5b,234,234,640,512,True,121,0.00220980349185,179,35,189,45,2,benchmark_only,experimental_public_benchmark
GVF-2025-0615,jrsb4b9yy5_v1,CPEEK_PANEL_001,615,11.127272727,55.0,data/public_benchmark/images/frame_0615.png,data/public_benchmark/masks/frame_0615.png,be99235d56e4270969c7eb73469d96af858a58dfddc2f9de0dbc005b9ed3d591,1c592d408f9f926b0c0f777af07d002f277f196917e90d3acd8c3a1f44f7ff5b,234,234,640,512,True,121,0.00220980349185,179,35,189,45,2,benchmark_only,experimental_public_benchmark
GVF-2025-0616,jrsb4b9yy5_v1,CPEEK_PANEL_001,616,11.145454545,55.0,data/public_benchmark/images/frame_0616.png,data/public_benchmark/masks/frame_0616.png,b5b6e2c79ee0ba50cf6dec5245863a2ede50667e4fda1338711ba9c141a5df84,1c592d408f9f926b0c0f777af07d002f277f196917e90d3acd8c3a1f44f7ff5b,234,234,640,512,True,121,0.00220980349185,179,35,189,45,2,benchmark_only,experimental_public_benchmark
GVF-2025-0617,jrsb4b9yy5_v1,CPEEK_PANEL_001,617,11.163636364,55.0,data/public_benchmark/images/frame_0617.png,data/public_benchmark/masks/frame_0617.png,2b38479fe120713d2c3a0ce7c6ec151065a179a158135a4b5f38eec641b1ae88,1c592d408f9f926b0c0f777af07d002f277f196917e90d3acd8c3a1f44f7ff5b,234,234,640,512,True,121,0.00220980349185,179,35,189,45,2,benchmark_only,experimental_public_benchmark
GVF-2025-0618,jrsb4b9yy5_v1,CPEEK_PANEL_001,618,11.181818182,55.0,data/public_benchmark/images/frame_0618.png,data/public_benchmark/masks/frame_0618.png,1f2a989d86090faebf45bb0453d25a003cecd5630717acb21ec47181b80f95c5,1c592d408f9f926b0c0f777af07d002f277f196917e90d3acd8c3a1f44f7ff5b,234,234,640,512,True,121,0.00220980349185,179,35,189,45,2,benchmark_only,experimental_public_benchmark
GVF-2025-0619,jrsb4b9yy5_v1,CPEEK_PANEL_001,619,11.200000000,55.0,data/public_benchmark/images/frame_0619.png,data/public_benchmark/masks/frame_0619.png,77f5217264a4b64a9a9882e9c32df085bd6dab8405be6886e51b809bbd843985,1c592d408f9f926b0c0f777af07d002f277f196917e90d3acd8c3a1f44f7ff5b,234,234,640,512,True,121,0.00220980349185,179,35,189,45,2,benchmark_only,experimental_public_benchmark
GVF-2025-0620,jrsb4b9yy5_v1,CPEEK_PANEL_001,620,11.218181818,55.0,data/public_benchmark/images/frame_0620.png,data/public_benchmark/masks/frame_0620.png,624c45d3a2b996b1564296928dfa3375d91e663779ffd3a867fe8568ea3eaec1,1c592d408f9f926b0c0f777af07d002f277f196917e90d3acd8c3a1f44f7ff5b,234,234,640,512,True,121,0.00220980349185,179,35,189,45,2,benchmark_only,experimental_public_benchmark
GVF-2025-0621,jrsb4b9yy5_v1,CPEEK_PANEL_001,621,11.236363636,55.0,data/public_benchmark/images/frame_0621.png,data/public_benchmark/masks/frame_0621.png,59375427e491c90dcfd9409d3849aa68b0c6bf38b59c13eff9374b08f1298af9,1c592d408f9f926b0c0f777af07d002f277f196917e90d3acd8c3a1f44f7ff5b,234,234,640,512,True,121,0.00220980349185,179,35,189,45,2,benchmark_only,experimental_public_benchmark
GVF-2025-0622,jrsb4b9yy5_v1,CPEEK_PANEL_001,622,11.254545455,55.0,data/public_benchmark/images/frame_0622.png,data/public_benchmark/masks/frame_0622.png,454659283688815c8a45ab845b611b5b481f7928929149e27247e628045397ce,1c592d408f9f926b0c0f777af07d002f277f196917e90d3acd8c3a1f44f7ff5b,234,234,640,512,True,121,0.00220980349185,179,35,189,45,2,benchmark_only,experimental_public_benchmark
GVF-2025-0623,jrsb4b9yy5_v1,CPEEK_PANEL_001,623,11.272727273,55.0,data/public_benchmark/images/frame_0623.png,data/public_benchmark/masks/frame_0623.png,2519eb651536617dda6ea174a88ef167f3e702c9d3d54152d0730cad60b4f50b,1c592d408f9f926b0c0f777af07d002f277f196917e90d3acd8c3a1f44f7ff5b,234,234,640,512,True,121,0.00220980349185,179,35,189,45,2,benchmark_only,experimental_public_benchmark
GVF-2025-0624,jrsb4b9yy5_v1,CPEEK_PANEL_001,624,11.290909091,55.0,data/public_benchmark/images/frame_0624.png,data/public_benchmark/masks/frame_0624.png,106820df5f653573cde3a57d82ba3b31b3e08bd662c868a7d3d8ea1435d7c57c,1c592d408f9f926b0c0f777af07d002f277f196917e90d3acd8c3a1f44f7ff5b,234,234,640,512,True,121,0.00220980349185,179,35,189,45,2,benchmark_only,experimental_public_benchmark
GVF-2025-0625,jrsb4b9yy5_v1,CPEEK_PANEL_001,625,11.309090909,55.0,data/public_benchmark/images/frame_0625.png,data/public_benchmark/masks/frame_0625.png,79f741bd6ffd4eaf7ab15a8f3e035335b873110accb09ec9ff6409d723d65dfe,1c592d408f9f926b0c0f777af07d002f277f196917e90d3acd8c3a1f44f7ff5b,234,234,640,512,True,121,0.00220980349185,179,35,189,45,2,benchmark_only,experimental_public_benchmark
GVF-2025-0626,jrsb4b9yy5_v1,CPEEK_PANEL_001,626,11.327272727,55.0,data/public_benchmark/images/frame_0626.png,data/public_benchmark/masks/frame_0626.png,24bc6b613bf6af8e9267b51dc87cd64c5e003e625ff9a7fa4673659aa15e0aa6,1c592d408f9f926b0c0f777af07d002f277f196917e90d3acd8c3a1f44f7ff5b,234,234,640,512,True,121,0.00220980349185,179,35,189,45,2,benchmark_only,experimental_public_benchmark
GVF-2025-0627,jrsb4b9yy5_v1,CPEEK_PANEL_001,627,11.345454545,55.0,data/public_benchmark/images/frame_0627.png,data/public_benchmark/masks/frame_0627.png,a80705bca4a91914b9ff761bc8103ce10dde69c483b4696899856ae4a4e87bb5,1c592d408f9f926b0c0f777af07d002f277f196917e90d3acd8c3a1f44f7ff5b,234,234,640,512,True,121,0.00220980349185,179,35,189,45,2,benchmark_only,experimental_public_benchmark
GVF-2025-0628,jrsb4b9yy5_v1,CPEEK_PANEL_001,628,11.363636364,55.0,data/public_benchmark/images/frame_0628.png,data/public_benchmark/masks/frame_0628.png,00eb54f739117b70153a6eabb57b018bab523a4e58521dd3cb354dbd8382e471,1c592d408f9f926b0c0f777af07d002f277f196917e90d3acd8c3a1f44f7ff5b,234,234,640,512,True,121,0.00220980349185,179,35,189,45,2,benchmark_only,experimental_public_benchmark
GVF-2025-0629,jrsb4b9yy5_v1,CPEEK_PANEL_001,629,11.381818182,55.0,data/public_benchmark/images/frame_0629.png,data/public_benchmark/masks/frame_0629.png,2f191681a4319cff86abd34ba89bd00f25f6ed2d35c014842c4fe705ca86dffd,1c592d408f9f926b0c0f777af07d002f277f196917e90d3acd8c3a1f44f7ff5b,234,234,640,512,True,121,0.00220980349185,179,35,189,45,3,benchmark_only,experimental_public_benchmark
GVF-2025-0630,jrsb4b9yy5_v1,CPEEK_PANEL_001,630,11.400000000,55.0,data/public_benchmark/images/frame_0630.png,data/public_benchmark/masks/frame_0630.png,3ee86eaeb2b07c466c67a2b0118b2fd3f9bed016b5bf707e416ec6fa1c285a29,1c592d408f9f926b0c0f777af07d002f277f196917e90d3acd8c3a1f44f7ff5b,234,234,640,512,True,121,0.00220980349185,179,35,189,45,3,benchmark_only,experimental_public_benchmark
GVF-2025-0631,jrsb4b9yy5_v1,CPEEK_PANEL_001,631,11.418181818,55.0,data/public_benchmark/images/frame_0631.png,data/public_benchmark/masks/frame_0631.png,826139ce588c9cf39118622d63bc03c6824189a21ed5e26fd80629b27c101602,1c592d408f9f926b0c0f777af07d002f277f196917e90d3acd8c3a1f44f7ff5b,234,234,640,512,True,121,0.00220980349185,179,35,189,45,3,benchmark_only,experimental_public_benchmark
GVF-2025-0632,jrsb4b9yy5_v1,CPEEK_PANEL_001,632,11.436363636,55.0,data/public_benchmark/images/frame_0632.png,data/public_benchmark/masks/frame_0632.png,301dcf74d65097dce5beeca2f1d462c0d8714e01d6d6ce0633679bbb647e443e,1c592d408f9f926b0c0f777af07d002f277f196917e90d3acd8c3a1f44f7ff5b,234,234,640,512,True,121,0.00220980349185,179,35,189,45,3,benchmark_only,experimental_public_benchmark
GVF-2025-0633,jrsb4b9yy5_v1,CPEEK_PANEL_001,633,11.454545455,55.0,data/public_benchmark/images/frame_0633.png,data/public_benchmark/masks/frame_0633.png,b84d492d336bf7f22064e7098084949fad778f7a5f3c08349a367c85af7afcf9,1c592d408f9f926b0c0f777af07d002f277f196917e90d3acd8c3a1f44f7ff5b,234,234,640,512,True,121,0.00220980349185,179,35,189,45,3,benchmark_only,experimental_public_benchmark
GVF-2025-0634,jrsb4b9yy5_v1,CPEEK_PANEL_001,634,11.472727273,55.0,data/public_benchmark/images/frame_0634.png,data/public_benchmark/masks/frame_0634.png,6d1962237dcb59c7ba0c570483f8461739fe677c8dbeb6cf223d6f7c9582fa49,1c592d408f9f926b0c0f777af07d002f277f196917e90d3acd8c3a1f44f7ff5b,234,234,640,512,True,121,0.00220980349185,179,35,189,45,3,benchmark_only,experimental_public_benchmark
GVF-2025-0635,jrsb4b9yy5_v1,CPEEK_PANEL_001,635,11.490909091,55.0,data/public_benchmark/images/frame_0635.png,data/public_benchmark/masks/frame_0635.png,9b60ed29be53a194b6883fab5bc01f4eb4fde95963ba6373a47f1035ad3dc0f4,1c592d408f9f926b0c0f777af07d002f277f196917e90d3acd8c3a1f44f7ff5b,234,234,640,512,True,121,0.00220980349185,179,35,189,45,3,benchmark_only,experimental_public_benchmark
GVF-2025-0636,jrsb4b9yy5_v1,CPEEK_PANEL_001,636,11.509090909,55.0,data/public_benchmark/images/frame_0636.png,data/public_benchmark/masks/frame_0636.png,e27e9451837d1254b980a86ec571d1fcacc64573d9bf4c38f5023277bca56f88,1c592d408f9f926b0c0f777af07d002f277f196917e90d3acd8c3a1f44f7ff5b,234,234,640,512,True,121,0.00220980349185,179,35,189,45,3,benchmark_only,experimental_public_benchmark
GVF-2025-0637,jrsb4b9yy5_v1,CPEEK_PANEL_001,637,11.527272727,55.0,data/public_benchmark/images/frame_0637.png,data/public_benchmark/masks/frame_0637.png,4757e94baea82bccd43677fc2e4f93bf4df72b0fda8ada0f84762f44cc1522b7,1c592d408f9f926b0c0f777af07d002f277f196917e90d3acd8c3a1f44f7ff5b,234,234,640,512,True,121,0.00220980349185,179,35,189,45,3,benchmark_only,experimental_public_benchmark
GVF-2025-0638,jrsb4b9yy5_v1,CPEEK_PANEL_001,638,11.545454545,55.0,data/public_benchmark/images/frame_0638.png,data/public_benchmark/masks/frame_0638.png,e260cddf464b256a85995e1d5fe554bb96629c53f2b79b4b75855631ec619405,1c592d408f9f926b0c0f777af07d002f277f196917e90d3acd8c3a1f44f7ff5b,234,234,640,512,True,121,0.00220980349185,179,35,189,45,3,benchmark_only,experimental_public_benchmark
GVF-2025-0639,jrsb4b9yy5_v1,CPEEK_PANEL_001,639,11.563636364,55.0,data/public_benchmark/images/frame_0639.png,data/public_benchmark/masks/frame_0639.png,b2d80590bf07ef795f099309899dddf86512305341209a2c777702ae51ddf96e,1c592d408f9f926b0c0f777af07d002f277f196917e90d3acd8c3a1f44f7ff5b,234,234,640,512,True,121,0.00220980349185,179,35,189,45,3,benchmark_only,experimental_public_benchmark
GVF-2025-0640,jrsb4b9yy5_v1,CPEEK_PANEL_001,640,11.581818182,55.0,data/public_benchmark/images/frame_0640.png,data/public_benchmark/masks/frame_0640.png,45369d1332de48f88769f4febc86d1ec1386f5efe0ad9bb1ef6c2ce838afb4a3,1c592d408f9f926b0c0f777af07d002f277f196917e90d3acd8c3a1f44f7ff5b,234,234,640,512,True,121,0.00220980349185,179,35,189,45,3,benchmark_only,experimental_public_benchmark
GVF-2025-0641,jrsb4b9yy5_v1,CPEEK_PANEL_001,641,11.600000000,55.0,data/public_benchmark/images/frame_0641.png,data/public_benchmark/masks/frame_0641.png,959ee0e38c5e5f0d1d14c571cabb3869d5a575599fa242a576ce5a4b7e89e65d,1c592d408f9f926b0c0f777af07d002f277f196917e90d3acd8c3a1f44f7ff5b,234,234,640,512,True,121,0.00220980349185,179,35,189,45,3,benchmark_only,experimental_public_benchmark
GVF-2025-0642,jrsb4b9yy5_v1,CPEEK_PANEL_001,642,11.618181818,55.0,data/public_benchmark/images/frame_0642.png,data/public_benchmark/masks/frame_0642.png,7a0217bb5635eabe5e0f4121f0424841f95ed0442e4cda0e9838e92cd01ea4de,1c592d408f9f926b0c0f777af07d002f277f196917e90d3acd8c3a1f44f7ff5b,234,234,640,512,True,121,0.00220980349185,179,35,189,45,3,benchmark_only,experimental_public_benchmark
GVF-2025-0643,jrsb4b9yy5_v1,CPEEK_PANEL_001,643,11.636363636,55.0,data/public_benchmark/images/frame_0643.png,data/public_benchmark/masks/frame_0643.png,4ba9f1495e17662b67d7cc0793e57795aec52ae83494e6bbd705457ae3a1920a,1c592d408f9f926b0c0f777af07d002f277f196917e90d3acd8c3a1f44f7ff5b,234,234,640,512,True,121,0.00220980349185,179,35,189,45,3,benchmark_only,experimental_public_benchmark
GVF-2025-0644,jrsb4b9yy5_v1,CPEEK_PANEL_001,644,11.654545455,55.0,data/public_benchmark/images/frame_0644.png,data/public_benchmark/masks/frame_0644.png,ec9cc0a79ece08fdcdd867eea06a9d0a79d809c25261f16da29809b99ac7d6a8,1c592d408f9f926b0c0f777af07d002f277f196917e90d3acd8c3a1f44f7ff5b,234,234,640,512,True,121,0.00220980349185,179,35,189,45,3,benchmark_only,experimental_public_benchmark
GVF-2025-0645,jrsb4b9yy5_v1,CPEEK_PANEL_001,645,11.672727273,55.0,data/public_benchmark/images/frame_0645.png,data/public_benchmark/masks/frame_0645.png,8803b98baca9a50af3c0676610171f8b093de5d0dbc529b4c22f875950a77cdd,1c592d408f9f926b0c0f777af07d002f277f196917e90d3acd8c3a1f44f7ff5b,234,234,640,512,True,121,0.00220980349185,179,35,189,45,3,benchmark_only,experimental_public_benchmark
GVF-2025-0646,jrsb4b9yy5_v1,CPEEK_PANEL_001,646,11.690909091,55.0,data/public_benchmark/images/frame_0646.png,data/public_benchmark/masks/frame_0646.png,6c645ae4b0dbd7775d1cd52747191d3eaf2a5ab1240556251aa8c271ad6e2ef1,1c592d408f9f926b0c0f777af07d002f277f196917e90d3acd8c3a1f44f7ff5b,234,234,640,512,True,121,0.00220980349185,179,35,189,45,3,benchmark_only,experimental_public_benchmark
GVF-2025-0647,jrsb4b9yy5_v1,CPEEK_PANEL_001,647,11.709090909,55.0,data/public_benchmark/images/frame_0647.png,data/public_benchmark/masks/frame_0647.png,64da00eaef43a4d5eebaf19336bb7c474c27b4a8cb005a3e662ae49e55468e4e,1c592d408f9f926b0c0f777af07d002f277f196917e90d3acd8c3a1f44f7ff5b,234,234,640,512,True,121,0.00220980349185,179,35,189,45,3,benchmark_only,experimental_public_benchmark
GVF-2025-0648,jrsb4b9yy5_v1,CPEEK_PANEL_001,648,11.727272727,55.0,data/public_benchmark/images/frame_0648.png,data/public_benchmark/masks/frame_0648.png,902d7cc8a07b5290e81ad24aceb5155588da8e864907f4c1e013c83b05228062,1c592d408f9f926b0c0f777af07d002f277f196917e90d3acd8c3a1f44f7ff5b,234,234,640,512,True,121,0.00220980349185,179,35,189,45,3,benchmark_only,experimental_public_benchmark
GVF-2025-0649,jrsb4b9yy5_v1,CPEEK_PANEL_001,649,11.745454545,55.0,data/public_benchmark/images/frame_0649.png,data/public_benchmark/masks/frame_0649.png,54d111462ba835eae3312b59c20a8e2ce0e38855a934682ae530cdd2c1e47791,1c592d408f9f926b0c0f777af07d002f277f196917e90d3acd8c3a1f44f7ff5b,234,234,640,512,True,121,0.00220980349185,179,35,189,45,3,benchmark_only,experimental_public_benchmark
GVF-2025-0650,jrsb4b9yy5_v1,CPEEK_PANEL_001,650,11.763636364,55.0,data/public_benchmark/images/frame_0650.png,data/public_benchmark/masks/frame_0650.png,1a8f6987a5e36f5157aea8aa4c677d90a33ed3a888a9d5da65785c6ce427b00d,1c592d408f9f926b0c0f777af07d002f277f196917e90d3acd8c3a1f44f7ff5b,234,234,640,512,True,121,0.00220980349185,179,35,189,45,3,benchmark_only,experimental_public_benchmark
GVF-2025-0651,jrsb4b9yy5_v1,CPEEK_PANEL_001,651,11.781818182,55.0,data/public_benchmark/images/frame_0651.png,data/public_benchmark/masks/frame_0651.png,35a4f8033fd35bd9876d7c8d392f7950da421daddfcab43bac04e419be7c6cc8,1c592d408f9f926b0c0f777af07d002f277f196917e90d3acd8c3a1f44f7ff5b,234,234,640,512,True,121,0.00220980349185,179,35,189,45,3,benchmark_only,experimental_public_benchmark
GVF-2025-0652,jrsb4b9yy5_v1,CPEEK_PANEL_001,652,11.800000000,55.0,data/public_benchmark/images/frame_0652.png,data/public_benchmark/masks/frame_0652.png,81759dc453622a5eeccf673b36756498ce1bc511f5cc6992108478d32f07a030,1c592d408f9f926b0c0f777af07d002f277f196917e90d3acd8c3a1f44f7ff5b,234,234,640,512,True,121,0.00220980349185,179,35,189,45,3,benchmark_only,experimental_public_benchmark
GVF-2025-0653,jrsb4b9yy5_v1,CPEEK_PANEL_001,653,11.818181818,55.0,data/public_benchmark/images/frame_0653.png,data/public_benchmark/masks/frame_0653.png,585ef8a374e4169baab9d7a714c6a3db1f2a89f7d4a613b8de52613b05c34f56,1c592d408f9f926b0c0f777af07d002f277f196917e90d3acd8c3a1f44f7ff5b,234,234,640,512,True,121,0.00220980349185,179,35,189,45,3,benchmark_only,experimental_public_benchmark
GVF-2025-0654,jrsb4b9yy5_v1,CPEEK_PANEL_001,654,11.836363636,55.0,data/public_benchmark/images/frame_0654.png,data/public_benchmark/masks/frame_0654.png,461e2ff114129cbec605cfb5c6e44b1d65eecc35dae088844b54eb4cd1624cc3,1c592d408f9f926b0c0f777af07d002f277f196917e90d3acd8c3a1f44f7ff5b,234,234,640,512,True,121,0.00220980349185,179,35,189,45,3,benchmark_only,experimental_public_benchmark
GVF-2025-0655,jrsb4b9yy5_v1,CPEEK_PANEL_001,655,11.854545455,55.0,data/public_benchmark/images/frame_0655.png,data/public_benchmark/masks/frame_0655.png,a2c3296c15e40c3f7b14ec8888d410b6bec65195c20cfdb9a03b4937b8ff558a,1c592d408f9f926b0c0f777af07d002f277f196917e90d3acd8c3a1f44f7ff5b,234,234,640,512,True,121,0.00220980349185,179,35,189,45,3,benchmark_only,experimental_public_benchmark
GVF-2025-0656,jrsb4b9yy5_v1,CPEEK_PANEL_001,656,11.872727273,55.0,data/public_benchmark/images/frame_0656.png,data/public_benchmark/masks/frame_0656.png,988e88e0b96b025486c16afe00a7147333e3f15f16b500ff7dce14b31ce3aac0,1c592d408f9f926b0c0f777af07d002f277f196917e90d3acd8c3a1f44f7ff5b,234,234,640,512,True,121,0.00220980349185,179,35,189,45,3,benchmark_only,experimental_public_benchmark
GVF-2025-0657,jrsb4b9yy5_v1,CPEEK_PANEL_001,657,11.890909091,55.0,data/public_benchmark/images/frame_0657.png,data/public_benchmark/masks/frame_0657.png,7ae153c4507b1ab50c1e3e06ec0bf24755be01065c5d75882be32870d642a68c,1c592d408f9f926b0c0f777af07d002f277f196917e90d3acd8c3a1f44f7ff5b,234,234,640,512,True,121,0.00220980349185,179,35,189,45,3,benchmark_only,experimental_public_benchmark
GVF-2025-0658,jrsb4b9yy5_v1,CPEEK_PANEL_001,658,11.909090909,55.0,data/public_benchmark/images/frame_0658.png,data/public_benchmark/masks/frame_0658.png,9926e1cfdbfa00d1d9dda292d2c97be43f686c72ce58cc151d35ad19ac3f7b2e,1c592d408f9f926b0c0f777af07d002f277f196917e90d3acd8c3a1f44f7ff5b,234,234,640,512,True,121,0.00220980349185,179,35,189,45,3,benchmark_only,experimental_public_benchmark
GVF-2025-0659,jrsb4b9yy5_v1,CPEEK_PANEL_001,659,11.927272727,55.0,data/public_benchmark/images/frame_0659.png,data/public_benchmark/masks/frame_0659.png,2b2feab7ce4c31f4f7e2dbb8f9dbee8094fea48c2cce38e061ff440246876546,1c592d408f9f926b0c0f777af07d002f277f196917e90d3acd8c3a1f44f7ff5b,234,234,640,512,True,121,0.00220980349185,179,35,189,45,3,benchmark_only,experimental_public_benchmark
GVF-2025-0660,jrsb4b9yy5_v1,CPEEK_PANEL_001,660,11.945454545,55.0,data/public_benchmark/images/frame_0660.png,data/public_benchmark/masks/frame_0660.png,9f6b153334a603c7562e6ad5eae4353c4f8bf863675898d3643dd793e44fd98d,1c592d408f9f926b0c0f777af07d002f277f196917e90d3acd8c3a1f44f7ff5b,234,234,640,512,True,121,0.00220980349185,179,35,189,45,3,benchmark_only,experimental_public_benchmark
GVF-2025-0667,jrsb4b9yy5_v1,CPEEK_PANEL_001,667,12.072727273,55.0,data/public_benchmark/images/frame_0667.png,data/public_benchmark/masks/frame_0667.png,1dbf27c428f1540ad4072d4e65dd89beb89fdc457d280963ae341ecb4031e859,1c592d408f9f926b0c0f777af07d002f277f196917e90d3acd8c3a1f44f7ff5b,234,234,640,512,True,121,0.00220980349185,179,35,189,45,3,benchmark_only,experimental_public_benchmark
GVF-2025-0668,jrsb4b9yy5_v1,CPEEK_PANEL_001,668,12.090909091,55.0,data/public_benchmark/images/frame_0668.png,data/public_benchmark/masks/frame_0668.png,d9dd6ef1fbf57815237679a54fc28b096e399b71b6e17d9459ac6d26dff61685,1c592d408f9f926b0c0f777af07d002f277f196917e90d3acd8c3a1f44f7ff5b,234,234,640,512,True,121,0.00220980349185,179,35,189,45,3,benchmark_only,experimental_public_benchmark
GVF-2025-0669,jrsb4b9yy5_v1,CPEEK_PANEL_001,669,12.109090909,55.0,data/public_benchmark/images/frame_0669.png,data/public_benchmark/masks/frame_0669.png,0a89f0e5bdd9a07794cdcd9ebb5b6f80d351fe0f4e9acedf064080878a55f106,1c592d408f9f926b0c0f777af07d002f277f196917e90d3acd8c3a1f44f7ff5b,234,234,640,512,True,121,0.00220980349185,179,35,189,45,3,benchmark_only,experimental_public_benchmark
GVF-2025-0670,jrsb4b9yy5_v1,CPEEK_PANEL_001,670,12.127272727,55.0,data/public_benchmark/images/frame_0670.png,data/public_benchmark/masks/frame_0670.png,d090ba443597b235e1d049184258c1a7008334c750f4269304ae473f277b7816,1c592d408f9f926b0c0f777af07d002f277f196917e90d3acd8c3a1f44f7ff5b,234,234,640,512,True,121,0.00220980349185,179,35,189,45,3,benchmark_only,experimental_public_benchmark
GVF-2025-0671,jrsb4b9yy5_v1,CPEEK_PANEL_001,671,12.145454545,55.0,data/public_benchmark/images/frame_0671.png,data/public_benchmark/masks/frame_0671.png,e84be362abf39299a08c340fba065230ce4403b73594bb0bb45dde13c91f468d,1c592d408f9f926b0c0f777af07d002f277f196917e90d3acd8c3a1f44f7ff5b,234,234,640,512,True,121,0.00220980349185,179,35,189,45,3,benchmark_only,experimental_public_benchmark
GVF-2025-0672,jrsb4b9yy5_v1,CPEEK_PANEL_001,672,12.163636364,55.0,data/public_benchmark/images/frame_0672.png,data/public_benchmark/masks/frame_0672.png,fad622aa8e908e04beafe4b6c0b026a7a590d8255a64667a89574ae2428ed70b,1c592d408f9f926b0c0f777af07d002f277f196917e90d3acd8c3a1f44f7ff5b,234,234,640,512,True,121,0.00220980349185,179,35,189,45,3,benchmark_only,experimental_public_benchmark
GVF-2025-0673,jrsb4b9yy5_v1,CPEEK_PANEL_001,673,12.181818182,55.0,data/public_benchmark/images/frame_0673.png,data/public_benchmark/masks/frame_0673.png,743b95ba497afe0a39e434b2d04b4cc9f08b2c10cde956ad11e34be03c19a189,1c592d408f9f926b0c0f777af07d002f277f196917e90d3acd8c3a1f44f7ff5b,234,234,640,512,True,121,0.00220980349185,179,35,189,45,3,benchmark_only,experimental_public_benchmark
GVF-2025-0674,jrsb4b9yy5_v1,CPEEK_PANEL_001,674,12.200000000,55.0,data/public_benchmark/images/frame_0674.png,data/public_benchmark/masks/frame_0674.png,2f5db1636abe1f811f432bb117d674f03c296ab1ab95f89d7e57eebd266ad3bc,1c592d408f9f926b0c0f777af07d002f277f196917e90d3acd8c3a1f44f7ff5b,234,234,640,512,True,121,0.00220980349185,179,35,189,45,3,benchmark_only,experimental_public_benchmark
GVF-2025-0675,jrsb4b9yy5_v1,CPEEK_PANEL_001,675,12.218181818,55.0,data/public_benchmark/images/frame_0675.png,data/public_benchmark/masks/frame_0675.png,5c62bcc0d0e8148e7d568c1294721624fa4698ef0bfac5169f1668f6d763b4ee,1c592d408f9f926b0c0f777af07d002f277f196917e90d3acd8c3a1f44f7ff5b,234,234,640,512,True,121,0.00220980349185,179,35,189,45,3,benchmark_only,experimental_public_benchmark
GVF-2025-0676,jrsb4b9yy5_v1,CPEEK_PANEL_001,676,12.236363636,55.0,data/public_benchmark/images/frame_0676.png,data/public_benchmark/masks/frame_0676.png,306e960c96ab0bbfc6591746152e8256bf7f7950b5a987d0cb5e860cf907844a,1c592d408f9f926b0c0f777af07d002f277f196917e90d3acd8c3a1f44f7ff5b,234,234,640,512,True,121,0.00220980349185,179,35,189,45,3,benchmark_only,experimental_public_benchmark
GVF-2025-0677,jrsb4b9yy5_v1,CPEEK_PANEL_001,677,12.254545455,55.0,data/public_benchmark/images/frame_0677.png,data/public_benchmark/masks/frame_0677.png,94027d1cd259b88c66644431fb913a18abcad07947927e3c3d48610cce54d68f,1c592d408f9f926b0c0f777af07d002f277f196917e90d3acd8c3a1f44f7ff5b,234,234,640,512,True,121,0.00220980349185,179,35,189,45,3,benchmark_only,experimental_public_benchmark
GVF-2025-0678,jrsb4b9yy5_v1,CPEEK_PANEL_001,678,12.272727273,55.0,data/public_benchmark/images/frame_0678.png,data/public_benchmark/masks/frame_0678.png,ecb031023fb6af480e5707a9b64230cdffc8c13d35efe20e6b63edc26d9937cc,1c592d408f9f926b0c0f777af07d002f277f196917e90d3acd8c3a1f44f7ff5b,234,234,640,512,True,121,0.00220980349185,179,35,189,45,3,benchmark_only,experimental_public_benchmark
GVF-2025-0679,jrsb4b9yy5_v1,CPEEK_PANEL_001,679,12.290909091,55.0,data/public_benchmark/images/frame_0679.png,data/public_benchmark/masks/frame_0679.png,91e044add4ae3f77a4b9a3db13b03a555336eb1e8e0aaca65f9aeb917800b5f9,1c592d408f9f926b0c0f777af07d002f277f196917e90d3acd8c3a1f44f7ff5b,234,234,640,512,True,121,0.00220980349185,179,35,189,45,3,benchmark_only,experimental_public_benchmark
GVF-2025-0680,jrsb4b9yy5_v1,CPEEK_PANEL_001,680,12.309090909,55.0,data/public_benchmark/images/frame_0680.png,data/public_benchmark/masks/frame_0680.png,376b31bb5b474fba05983636dcd523d3cca14f7e77bda778c001e9febe268c77,1c592d408f9f926b0c0f777af07d002f277f196917e90d3acd8c3a1f44f7ff5b,234,234,640,512,True,121,0.00220980349185,179,35,189,45,3,benchmark_only,experimental_public_benchmark
GVF-2025-0681,jrsb4b9yy5_v1,CPEEK_PANEL_001,681,12.327272727,55.0,data/public_benchmark/images/frame_0681.png,data/public_benchmark/masks/frame_0681.png,a418c22215609e2b7a96b93825dbb9186073af3f42a055624cc2283d5bd4e3f5,1c592d408f9f926b0c0f777af07d002f277f196917e90d3acd8c3a1f44f7ff5b,234,234,640,512,True,121,0.00220980349185,179,35,189,45,3,benchmark_only,experimental_public_benchmark
GVF-2025-0682,jrsb4b9yy5_v1,CPEEK_PANEL_001,682,12.345454545,55.0,data/public_benchmark/images/frame_0682.png,data/public_benchmark/masks/frame_0682.png,63c81195349b71dd93372f6a2d442b1eb8c5f81f301d85c91ef2d7b082cc268c,1c592d408f9f926b0c0f777af07d002f277f196917e90d3acd8c3a1f44f7ff5b,234,234,640,512,True,121,0.00220980349185,179,35,189,45,3,benchmark_only,experimental_public_benchmark
GVF-2025-0683,jrsb4b9yy5_v1,CPEEK_PANEL_001,683,12.363636364,55.0,data/public_benchmark/images/frame_0683.png,data/public_benchmark/masks/frame_0683.png,bfe70e252efc26ee7afb7c5ef2966157fe717df834ff70348e115af4622a9cf1,1c592d408f9f926b0c0f777af07d002f277f196917e90d3acd8c3a1f44f7ff5b,234,234,640,512,True,121,0.00220980349185,179,35,189,45,3,benchmark_only,experimental_public_benchmark
GVF-2025-0684,jrsb4b9yy5_v1,CPEEK_PANEL_001,684,12.381818182,55.0,data/public_benchmark/images/frame_0684.png,data/public_benchmark/masks/frame_0684.png,5e7d895fa1cd35942a6714f8abf5193b07f943e99de2f2357c4ddca0f13b8b58,1c592d408f9f926b0c0f777af07d002f277f196917e90d3acd8c3a1f44f7ff5b,234,234,640,512,True,121,0.00220980349185,179,35,189,45,3,benchmark_only,experimental_public_benchmark
GVF-2025-0685,jrsb4b9yy5_v1,CPEEK_PANEL_001,685,12.400000000,55.0,data/public_benchmark/images/frame_0685.png,data/public_benchmark/masks/frame_0685.png,0c6de1cb2325ddd06253e430f2fc13a689b7e3edaba10f16db571a4983721e02,1c592d408f9f926b0c0f777af07d002f277f196917e90d3acd8c3a1f44f7ff5b,234,234,640,512,True,121,0.00220980349185,179,35,189,45,3,benchmark_only,experimental_public_benchmark
GVF-2025-0686,jrsb4b9yy5_v1,CPEEK_PANEL_001,686,12.418181818,55.0,data/public_benchmark/images/frame_0686.png,data/public_benchmark/masks/frame_0686.png,d5b68dbd8db916547d7798a01307e83a15d41c9286820106264fac8c1a8a53c9,1c592d408f9f926b0c0f777af07d002f277f196917e90d3acd8c3a1f44f7ff5b,234,234,640,512,True,121,0.00220980349185,179,35,189,45,3,benchmark_only,experimental_public_benchmark
GVF-2025-0687,jrsb4b9yy5_v1,CPEEK_PANEL_001,687,12.436363636,55.0,data/public_benchmark/images/frame_0687.png,data/public_benchmark/masks/frame_0687.png,834a3e3fd705ff0e03294cd08467fa06e83bb976b0ea68d7797de039f69ec7c0,1c592d408f9f926b0c0f777af07d002f277f196917e90d3acd8c3a1f44f7ff5b,234,234,640,512,True,121,0.00220980349185,179,35,189,45,3,benchmark_only,experimental_public_benchmark
GVF-2025-0688,jrsb4b9yy5_v1,CPEEK_PANEL_001,688,12.454545455,55.0,data/public_benchmark/images/frame_0688.png,data/public_benchmark/masks/frame_0688.png,837d630115c13c92929f3a5b43ff8a2a24f3b4cb21ce33617f8154b4839aa804,1c592d408f9f926b0c0f777af07d002f277f196917e90d3acd8c3a1f44f7ff5b,234,234,640,512,True,121,0.00220980349185,179,35,189,45,3,benchmark_only,experimental_public_benchmark
GVF-2025-0689,jrsb4b9yy5_v1,CPEEK_PANEL_001,689,12.472727273,55.0,data/public_benchmark/images/frame_0689.png,data/public_benchmark/masks/frame_0689.png,dc586c904d04da8b18e236060e1407a7ccdc25ba235dc99eac2f7549776bb5b1,1c592d408f9f926b0c0f777af07d002f277f196917e90d3acd8c3a1f44f7ff5b,234,234,640,512,True,121,0.00220980349185,179,35,189,45,3,benchmark_only,experimental_public_benchmark
GVF-2025-0690,jrsb4b9yy5_v1,CPEEK_PANEL_001,690,12.490909091,55.0,data/public_benchmark/images/frame_0690.png,data/public_benchmark/masks/frame_0690.png,05eca3add654b499840a71e5eadf8bd68615a015b30f04cca2557becb7996558,1c592d408f9f926b0c0f777af07d002f277f196917e90d3acd8c3a1f44f7ff5b,234,234,640,512,True,121,0.00220980349185,179,35,189,45,3,benchmark_only,experimental_public_benchmark
GVF-2025-0691,jrsb4b9yy5_v1,CPEEK_PANEL_001,691,12.509090909,55.0,data/public_benchmark/images/frame_0691.png,data/public_benchmark/masks/frame_0691.png,a4b95e3997fe02da98c7ce2ec0aedfb45f722a9d119d4818784f76bc72add28a,1c592d408f9f926b0c0f777af07d002f277f196917e90d3acd8c3a1f44f7ff5b,234,234,640,512,True,121,0.00220980349185,179,35,189,45,3,benchmark_only,experimental_public_benchmark
GVF-2025-0692,jrsb4b9yy5_v1,CPEEK_PANEL_001,692,12.527272727,55.0,data/public_benchmark/images/frame_0692.png,data/public_benchmark/masks/frame_0692.png,80380d05bc2408a66ce092902a1101e4b89b352bd0d971de79282a40c7577304,1c592d408f9f926b0c0f777af07d002f277f196917e90d3acd8c3a1f44f7ff5b,234,234,640,512,True,121,0.00220980349185,179,35,189,45,3,benchmark_only,experimental_public_benchmark
GVF-2025-0693,jrsb4b9yy5_v1,CPEEK_PANEL_001,693,12.545454545,55.0,data/public_benchmark/images/frame_0693.png,data/public_benchmark/masks/frame_0693.png,dd2cae707e67d0a089a7dde3acf18a4b62adfeaa6260ae6c4a1ceefd112235b7,1c592d408f9f926b0c0f777af07d002f277f196917e90d3acd8c3a1f44f7ff5b,234,234,640,512,True,121,0.00220980349185,179,35,189,45,3,benchmark_only,experimental_public_benchmark
GVF-2025-0694,jrsb4b9yy5_v1,CPEEK_PANEL_001,694,12.563636364,55.0,data/public_benchmark/images/frame_0694.png,data/public_benchmark/masks/frame_0694.png,f043e56b63243df69728a6af79d10c1c517b949eb62a6eed874f134ed63647d6,1c592d408f9f926b0c0f777af07d002f277f196917e90d3acd8c3a1f44f7ff5b,234,234,640,512,True,121,0.00220980349185,179,35,189,45,3,benchmark_only,experimental_public_benchmark
GVF-2025-0695,jrsb4b9yy5_v1,CPEEK_PANEL_001,695,12.581818182,55.0,data/public_benchmark/images/frame_0695.png,data/public_benchmark/masks/frame_0695.png,c0d9c4bd43455c6eb5c58028a02507e63b5bbb11b64aeb65af4f1f6968f90066,1c592d408f9f926b0c0f777af07d002f277f196917e90d3acd8c3a1f44f7ff5b,234,234,640,512,True,121,0.00220980349185,179,35,189,45,3,benchmark_only,experimental_public_benchmark
GVF-2025-0696,jrsb4b9yy5_v1,CPEEK_PANEL_001,696,12.600000000,55.0,data/public_benchmark/images/frame_0696.png,data/public_benchmark/masks/frame_0696.png,56c073181c62e38b2ec0f69927d7d50a715557fe21ff673973b89e107fa03452,1c592d408f9f926b0c0f777af07d002f277f196917e90d3acd8c3a1f44f7ff5b,234,234,640,512,True,121,0.00220980349185,179,35,189,45,3,benchmark_only,experimental_public_benchmark
GVF-2025-0697,jrsb4b9yy5_v1,CPEEK_PANEL_001,697,12.618181818,55.0,data/public_benchmark/images/frame_0697.png,data/public_benchmark/masks/frame_0697.png,5ddf965fbf447f6f9ef6062ff5105d1719be814b8a86448e3f1a5108f0f031d9,1c592d408f9f926b0c0f777af07d002f277f196917e90d3acd8c3a1f44f7ff5b,234,234,640,512,True,121,0.00220980349185,179,35,189,45,3,benchmark_only,experimental_public_benchmark
GVF-2025-0698,jrsb4b9yy5_v1,CPEEK_PANEL_001,698,12.636363636,55.0,data/public_benchmark/images/frame_0698.png,data/public_benchmark/masks/frame_0698.png,3fd83d0b6bbea193156b1531ad7c1a6458fc4c0e7a50e9395528756a9177f178,1c592d408f9f926b0c0f777af07d002f277f196917e90d3acd8c3a1f44f7ff5b,234,234,640,512,True,121,0.00220980349185,179,35,189,45,3,benchmark_only,experimental_public_benchmark
GVF-2025-0699,jrsb4b9yy5_v1,CPEEK_PANEL_001,699,12.654545455,55.0,data/public_benchmark/images/frame_0699.png,data/public_benchmark/masks/frame_0699.png,95520e01cb8317db3f43791bd7008922e7a37ae0e702817faa7a9c122f3abe9b,1c592d408f9f926b0c0f777af07d002f277f196917e90d3acd8c3a1f44f7ff5b,234,234,640,512,True,121,0.00220980349185,179,35,189,45,3,benchmark_only,experimental_public_benchmark
GVF-2025-0700,jrsb4b9yy5_v1,CPEEK_PANEL_001,700,12.672727273,55.0,data/public_benchmark/images/frame_0700.png,data/public_benchmark/masks/frame_0700.png,50d95f5b571efb088117579838c0a86859d618202306abb6cd837a84dd5e75a6,1c592d408f9f926b0c0f777af07d002f277f196917e90d3acd8c3a1f44f7ff5b,234,234,640,512,True,121,0.00220980349185,179,35,189,45,3,benchmark_only,experimental_public_benchmark
GVF-2025-0701,jrsb4b9yy5_v1,CPEEK_PANEL_001,701,12.690909091,55.0,data/public_benchmark/images/frame_0701.png,data/public_benchmark/masks/frame_0701.png,5979af8b2fd6ef5e3534a81417815225adb381301a94c0c97a7fd794217a49eb,1c592d408f9f926b0c0f777af07d002f277f196917e90d3acd8c3a1f44f7ff5b,234,234,640,512,True,121,0.00220980349185,179,35,189,45,3,benchmark_only,experimental_public_benchmark
GVF-2025-0702,jrsb4b9yy5_v1,CPEEK_PANEL_001,702,12.709090909,55.0,data/public_benchmark/images/frame_0702.png,data/public_benchmark/masks/frame_0702.png,a88625d806156b56b9dc6f7032d34123cc69147cbf6936d98294c4a8d7257062,1c592d408f9f926b0c0f777af07d002f277f196917e90d3acd8c3a1f44f7ff5b,234,234,640,512,True,121,0.00220980349185,179,35,189,45,3,benchmark_only,experimental_public_benchmark
GVF-2025-0703,jrsb4b9yy5_v1,CPEEK_PANEL_001,703,12.727272727,55.0,data/public_benchmark/images/frame_0703.png,data/public_benchmark/masks/frame_0703.png,d474f27445b0053add2a1f629bbe6b992ffa064bc84e1710ebe44c5bc8423f6c,1c592d408f9f926b0c0f777af07d002f277f196917e90d3acd8c3a1f44f7ff5b,234,234,640,512,True,121,0.00220980349185,179,35,189,45,3,benchmark_only,experimental_public_benchmark
GVF-2025-0704,jrsb4b9yy5_v1,CPEEK_PANEL_001,704,12.745454545,55.0,data/public_benchmark/images/frame_0704.png,data/public_benchmark/masks/frame_0704.png,0fa98ecbe73edcec6598aa1b72d80c7ed7217c3aece8b6d5ee5fd4dca838e0ba,1c592d408f9f926b0c0f777af07d002f277f196917e90d3acd8c3a1f44f7ff5b,234,234,640,512,True,121,0.00220980349185,179,35,189,45,3,benchmark_only,experimental_public_benchmark
GVF-2025-0705,jrsb4b9yy5_v1,CPEEK_PANEL_001,705,12.763636364,55.0,data/public_benchmark/images/frame_0705.png,data/public_benchmark/masks/frame_0705.png,3e1b8e9564a66d85d3869e75abc1952008c342719d2f918f6bb3c9c3e2d5f597,1c592d408f9f926b0c0f777af07d002f277f196917e90d3acd8c3a1f44f7ff5b,234,234,640,512,True,121,0.00220980349185,179,35,189,45,3,benchmark_only,experimental_public_benchmark
GVF-2025-0706,jrsb4b9yy5_v1,CPEEK_PANEL_001,706,12.781818182,55.0,data/public_benchmark/images/frame_0706.png,data/public_benchmark/masks/frame_0706.png,424f220a4471fe5723b2419ed5a897b7c483395bf6576f1663863476fb30969c,1c592d408f9f926b0c0f777af07d002f277f196917e90d3acd8c3a1f44f7ff5b,234,234,640,512,True,121,0.00220980349185,179,35,189,45,3,benchmark_only,experimental_public_benchmark
GVF-2025-0707,jrsb4b9yy5_v1,CPEEK_PANEL_001,707,12.800000000,55.0,data/public_benchmark/images/frame_0707.png,data/public_benchmark/masks/frame_0707.png,2de1d463af451f42bdf4304eddd5a25e0916e5d2370b16a3652797339352c888,1c592d408f9f926b0c0f777af07d002f277f196917e90d3acd8c3a1f44f7ff5b,234,234,640,512,True,121,0.00220980349185,179,35,189,45,3,benchmark_only,experimental_public_benchmark
GVF-2025-0708,jrsb4b9yy5_v1,CPEEK_PANEL_001,708,12.818181818,55.0,data/public_benchmark/images/frame_0708.png,data/public_benchmark/masks/frame_0708.png,6eef2ad66327b1c051adcf1bc0f6eaff43582eded7a07993e9f6cb5275ea9ac2,1c592d408f9f926b0c0f777af07d002f277f196917e90d3acd8c3a1f44f7ff5b,234,234,640,512,True,121,0.00220980349185,179,35,189,45,3,benchmark_only,experimental_public_benchmark
GVF-2025-0709,jrsb4b9yy5_v1,CPEEK_PANEL_001,709,12.836363636,55.0,data/public_benchmark/images/frame_0709.png,data/public_benchmark/masks/frame_0709.png,c6f7938d84bc81fd494fd820a5c3ce3900c423764ba1114b57eb23f13fdd8cbc,1c592d408f9f926b0c0f777af07d002f277f196917e90d3acd8c3a1f44f7ff5b,234,234,640,512,True,121,0.00220980349185,179,35,189,45,3,benchmark_only,experimental_public_benchmark
GVF-2025-0710,jrsb4b9yy5_v1,CPEEK_PANEL_001,710,12.854545455,55.0,data/public_benchmark/images/frame_0710.png,data/public_benchmark/masks/frame_0710.png,311c3f6cf6f381e7df8e00c047fb5749fb42139f138e6ddd7afbe7fa327ceebb,1c592d408f9f926b0c0f777af07d002f277f196917e90d3acd8c3a1f44f7ff5b,234,234,640,512,True,121,0.00220980349185,179,35,189,45,3,benchmark_only,experimental_public_benchmark
GVF-2025-0711,jrsb4b9yy5_v1,CPEEK_PANEL_001,711,12.872727273,55.0,data/public_benchmark/images/frame_0711.png,data/public_benchmark/masks/frame_0711.png,120bd60c7bfb796bfc40452bcec4dfb57b326301b31356d3b064a01454ebfe6e,1c592d408f9f926b0c0f777af07d002f277f196917e90d3acd8c3a1f44f7ff5b,234,234,640,512,True,121,0.00220980349185,179,35,189,45,3,benchmark_only,experimental_public_benchmark
GVF-2025-0712,jrsb4b9yy5_v1,CPEEK_PANEL_001,712,12.890909091,55.0,data/public_benchmark/images/frame_0712.png,data/public_benchmark/masks/frame_0712.png,dbe86546b851ca637b0f06d14555ceb51424a518f657ef2541624d85baa369ec,1c592d408f9f926b0c0f777af07d002f277f196917e90d3acd8c3a1f44f7ff5b,234,234,640,512,True,121,0.00220980349185,179,35,189,45,3,benchmark_only,experimental_public_benchmark
GVF-2025-0713,jrsb4b9yy5_v1,CPEEK_PANEL_001,713,12.909090909,55.0,data/public_benchmark/images/frame_0713.png,data/public_benchmark/masks/frame_0713.png,e04fb61a6cb22f171e207de6a65c42cfd14b62c925a3d131457b00bc60a9abe6,1c592d408f9f926b0c0f777af07d002f277f196917e90d3acd8c3a1f44f7ff5b,234,234,640,512,True,121,0.00220980349185,179,35,189,45,3,benchmark_only,experimental_public_benchmark
GVF-2025-0714,jrsb4b9yy5_v1,CPEEK_PANEL_001,714,12.927272727,55.0,data/public_benchmark/images/frame_0714.png,data/public_benchmark/masks/frame_0714.png,861c26e85bb6496ceae3a0a9514a892e9d1b5a23bdefde33de2f9340984f28c7,1c592d408f9f926b0c0f777af07d002f277f196917e90d3acd8c3a1f44f7ff5b,234,234,640,512,True,121,0.00220980349185,179,35,189,45,3,benchmark_only,experimental_public_benchmark
GVF-2025-0715,jrsb4b9yy5_v1,CPEEK_PANEL_001,715,12.945454545,55.0,data/public_benchmark/images/frame_0715.png,data/public_benchmark/masks/frame_0715.png,d125e0ea7c8a6464cf8b297a5f33d948785b0c57b221c8593ab3e4257b911723,1c592d408f9f926b0c0f777af07d002f277f196917e90d3acd8c3a1f44f7ff5b,234,234,640,512,True,121,0.00220980349185,179,35,189,45,3,benchmark_only,experimental_public_benchmark
GVF-2025-0716,jrsb4b9yy5_v1,CPEEK_PANEL_001,716,12.963636364,55.0,data/public_benchmark/images/frame_0716.png,data/public_benchmark/masks/frame_0716.png,3b9caf3d977987d632accdb616013d668ba9e967ead56ae675812eab6ec9637c,1c592d408f9f926b0c0f777af07d002f277f196917e90d3acd8c3a1f44f7ff5b,234,234,640,512,True,121,0.00220980349185,179,35,189,45,3,benchmark_only,experimental_public_benchmark
GVF-2025-0717,jrsb4b9yy5_v1,CPEEK_PANEL_001,717,12.981818182,55.0,data/public_benchmark/images/frame_0717.png,data/public_benchmark/masks/frame_0717.png,cdf459e0d6ddaa7a206e30efd14cf9a5577a713f4b737a6adbec2719fc979258,1c592d408f9f926b0c0f777af07d002f277f196917e90d3acd8c3a1f44f7ff5b,234,234,640,512,True,121,0.00220980349185,179,35,189,45,3,benchmark_only,experimental_public_benchmark
GVF-2025-0718,jrsb4b9yy5_v1,CPEEK_PANEL_001,718,13.000000000,55.0,data/public_benchmark/images/frame_0718.png,data/public_benchmark/masks/frame_0718.png,4ddc70d1071900800f94e147cc34df183200fc7366313cfbe1e6b2269b6a9bac,1c592d408f9f926b0c0f777af07d002f277f196917e90d3acd8c3a1f44f7ff5b,234,234,640,512,True,121,0.00220980349185,179,35,189,45,3,benchmark_only,experimental_public_benchmark
GVF-2025-0719,jrsb4b9yy5_v1,CPEEK_PANEL_001,719,13.018181818,55.0,data/public_benchmark/images/frame_0719.png,data/public_benchmark/masks/frame_0719.png,757ee51f8c10303e0c3b4933700514e4716c9639b4b673ab9d6708223a00606d,1c592d408f9f926b0c0f777af07d002f277f196917e90d3acd8c3a1f44f7ff5b,234,234,640,512,True,121,0.00220980349185,179,35,189,45,3,benchmark_only,experimental_public_benchmark
GVF-2025-0720,jrsb4b9yy5_v1,CPEEK_PANEL_001,720,13.036363636,55.0,data/public_benchmark/images/frame_0720.png,data/public_benchmark/masks/frame_0720.png,97f180ffc37e2f539e70e101c1daad8495b122eeac8ebba83dd6ae1045707a5d,1c592d408f9f926b0c0f777af07d002f277f196917e90d3acd8c3a1f44f7ff5b,234,234,640,512,True,121,0.00220980349185,179,35,189,45,3,benchmark_only,experimental_public_benchmark
GVF-2025-0721,jrsb4b9yy5_v1,CPEEK_PANEL_001,721,13.054545455,55.0,data/public_benchmark/images/frame_0721.png,data/public_benchmark/masks/frame_0721.png,246b62a1b112df4ee75dfeecd4788478d858bd4031544713c8909581bf0131e8,1c592d408f9f926b0c0f777af07d002f277f196917e90d3acd8c3a1f44f7ff5b,234,234,640,512,True,121,0.00220980349185,179,35,189,45,3,benchmark_only,experimental_public_benchmark
GVF-2025-0722,jrsb4b9yy5_v1,CPEEK_PANEL_001,722,13.072727273,55.0,data/public_benchmark/images/frame_0722.png,data/public_benchmark/masks/frame_0722.png,b3255edb5eba50fd679f0789a4ad045be6ce63beb6e2059a317263f8db836034,1c592d408f9f926b0c0f777af07d002f277f196917e90d3acd8c3a1f44f7ff5b,234,234,640,512,True,121,0.00220980349185,179,35,189,45,3,benchmark_only,experimental_public_benchmark
GVF-2025-0723,jrsb4b9yy5_v1,CPEEK_PANEL_001,723,13.090909091,55.0,data/public_benchmark/images/frame_0723.png,data/public_benchmark/masks/frame_0723.png,329417d8e579e8a06e43a47cea0b6aa6c0a49069ad666d22b3b462fd2b9aea7f,1c592d408f9f926b0c0f777af07d002f277f196917e90d3acd8c3a1f44f7ff5b,234,234,640,512,True,121,0.00220980349185,179,35,189,45,3,benchmark_only,experimental_public_benchmark
GVF-2025-0724,jrsb4b9yy5_v1,CPEEK_PANEL_001,724,13.109090909,55.0,data/public_benchmark/images/frame_0724.png,data/public_benchmark/masks/frame_0724.png,d9f0b6e3958b650c39292130878ceb0d1e4b5c9f88fdbc4e8a4dd31bcc62152d,1c592d408f9f926b0c0f777af07d002f277f196917e90d3acd8c3a1f44f7ff5b,234,234,640,512,True,121,0.00220980349185,179,35,189,45,3,benchmark_only,experimental_public_benchmark
GVF-2025-0725,jrsb4b9yy5_v1,CPEEK_PANEL_001,725,13.127272727,55.0,data/public_benchmark/images/frame_0725.png,data/public_benchmark/masks/frame_0725.png,a1cbf164fde8e6a1378a723a040fc661f611474d51e1e5ba2f7c71df145d9cfb,1c592d408f9f926b0c0f777af07d002f277f196917e90d3acd8c3a1f44f7ff5b,234,234,640,512,True,121,0.00220980349185,179,35,189,45,3,benchmark_only,experimental_public_benchmark
GVF-2025-0726,jrsb4b9yy5_v1,CPEEK_PANEL_001,726,13.145454545,55.0,data/public_benchmark/images/frame_0726.png,data/public_benchmark/masks/frame_0726.png,6058163fa65271123851c48c6d31c8e921410e362a87e015b7db8a15aff368a0,1c592d408f9f926b0c0f777af07d002f277f196917e90d3acd8c3a1f44f7ff5b,234,234,640,512,True,121,0.00220980349185,179,35,189,45,3,benchmark_only,experimental_public_benchmark
GVF-2025-0727,jrsb4b9yy5_v1,CPEEK_PANEL_001,727,13.163636364,55.0,data/public_benchmark/images/frame_0727.png,data/public_benchmark/masks/frame_0727.png,05b7f3c63a3282d72c92f4f32ed560b79c0cc97845a7b27ebd876b7077ef30b4,1c592d408f9f926b0c0f777af07d002f277f196917e90d3acd8c3a1f44f7ff5b,234,234,640,512,True,121,0.00220980349185,179,35,189,45,3,benchmark_only,experimental_public_benchmark
GVF-2025-0728,jrsb4b9yy5_v1,CPEEK_PANEL_001,728,13.181818182,55.0,data/public_benchmark/images/frame_0728.png,data/public_benchmark/masks/frame_0728.png,d09bfc69257081a60dacfdaea2a237b75cccd51d3dcd761a948d78868687266b,1c592d408f9f926b0c0f777af07d002f277f196917e90d3acd8c3a1f44f7ff5b,234,234,640,512,True,121,0.00220980349185,179,35,189,45,3,benchmark_only,experimental_public_benchmark
GVF-2025-0729,jrsb4b9yy5_v1,CPEEK_PANEL_001,729,13.200000000,55.0,data/public_benchmark/images/frame_0729.png,data/public_benchmark/masks/frame_0729.png,fe207ac889b7c5508736a3294c060404b7c1e5df07652f4a340c03a18b01325e,1c592d408f9f926b0c0f777af07d002f277f196917e90d3acd8c3a1f44f7ff5b,234,234,640,512,True,121,0.00220980349185,179,35,189,45,3,benchmark_only,experimental_public_benchmark
GVF-2025-0730,jrsb4b9yy5_v1,CPEEK_PANEL_001,730,13.218181818,55.0,data/public_benchmark/images/frame_0730.png,data/public_benchmark/masks/frame_0730.png,12c58a11f30d182ea6dd26afec236ea6e117f5615c928b2707a4d51994cecc18,1c592d408f9f926b0c0f777af07d002f277f196917e90d3acd8c3a1f44f7ff5b,234,234,640,512,True,121,0.00220980349185,179,35,189,45,3,benchmark_only,experimental_public_benchmark
GVF-2025-0731,jrsb4b9yy5_v1,CPEEK_PANEL_001,731,13.236363636,55.0,data/public_benchmark/images/frame_0731.png,data/public_benchmark/masks/frame_0731.png,930ad186c13869119efb120dc31f0a2d38cd1d3a07ea4eb81fd46e4d9c53992e,1c592d408f9f926b0c0f777af07d002f277f196917e90d3acd8c3a1f44f7ff5b,234,234,640,512,True,121,0.00220980349185,179,35,189,45,3,benchmark_only,experimental_public_benchmark
GVF-2025-0732,jrsb4b9yy5_v1,CPEEK_PANEL_001,732,13.254545455,55.0,data/public_benchmark/images/frame_0732.png,data/public_benchmark/masks/frame_0732.png,33a1914d60e8bb35ce7d5022bb2698c84f264643e0a6b7a19406123bf228e43c,1c592d408f9f926b0c0f777af07d002f277f196917e90d3acd8c3a1f44f7ff5b,234,234,640,512,True,121,0.00220980349185,179,35,189,45,3,benchmark_only,experimental_public_benchmark
GVF-2025-0733,jrsb4b9yy5_v1,CPEEK_PANEL_001,733,13.272727273,55.0,data/public_benchmark/images/frame_0733.png,data/public_benchmark/masks/frame_0733.png,17c44752e12e1e9e860b37c042a7fe5d1d46bef0e5625adf63d5cfa33f81e9df,1c592d408f9f926b0c0f777af07d002f277f196917e90d3acd8c3a1f44f7ff5b,234,234,640,512,True,121,0.00220980349185,179,35,189,45,3,benchmark_only,experimental_public_benchmark
GVF-2025-0734,jrsb4b9yy5_v1,CPEEK_PANEL_001,734,13.290909091,55.0,data/public_benchmark/images/frame_0734.png,data/public_benchmark/masks/frame_0734.png,10e398bf66fae6346bc36c21f2c18748c6b590babebc470bf557e049bfb3020f,1c592d408f9f926b0c0f777af07d002f277f196917e90d3acd8c3a1f44f7ff5b,234,234,640,512,True,121,0.00220980349185,179,35,189,45,3,benchmark_only,experimental_public_benchmark
GVF-2025-0735,jrsb4b9yy5_v1,CPEEK_PANEL_001,735,13.309090909,55.0,data/public_benchmark/images/frame_0735.png,data/public_benchmark/masks/frame_0735.png,4056f9097faef616b604a7383540a0ddd17f34c9fb97325f8d5a8c659fb0b758,1c592d408f9f926b0c0f777af07d002f277f196917e90d3acd8c3a1f44f7ff5b,234,234,640,512,True,121,0.00220980349185,179,35,189,45,3,benchmark_only,experimental_public_benchmark
GVF-2025-0736,jrsb4b9yy5_v1,CPEEK_PANEL_001,736,13.327272727,55.0,data/public_benchmark/images/frame_0736.png,data/public_benchmark/masks/frame_0736.png,e6145b0970fb53207cb63e95ac4821d48fbeb98c7ebb58adddab875da5e752f7,1c592d408f9f926b0c0f777af07d002f277f196917e90d3acd8c3a1f44f7ff5b,234,234,640,512,True,121,0.00220980349185,179,35,189,45,3,benchmark_only,experimental_public_benchmark
GVF-2025-0737,jrsb4b9yy5_v1,CPEEK_PANEL_001,737,13.345454545,55.0,data/public_benchmark/images/frame_0737.png,data/public_benchmark/masks/frame_0737.png,8d5b377091572e1067c9f7ec933b7a19c4a0c9e013d729c8a75b495a427d3b42,1c592d408f9f926b0c0f777af07d002f277f196917e90d3acd8c3a1f44f7ff5b,234,234,640,512,True,121,0.00220980349185,179,35,189,45,3,benchmark_only,experimental_public_benchmark
GVF-2025-0738,jrsb4b9yy5_v1,CPEEK_PANEL_001,738,13.363636364,55.0,data/public_benchmark/images/frame_0738.png,data/public_benchmark/masks/frame_0738.png,d55a63c2c14fe45539c9aa9b6ede68f0e617ada4eb685e58f4ac436fc71a1717,1c592d408f9f926b0c0f777af07d002f277f196917e90d3acd8c3a1f44f7ff5b,234,234,640,512,True,121,0.00220980349185,179,35,189,45,3,benchmark_only,experimental_public_benchmark
GVF-2025-0739,jrsb4b9yy5_v1,CPEEK_PANEL_001,739,13.381818182,55.0,data/public_benchmark/images/frame_0739.png,data/public_benchmark/masks/frame_0739.png,8c5f4051cdee9308bf72335649606897d23fe56ba86308eeca1da60d536a7b2d,1c592d408f9f926b0c0f777af07d002f277f196917e90d3acd8c3a1f44f7ff5b,234,234,640,512,True,121,0.00220980349185,179,35,189,45,3,benchmark_only,experimental_public_benchmark
GVF-2025-0740,jrsb4b9yy5_v1,CPEEK_PANEL_001,740,13.400000000,55.0,data/public_benchmark/images/frame_0740.png,data/public_benchmark/masks/frame_0740.png,02b918c13bd3d86f629a3f7267469a8a38d69dc538f958ca421a3e53382964c7,1c592d408f9f926b0c0f777af07d002f277f196917e90d3acd8c3a1f44f7ff5b,234,234,640,512,True,121,0.00220980349185,179,35,189,45,3,benchmark_only,experimental_public_benchmark
GVF-2025-0741,jrsb4b9yy5_v1,CPEEK_PANEL_001,741,13.418181818,55.0,data/public_benchmark/images/frame_0741.png,data/public_benchmark/masks/frame_0741.png,e4b664cda975158182f81684fde5ab51ad64890f558930d9ca5f7ec5fb4d4e8c,1c592d408f9f926b0c0f777af07d002f277f196917e90d3acd8c3a1f44f7ff5b,234,234,640,512,True,121,0.00220980349185,179,35,189,45,3,benchmark_only,experimental_public_benchmark
GVF-2025-0742,jrsb4b9yy5_v1,CPEEK_PANEL_001,742,13.436363636,55.0,data/public_benchmark/images/frame_0742.png,data/public_benchmark/masks/frame_0742.png,b960a5eb9c42189f9d4da3e75d5098ac7619f566ce6193e173168a0e1e98c8af,1c592d408f9f926b0c0f777af07d002f277f196917e90d3acd8c3a1f44f7ff5b,234,234,640,512,True,121,0.00220980349185,179,35,189,45,3,benchmark_only,experimental_public_benchmark
GVF-2025-0743,jrsb4b9yy5_v1,CPEEK_PANEL_001,743,13.454545455,55.0,data/public_benchmark/images/frame_0743.png,data/public_benchmark/masks/frame_0743.png,2116bb86b07bca40cbfd1f019a99e93559e8c9e94e715111d773f8a34365fea4,1c592d408f9f926b0c0f777af07d002f277f196917e90d3acd8c3a1f44f7ff5b,234,234,640,512,True,121,0.00220980349185,179,35,189,45,3,benchmark_only,experimental_public_benchmark
GVF-2025-0744,jrsb4b9yy5_v1,CPEEK_PANEL_001,744,13.472727273,55.0,data/public_benchmark/images/frame_0744.png,data/public_benchmark/masks/frame_0744.png,49d954fd105b1981f2afab5088daf2dca8da6e868f5c96bfba80889da1039e61,1c592d408f9f926b0c0f777af07d002f277f196917e90d3acd8c3a1f44f7ff5b,234,234,640,512,True,121,0.00220980349185,179,35,189,45,3,benchmark_only,experimental_public_benchmark
GVF-2025-0745,jrsb4b9yy5_v1,CPEEK_PANEL_001,745,13.490909091,55.0,data/public_benchmark/images/frame_0745.png,data/public_benchmark/masks/frame_0745.png,ab94e6bbb1b647f52b18ae90f2daf5cf913ed0e138d99c57b16b331b03ece7cd,1c592d408f9f926b0c0f777af07d002f277f196917e90d3acd8c3a1f44f7ff5b,234,234,640,512,True,121,0.00220980349185,179,35,189,45,3,benchmark_only,experimental_public_benchmark
GVF-2025-0746,jrsb4b9yy5_v1,CPEEK_PANEL_001,746,13.509090909,55.0,data/public_benchmark/images/frame_0746.png,data/public_benchmark/masks/frame_0746.png,e5f9f2437160b8eea632231bfd417c96f0598028ac10bfd226090e01a594c393,1c592d408f9f926b0c0f777af07d002f277f196917e90d3acd8c3a1f44f7ff5b,234,234,640,512,True,121,0.00220980349185,179,35,189,45,3,benchmark_only,experimental_public_benchmark
GVF-2025-0747,jrsb4b9yy5_v1,CPEEK_PANEL_001,747,13.527272727,55.0,data/public_benchmark/images/frame_0747.png,data/public_benchmark/masks/frame_0747.png,f7a4195bdde174417edad903afda24f607d34d906eef286230498558ad0d54dd,1c592d408f9f926b0c0f777af07d002f277f196917e90d3acd8c3a1f44f7ff5b,234,234,640,512,True,121,0.00220980349185,179,35,189,45,3,benchmark_only,experimental_public_benchmark
GVF-2025-0748,jrsb4b9yy5_v1,CPEEK_PANEL_001,748,13.545454545,55.0,data/public_benchmark/images/frame_0748.png,data/public_benchmark/masks/frame_0748.png,b9763ef52cfe1dff51c9446bed29d5eca1ed0fe956d1f1c6efd1e0d47c694039,1c592d408f9f926b0c0f777af07d002f277f196917e90d3acd8c3a1f44f7ff5b,234,234,640,512,True,121,0.00220980349185,179,35,189,45,3,benchmark_only,experimental_public_benchmark
GVF-2025-0749,jrsb4b9yy5_v1,CPEEK_PANEL_001,749,13.563636364,55.0,data/public_benchmark/images/frame_0749.png,data/public_benchmark/masks/frame_0749.png,e89258fc46e36b2f52db19fd1d909244d1a9f4c837f2a9f29469ca8bf97aa170,1c592d408f9f926b0c0f777af07d002f277f196917e90d3acd8c3a1f44f7ff5b,234,234,640,512,True,121,0.00220980349185,179,35,189,45,3,benchmark_only,experimental_public_benchmark
GVF-2025-0750,jrsb4b9yy5_v1,CPEEK_PANEL_001,750,13.581818182,55.0,data/public_benchmark/images/frame_0750.png,data/public_benchmark/masks/frame_0750.png,c034ad0dc0e19c84a69103d59198cf90c90757d0d6c4e7562b26a31ff095f636,1c592d408f9f926b0c0f777af07d002f277f196917e90d3acd8c3a1f44f7ff5b,234,234,640,512,True,121,0.00220980349185,179,35,189,45,3,benchmark_only,experimental_public_benchmark
GVF-2025-0751,jrsb4b9yy5_v1,CPEEK_PANEL_001,751,13.600000000,55.0,data/public_benchmark/images/frame_0751.png,data/public_benchmark/masks/frame_0751.png,3db23f5492d6059812fbdbd36c154fc2fc6153755b56f9d9e0dea99555cc4f37,1c592d408f9f926b0c0f777af07d002f277f196917e90d3acd8c3a1f44f7ff5b,234,234,640,512,True,121,0.00220980349185,179,35,189,45,3,benchmark_only,experimental_public_benchmark
GVF-2025-0752,jrsb4b9yy5_v1,CPEEK_PANEL_001,752,13.618181818,55.0,data/public_benchmark/images/frame_0752.png,data/public_benchmark/masks/frame_0752.png,a6ffc88ee7cf92e5678201afc4af98c94088b8da0f8ab7991608bb58b190ead9,1c592d408f9f926b0c0f777af07d002f277f196917e90d3acd8c3a1f44f7ff5b,234,234,640,512,True,121,0.00220980349185,179,35,189,45,3,benchmark_only,experimental_public_benchmark
GVF-2025-0753,jrsb4b9yy5_v1,CPEEK_PANEL_001,753,13.636363636,55.0,data/public_benchmark/images/frame_0753.png,data/public_benchmark/masks/frame_0753.png,c83623777aec2a1ee520b1d1a365fa6329dcc48ad8671f05ec61526508ad3f46,1c592d408f9f926b0c0f777af07d002f277f196917e90d3acd8c3a1f44f7ff5b,234,234,640,512,True,121,0.00220980349185,179,35,189,45,3,benchmark_only,experimental_public_benchmark
GVF-2025-0754,jrsb4b9yy5_v1,CPEEK_PANEL_001,754,13.654545455,55.0,data/public_benchmark/images/frame_0754.png,data/public_benchmark/masks/frame_0754.png,07ad57e5f6142e63ecd1b542b2ada4a6af2165ff8baca41d83c5b2eced3d9e19,1c592d408f9f926b0c0f777af07d002f277f196917e90d3acd8c3a1f44f7ff5b,234,234,640,512,True,121,0.00220980349185,179,35,189,45,3,benchmark_only,experimental_public_benchmark
GVF-2025-0755,jrsb4b9yy5_v1,CPEEK_PANEL_001,755,13.672727273,55.0,data/public_benchmark/images/frame_0755.png,data/public_benchmark/masks/frame_0755.png,0f4722501ca5a28173b386fa66282dad1e10e3600a4bd12d911737f677d6dd3e,1c592d408f9f926b0c0f777af07d002f277f196917e90d3acd8c3a1f44f7ff5b,234,234,640,512,True,121,0.00220980349185,179,35,189,45,3,benchmark_only,experimental_public_benchmark
GVF-2025-0756,jrsb4b9yy5_v1,CPEEK_PANEL_001,756,13.690909091,55.0,data/public_benchmark/images/frame_0756.png,data/public_benchmark/masks/frame_0756.png,90ed3dc2ef384fbfaa25b19a90620975f7b74bbe6c59f942373bc483bf660931,1c592d408f9f926b0c0f777af07d002f277f196917e90d3acd8c3a1f44f7ff5b,234,234,640,512,True,121,0.00220980349185,179,35,189,45,3,benchmark_only,experimental_public_benchmark
GVF-2025-0757,jrsb4b9yy5_v1,CPEEK_PANEL_001,757,13.709090909,55.0,data/public_benchmark/images/frame_0757.png,data/public_benchmark/masks/frame_0757.png,62d4c3d85e1131c135175170278cd351e02883e2b0c77584dddcfeb784edba24,1c592d408f9f926b0c0f777af07d002f277f196917e90d3acd8c3a1f44f7ff5b,234,234,640,512,True,121,0.00220980349185,179,35,189,45,3,benchmark_only,experimental_public_benchmark
GVF-2025-0758,jrsb4b9yy5_v1,CPEEK_PANEL_001,758,13.727272727,55.0,data/public_benchmark/images/frame_0758.png,data/public_benchmark/masks/frame_0758.png,cf46e8ef06d1aec83470d86158773de4422cdbd9ad57aae9a734a036e1dd3fac,1c592d408f9f926b0c0f777af07d002f277f196917e90d3acd8c3a1f44f7ff5b,234,234,640,512,True,121,0.00220980349185,179,35,189,45,3,benchmark_only,experimental_public_benchmark
GVF-2025-0759,jrsb4b9yy5_v1,CPEEK_PANEL_001,759,13.745454545,55.0,data/public_benchmark/images/frame_0759.png,data/public_benchmark/masks/frame_0759.png,ba3180fcf176df9a796a773b67682af22c70b0e61215649298aa3723b0577b54,1c592d408f9f926b0c0f777af07d002f277f196917e90d3acd8c3a1f44f7ff5b,234,234,640,512,True,121,0.00220980349185,179,35,189,45,3,benchmark_only,experimental_public_benchmark
GVF-2025-0760,jrsb4b9yy5_v1,CPEEK_PANEL_001,760,13.763636364,55.0,data/public_benchmark/images/frame_0760.png,data/public_benchmark/masks/frame_0760.png,58ee2f5efa9122cc82f6522c1b53815af0ede9308678bc1814019eadce73511d,1c592d408f9f926b0c0f777af07d002f277f196917e90d3acd8c3a1f44f7ff5b,234,234,640,512,True,121,0.00220980349185,179,35,189,45,3,benchmark_only,experimental_public_benchmark
GVF-2025-0761,jrsb4b9yy5_v1,CPEEK_PANEL_001,761,13.781818182,55.0,data/public_benchmark/images/frame_0761.png,data/public_benchmark/masks/frame_0761.png,ae78fdaf6da71aebee53a419cd33d3650a4efc260254af07702415b7f67e517c,1c592d408f9f926b0c0f777af07d002f277f196917e90d3acd8c3a1f44f7ff5b,234,234,640,512,True,121,0.00220980349185,179,35,189,45,3,benchmark_only,experimental_public_benchmark
GVF-2025-0762,jrsb4b9yy5_v1,CPEEK_PANEL_001,762,13.800000000,55.0,data/public_benchmark/images/frame_0762.png,data/public_benchmark/masks/frame_0762.png,5bc8447f43b71a99ce56f0b4997179aeb3745381cf0587d57c49365b46ae4f6e,1c592d408f9f926b0c0f777af07d002f277f196917e90d3acd8c3a1f44f7ff5b,234,234,640,512,True,121,0.00220980349185,179,35,189,45,3,benchmark_only,experimental_public_benchmark
GVF-2025-0763,jrsb4b9yy5_v1,CPEEK_PANEL_001,763,13.818181818,55.0,data/public_benchmark/images/frame_0763.png,data/public_benchmark/masks/frame_0763.png,292d92084807921833973179c4c1411230ef95f7c45afa2eff10fe4f28d5713e,1c592d408f9f926b0c0f777af07d002f277f196917e90d3acd8c3a1f44f7ff5b,234,234,640,512,True,121,0.00220980349185,179,35,189,45,3,benchmark_only,experimental_public_benchmark
GVF-2025-0764,jrsb4b9yy5_v1,CPEEK_PANEL_001,764,13.836363636,55.0,data/public_benchmark/images/frame_0764.png,data/public_benchmark/masks/frame_0764.png,d4e4464192dc68cbe8462190e63184c14df6d7adcf9d7a89c5f5e17f1a4a5530,1c592d408f9f926b0c0f777af07d002f277f196917e90d3acd8c3a1f44f7ff5b,234,234,640,512,True,121,0.00220980349185,179,35,189,45,3,benchmark_only,experimental_public_benchmark
GVF-2025-0765,jrsb4b9yy5_v1,CPEEK_PANEL_001,765,13.854545455,55.0,data/public_benchmark/images/frame_0765.png,data/public_benchmark/masks/frame_0765.png,e0893c4929735c640489049c7c417a0c256e96008a2a6bb31e7f57d9cefa04be,1c592d408f9f926b0c0f777af07d002f277f196917e90d3acd8c3a1f44f7ff5b,234,234,640,512,True,121,0.00220980349185,179,35,189,45,3,benchmark_only,experimental_public_benchmark
GVF-2025-0766,jrsb4b9yy5_v1,CPEEK_PANEL_001,766,13.872727273,55.0,data/public_benchmark/images/frame_0766.png,data/public_benchmark/masks/frame_0766.png,a31176771c7404079a50997637bfe9626c17db3a2349b68f01dfaead14834623,1c592d408f9f926b0c0f777af07d002f277f196917e90d3acd8c3a1f44f7ff5b,234,234,640,512,True,121,0.00220980349185,179,35,189,45,3,benchmark_only,experimental_public_benchmark
GVF-2025-0767,jrsb4b9yy5_v1,CPEEK_PANEL_001,767,13.890909091,55.0,data/public_benchmark/images/frame_0767.png,data/public_benchmark/masks/frame_0767.png,709b11200064f7780ee50ee88f0501ae8813157da69b1f93fa5e08b5694c73e0,1c592d408f9f926b0c0f777af07d002f277f196917e90d3acd8c3a1f44f7ff5b,234,234,640,512,True,121,0.00220980349185,179,35,189,45,3,benchmark_only,experimental_public_benchmark
GVF-2025-0768,jrsb4b9yy5_v1,CPEEK_PANEL_001,768,13.909090909,55.0,data/public_benchmark/images/frame_0768.png,data/public_benchmark/masks/frame_0768.png,f2a5f771a4bed2325035aaafd68913815aed28fab3ee9367638a354946d76585,1c592d408f9f926b0c0f777af07d002f277f196917e90d3acd8c3a1f44f7ff5b,234,234,640,512,True,121,0.00220980349185,179,35,189,45,3,benchmark_only,experimental_public_benchmark
GVF-2025-0769,jrsb4b9yy5_v1,CPEEK_PANEL_001,769,13.927272727,55.0,data/public_benchmark/images/frame_0769.png,data/public_benchmark/masks/frame_0769.png,35fb522396a372ddd29bdec60a4ce4ca38c6232412d257bb68ae1de601833e05,1c592d408f9f926b0c0f777af07d002f277f196917e90d3acd8c3a1f44f7ff5b,234,234,640,512,True,121,0.00220980349185,179,35,189,45,3,benchmark_only,experimental_public_benchmark
GVF-2025-0770,jrsb4b9yy5_v1,CPEEK_PANEL_001,770,13.945454545,55.0,data/public_benchmark/images/frame_0770.png,data/public_benchmark/masks/frame_0770.png,9a57f330297c071a07eb3ee1b8c076951ad09c2b656bc49c33630f159de602b2,1c592d408f9f926b0c0f777af07d002f277f196917e90d3acd8c3a1f44f7ff5b,234,234,640,512,True,121,0.00220980349185,179,35,189,45,3,benchmark_only,experimental_public_benchmark
GVF-2025-0771,jrsb4b9yy5_v1,CPEEK_PANEL_001,771,13.963636364,55.0,data/public_benchmark/images/frame_0771.png,data/public_benchmark/masks/frame_0771.png,854bac5f4737caabca5594c0a4dc0a88eaf4654245c1054e24c0fdc7d8292f43,1c592d408f9f926b0c0f777af07d002f277f196917e90d3acd8c3a1f44f7ff5b,234,234,640,512,True,121,0.00220980349185,179,35,189,45,3,benchmark_only,experimental_public_benchmark
GVF-2025-0772,jrsb4b9yy5_v1,CPEEK_PANEL_001,772,13.981818182,55.0,data/public_benchmark/images/frame_0772.png,data/public_benchmark/masks/frame_0772.png,4bffb656c05e320c94892470023934a7dfe4ddee688d70fef6d4f79134c04666,1c592d408f9f926b0c0f777af07d002f277f196917e90d3acd8c3a1f44f7ff5b,234,234,640,512,True,121,0.00220980349185,179,35,189,45,3,benchmark_only,experimental_public_benchmark
GVF-2025-0773,jrsb4b9yy5_v1,CPEEK_PANEL_001,773,14.000000000,55.0,data/public_benchmark/images/frame_0773.png,data/public_benchmark/masks/frame_0773.png,9dd2204e4868c979423d9aefe653ee2833bc978b03585da4f36eea8bdb1736eb,1c592d408f9f926b0c0f777af07d002f277f196917e90d3acd8c3a1f44f7ff5b,234,234,640,512,True,121,0.00220980349185,179,35,189,45,3,benchmark_only,experimental_public_benchmark
GVF-2025-0774,jrsb4b9yy5_v1,CPEEK_PANEL_001,774,14.018181818,55.0,data/public_benchmark/images/frame_0774.png,data/public_benchmark/masks/frame_0774.png,fc6572edc66b5eaca28ac9ab2ff277b55ce6701ca4e0d014487666859141519d,1c592d408f9f926b0c0f777af07d002f277f196917e90d3acd8c3a1f44f7ff5b,234,234,640,512,True,121,0.00220980349185,179,35,189,45,3,benchmark_only,experimental_public_benchmark
GVF-2025-0775,jrsb4b9yy5_v1,CPEEK_PANEL_001,775,14.036363636,55.0,data/public_benchmark/images/frame_0775.png,data/public_benchmark/masks/frame_0775.png,ca193d3ff409dda43d74cc2c4a94f101caf314628f8b273e63fd8095198a4233,1c592d408f9f926b0c0f777af07d002f277f196917e90d3acd8c3a1f44f7ff5b,234,234,640,512,True,121,0.00220980349185,179,35,189,45,3,benchmark_only,experimental_public_benchmark
GVF-2025-0776,jrsb4b9yy5_v1,CPEEK_PANEL_001,776,14.054545455,55.0,data/public_benchmark/images/frame_0776.png,data/public_benchmark/masks/frame_0776.png,c7ad4ea73a7083b7e288637796e9607e24ac655c887225a4e641b76b80bde91a,1c592d408f9f926b0c0f777af07d002f277f196917e90d3acd8c3a1f44f7ff5b,234,234,640,512,True,121,0.00220980349185,179,35,189,45,3,benchmark_only,experimental_public_benchmark
GVF-2025-0777,jrsb4b9yy5_v1,CPEEK_PANEL_001,777,14.072727273,55.0,data/public_benchmark/images/frame_0777.png,data/public_benchmark/masks/frame_0777.png,ef220f1ce46621c12adc77a2bc6ff87a9a8957631b6fa56c6ac3a6fb0a2eed86,1c592d408f9f926b0c0f777af07d002f277f196917e90d3acd8c3a1f44f7ff5b,234,234,640,512,True,121,0.00220980349185,179,35,189,45,3,benchmark_only,experimental_public_benchmark
GVF-2025-0778,jrsb4b9yy5_v1,CPEEK_PANEL_001,778,14.090909091,55.0,data/public_benchmark/images/frame_0778.png,data/public_benchmark/masks/frame_0778.png,a4148fa826e16a2b192625059065e02c8f015dad628b478d56f5d1d6cf3f0e49,1c592d408f9f926b0c0f777af07d002f277f196917e90d3acd8c3a1f44f7ff5b,234,234,640,512,True,121,0.00220980349185,179,35,189,45,3,benchmark_only,experimental_public_benchmark
GVF-2025-0779,jrsb4b9yy5_v1,CPEEK_PANEL_001,779,14.109090909,55.0,data/public_benchmark/images/frame_0779.png,data/public_benchmark/masks/frame_0779.png,cd918b819964585b36a7dccd361c4ec53d3f759480027a28566ef3c6ac77c95a,1c592d408f9f926b0c0f777af07d002f277f196917e90d3acd8c3a1f44f7ff5b,234,234,640,512,True,121,0.00220980349185,179,35,189,45,3,benchmark_only,experimental_public_benchmark
GVF-2025-0780,jrsb4b9yy5_v1,CPEEK_PANEL_001,780,14.127272727,55.0,data/public_benchmark/images/frame_0780.png,data/public_benchmark/masks/frame_0780.png,256331184f4c62eff6694beecee3a0bdfa00ae1ef64a2bc5c70103c6283dc9d3,1c592d408f9f926b0c0f777af07d002f277f196917e90d3acd8c3a1f44f7ff5b,234,234,640,512,True,121,0.00220980349185,179,35,189,45,3,benchmark_only,experimental_public_benchmark
GVF-2025-0781,jrsb4b9yy5_v1,CPEEK_PANEL_001,781,14.145454545,55.0,data/public_benchmark/images/frame_0781.png,data/public_benchmark/masks/frame_0781.png,5bfc2d27fd84814898a7aa4bb7fa2bff8463978a675e7a27dd5283482365e647,1c592d408f9f926b0c0f777af07d002f277f196917e90d3acd8c3a1f44f7ff5b,234,234,640,512,True,121,0.00220980349185,179,35,189,45,3,benchmark_only,experimental_public_benchmark
GVF-2025-0782,jrsb4b9yy5_v1,CPEEK_PANEL_001,782,14.163636364,55.0,data/public_benchmark/images/frame_0782.png,data/public_benchmark/masks/frame_0782.png,4fc41bd04cc4bb91ae14467309e819ea26a1c9273142c40e7ac6a8c14e777c67,1c592d408f9f926b0c0f777af07d002f277f196917e90d3acd8c3a1f44f7ff5b,234,234,640,512,True,121,0.00220980349185,179,35,189,45,3,benchmark_only,experimental_public_benchmark
GVF-2025-0784,jrsb4b9yy5_v1,CPEEK_PANEL_001,784,14.200000000,55.0,data/public_benchmark/images/frame_0784.png,data/public_benchmark/masks/frame_0784.png,43aae08347932f4a73e1f8ad5d7a41085cb9e879888e22ba94e7cb0286d4df9d,1c592d408f9f926b0c0f777af07d002f277f196917e90d3acd8c3a1f44f7ff5b,234,234,640,512,True,121,0.00220980349185,179,35,189,45,3,benchmark_only,experimental_public_benchmark
GVF-2025-0785,jrsb4b9yy5_v1,CPEEK_PANEL_001,785,14.218181818,55.0,data/public_benchmark/images/frame_0785.png,data/public_benchmark/masks/frame_0785.png,8d17991e0de3800b3198386287056e6fda789d3745cd0fdde8ced0cdffe421dc,1c592d408f9f926b0c0f777af07d002f277f196917e90d3acd8c3a1f44f7ff5b,234,234,640,512,True,121,0.00220980349185,179,35,189,45,3,benchmark_only,experimental_public_benchmark
GVF-2025-0786,jrsb4b9yy5_v1,CPEEK_PANEL_001,786,14.236363636,55.0,data/public_benchmark/images/frame_0786.png,data/public_benchmark/masks/frame_0786.png,9525d69f5df736dab4fb4e7bcb5a0c8d3ef8d5fc1bbb6039d60d85e74de8db26,1c592d408f9f926b0c0f777af07d002f277f196917e90d3acd8c3a1f44f7ff5b,234,234,640,512,True,121,0.00220980349185,179,35,189,45,3,benchmark_only,experimental_public_benchmark
GVF-2025-0787,jrsb4b9yy5_v1,CPEEK_PANEL_001,787,14.254545455,55.0,data/public_benchmark/images/frame_0787.png,data/public_benchmark/masks/frame_0787.png,538f8fd03e31b7b89e140cc9dcb4b5e78ade0c8a72af75a7fd610187acc4273f,1c592d408f9f926b0c0f777af07d002f277f196917e90d3acd8c3a1f44f7ff5b,234,234,640,512,True,121,0.00220980349185,179,35,189,45,3,benchmark_only,experimental_public_benchmark
GVF-2025-0788,jrsb4b9yy5_v1,CPEEK_PANEL_001,788,14.272727273,55.0,data/public_benchmark/images/frame_0788.png,data/public_benchmark/masks/frame_0788.png,df4bfc69946bb65f482788523d95ac2acc6661d1738b5ae975d442024b5f5db5,1c592d408f9f926b0c0f777af07d002f277f196917e90d3acd8c3a1f44f7ff5b,234,234,640,512,True,121,0.00220980349185,179,35,189,45,3,benchmark_only,experimental_public_benchmark
GVF-2025-0789,jrsb4b9yy5_v1,CPEEK_PANEL_001,789,14.290909091,55.0,data/public_benchmark/images/frame_0789.png,data/public_benchmark/masks/frame_0789.png,4ce37ba0ab014f919f8034405ae83a3ce8ccebc0975717cb9d0aec7a7d138ca2,1c592d408f9f926b0c0f777af07d002f277f196917e90d3acd8c3a1f44f7ff5b,234,234,640,512,True,121,0.00220980349185,179,35,189,45,3,benchmark_only,experimental_public_benchmark
GVF-2025-0790,jrsb4b9yy5_v1,CPEEK_PANEL_001,790,14.309090909,55.0,data/public_benchmark/images/frame_0790.png,data/public_benchmark/masks/frame_0790.png,d31ca1b368de8443ff620e68b709e3f8b39291d7e7bac2b7f1ff2ab6c8c6792f,1c592d408f9f926b0c0f777af07d002f277f196917e90d3acd8c3a1f44f7ff5b,234,234,640,512,True,121,0.00220980349185,179,35,189,45,3,benchmark_only,experimental_public_benchmark
GVF-2025-0791,jrsb4b9yy5_v1,CPEEK_PANEL_001,791,14.327272727,55.0,data/public_benchmark/images/frame_0791.png,data/public_benchmark/masks/frame_0791.png,7cdc6bbfbf0af8411fd4fbc6b81452296518a5a6051de757f37fa85a878f293c,1c592d408f9f926b0c0f777af07d002f277f196917e90d3acd8c3a1f44f7ff5b,234,234,640,512,True,121,0.00220980349185,179,35,189,45,3,benchmark_only,experimental_public_benchmark
GVF-2025-0792,jrsb4b9yy5_v1,CPEEK_PANEL_001,792,14.345454545,55.0,data/public_benchmark/images/frame_0792.png,data/public_benchmark/masks/frame_0792.png,0a31dee3462909af48d69ebe6aaea477489f843a4d93c6486567f5778952cfa0,1c592d408f9f926b0c0f777af07d002f277f196917e90d3acd8c3a1f44f7ff5b,234,234,640,512,True,121,0.00220980349185,179,35,189,45,3,benchmark_only,experimental_public_benchmark
GVF-2025-0793,jrsb4b9yy5_v1,CPEEK_PANEL_001,793,14.363636364,55.0,data/public_benchmark/images/frame_0793.png,data/public_benchmark/masks/frame_0793.png,42b9c169cae0cf2228494594df25e5b495e73e6baa750f547b1e552effd8b399,1c592d408f9f926b0c0f777af07d002f277f196917e90d3acd8c3a1f44f7ff5b,234,234,640,512,True,121,0.00220980349185,179,35,189,45,3,benchmark_only,experimental_public_benchmark
GVF-2025-0794,jrsb4b9yy5_v1,CPEEK_PANEL_001,794,14.381818182,55.0,data/public_benchmark/images/frame_0794.png,data/public_benchmark/masks/frame_0794.png,01b2b448b42b46f923e0d7d387aaf3f57adf888841a1a470974aa70df6b5e777,1c592d408f9f926b0c0f777af07d002f277f196917e90d3acd8c3a1f44f7ff5b,234,234,640,512,True,121,0.00220980349185,179,35,189,45,3,benchmark_only,experimental_public_benchmark
GVF-2025-0795,jrsb4b9yy5_v1,CPEEK_PANEL_001,795,14.400000000,55.0,data/public_benchmark/images/frame_0795.png,data/public_benchmark/masks/frame_0795.png,ca804f8f74fab44e31b5bc5e6b148255c21660ab3d9ed347f53efe491085f391,1c592d408f9f926b0c0f777af07d002f277f196917e90d3acd8c3a1f44f7ff5b,234,234,640,512,True,121,0.00220980349185,179,35,189,45,3,benchmark_only,experimental_public_benchmark
GVF-2025-0796,jrsb4b9yy5_v1,CPEEK_PANEL_001,796,14.418181818,55.0,data/public_benchmark/images/frame_0796.png,data/public_benchmark/masks/frame_0796.png,f1af989089ce828ac1e1565bf7be4dd4203dc41b55305870f648a58c150226df,1c592d408f9f926b0c0f777af07d002f277f196917e90d3acd8c3a1f44f7ff5b,234,234,640,512,True,121,0.00220980349185,179,35,189,45,3,benchmark_only,experimental_public_benchmark
GVF-2025-0797,jrsb4b9yy5_v1,CPEEK_PANEL_001,797,14.436363636,55.0,data/public_benchmark/images/frame_0797.png,data/public_benchmark/masks/frame_0797.png,0e126a9cd2e0e121d22f4e90c6e7bcaa288e6afaff26b505d013eac137c5f7c9,1c592d408f9f926b0c0f777af07d002f277f196917e90d3acd8c3a1f44f7ff5b,234,234,640,512,True,121,0.00220980349185,179,35,189,45,3,benchmark_only,experimental_public_benchmark
GVF-2025-0798,jrsb4b9yy5_v1,CPEEK_PANEL_001,798,14.454545455,55.0,data/public_benchmark/images/frame_0798.png,data/public_benchmark/masks/frame_0798.png,3aee2c3c86aeaec4b6f9c29152ebe1ae87adc2ab56aed5c13c32d270eae63995,1c592d408f9f926b0c0f777af07d002f277f196917e90d3acd8c3a1f44f7ff5b,234,234,640,512,True,121,0.00220980349185,179,35,189,45,3,benchmark_only,experimental_public_benchmark
GVF-2025-0799,jrsb4b9yy5_v1,CPEEK_PANEL_001,799,14.472727273,55.0,data/public_benchmark/images/frame_0799.png,data/public_benchmark/masks/frame_0799.png,daf942a3fd9e012c09b3af9ce38af22df4a2603cba3066090e40774e67aa4976,1c592d408f9f926b0c0f777af07d002f277f196917e90d3acd8c3a1f44f7ff5b,234,234,640,512,True,121,0.00220980349185,179,35,189,45,3,benchmark_only,experimental_public_benchmark
GVF-2025-0800,jrsb4b9yy5_v1,CPEEK_PANEL_001,800,14.490909091,55.0,data/public_benchmark/images/frame_0800.png,data/public_benchmark/masks/frame_0800.png,0b0b6cc43dcebbbb8f7633e52080641db8d682e8ce5971c0dda7e65a815b4441,1c592d408f9f926b0c0f777af07d002f277f196917e90d3acd8c3a1f44f7ff5b,234,234,640,512,True,121,0.00220980349185,179,35,189,45,3,benchmark_only,experimental_public_benchmark
GVF-2025-0801,jrsb4b9yy5_v1,CPEEK_PANEL_001,801,14.509090909,55.0,data/public_benchmark/images/frame_0801.png,data/public_benchmark/masks/frame_0801.png,72715ea24c594698181f3ecba4b7da5903f38994d2c2c2018ccf67e96f1e2c05,a9b8f83672b8f59bd4b08922c1d35502406a5c2266d01b2921b89c3c4f50736a,234,234,640,512,False,0,0,,,,,3,benchmark_only,experimental_public_benchmark
GVF-2025-0802,jrsb4b9yy5_v1,CPEEK_PANEL_001,802,14.527272727,55.0,data/public_benchmark/images/frame_0802.png,data/public_benchmark/masks/frame_0802.png,0419425cb9f2c7248d96c5fc6006d3ce0bd08764effb1c34985f3bbddbc98122,a9b8f83672b8f59bd4b08922c1d35502406a5c2266d01b2921b89c3c4f50736a,234,234,640,512,False,0,0,,,,,3,benchmark_only,experimental_public_benchmark
GVF-2025-0803,jrsb4b9yy5_v1,CPEEK_PANEL_001,803,14.545454545,55.0,data/public_benchmark/images/frame_0803.png,data/public_benchmark/masks/frame_0803.png,5e11877ecf3ad82e3e389c772d1ee3c0ebd6b326a987211f0d29e10d9670e11f,a9b8f83672b8f59bd4b08922c1d35502406a5c2266d01b2921b89c3c4f50736a,234,234,640,512,False,0,0,,,,,3,benchmark_only,experimental_public_benchmark
GVF-2025-0804,jrsb4b9yy5_v1,CPEEK_PANEL_001,804,14.563636364,55.0,data/public_benchmark/images/frame_0804.png,data/public_benchmark/masks/frame_0804.png,835620abe4dc1c8421b82e00466a775f520ba0fef67306eeb132fb57cb391e12,a9b8f83672b8f59bd4b08922c1d35502406a5c2266d01b2921b89c3c4f50736a,234,234,640,512,False,0,0,,,,,3,benchmark_only,experimental_public_benchmark
GVF-2025-0805,jrsb4b9yy5_v1,CPEEK_PANEL_001,805,14.581818182,55.0,data/public_benchmark/images/frame_0805.png,data/public_benchmark/masks/frame_0805.png,ca57f52d2e528000435e4ae310ec9316af8c3bb9a5b0edcaaf82a4a3cbe944c0,a9b8f83672b8f59bd4b08922c1d35502406a5c2266d01b2921b89c3c4f50736a,234,234,640,512,False,0,0,,,,,3,benchmark_only,experimental_public_benchmark
GVF-2025-0806,jrsb4b9yy5_v1,CPEEK_PANEL_001,806,14.600000000,55.0,data/public_benchmark/images/frame_0806.png,data/public_benchmark/masks/frame_0806.png,c781a89c1ecf78764cc03e06ec0c27aa3de120756dd4b65fd859c38b0f37b125,a9b8f83672b8f59bd4b08922c1d35502406a5c2266d01b2921b89c3c4f50736a,234,234,640,512,False,0,0,,,,,3,benchmark_only,experimental_public_benchmark
GVF-2025-0807,jrsb4b9yy5_v1,CPEEK_PANEL_001,807,14.618181818,55.0,data/public_benchmark/images/frame_0807.png,data/public_benchmark/masks/frame_0807.png,771ad21baad7432573145a8440fe4c9646a6e2d23c2e3e6cb7bc981e11aa774c,a9b8f83672b8f59bd4b08922c1d35502406a5c2266d01b2921b89c3c4f50736a,234,234,640,512,False,0,0,,,,,3,benchmark_only,experimental_public_benchmark
GVF-2025-0808,jrsb4b9yy5_v1,CPEEK_PANEL_001,808,14.636363636,55.0,data/public_benchmark/images/frame_0808.png,data/public_benchmark/masks/frame_0808.png,660d81e81654adc02f745a79d1cbaf3cb4f5dd10ed72239ab2f8045195cd167c,a9b8f83672b8f59bd4b08922c1d35502406a5c2266d01b2921b89c3c4f50736a,234,234,640,512,False,0,0,,,,,3,benchmark_only,experimental_public_benchmark
GVF-2025-0809,jrsb4b9yy5_v1,CPEEK_PANEL_001,809,14.654545455,55.0,data/public_benchmark/images/frame_0809.png,data/public_benchmark/masks/frame_0809.png,59be791724eef3ec471e4d6f2996c904f984e59251790f80d7262a1dc08d4273,a9b8f83672b8f59bd4b08922c1d35502406a5c2266d01b2921b89c3c4f50736a,234,234,640,512,False,0,0,,,,,3,benchmark_only,experimental_public_benchmark
GVF-2025-0810,jrsb4b9yy5_v1,CPEEK_PANEL_001,810,14.672727273,55.0,data/public_benchmark/images/frame_0810.png,data/public_benchmark/masks/frame_0810.png,c119090a8add4baa28c06b328fed726c5e520568be2c03b1eeb4916e2d481068,a9b8f83672b8f59bd4b08922c1d35502406a5c2266d01b2921b89c3c4f50736a,234,234,640,512,False,0,0,,,,,3,benchmark_only,experimental_public_benchmark
GVF-2025-0811,jrsb4b9yy5_v1,CPEEK_PANEL_001,811,14.690909091,55.0,data/public_benchmark/images/frame_0811.png,data/public_benchmark/masks/frame_0811.png,66a5b20eec318dd266fd1e2167695c5c598e35bd691f4209299200c289f831b9,a9b8f83672b8f59bd4b08922c1d35502406a5c2266d01b2921b89c3c4f50736a,234,234,640,512,False,0,0,,,,,3,benchmark_only,experimental_public_benchmark
GVF-2025-0812,jrsb4b9yy5_v1,CPEEK_PANEL_001,812,14.709090909,55.0,data/public_benchmark/images/frame_0812.png,data/public_benchmark/masks/frame_0812.png,3a799de5ae66431fd5793dfa83f1f021f36bbaa2a7d436d7f2cca03b034985cb,a9b8f83672b8f59bd4b08922c1d35502406a5c2266d01b2921b89c3c4f50736a,234,234,640,512,False,0,0,,,,,3,benchmark_only,experimental_public_benchmark
GVF-2025-0813,jrsb4b9yy5_v1,CPEEK_PANEL_001,813,14.727272727,55.0,data/public_benchmark/images/frame_0813.png,data/public_benchmark/masks/frame_0813.png,be133692e816dd6f64896bc3092d0aa80e686873930dae24b2e83cdcecf42e1d,a9b8f83672b8f59bd4b08922c1d35502406a5c2266d01b2921b89c3c4f50736a,234,234,640,512,False,0,0,,,,,3,benchmark_only,experimental_public_benchmark
GVF-2025-0814,jrsb4b9yy5_v1,CPEEK_PANEL_001,814,14.745454545,55.0,data/public_benchmark/images/frame_0814.png,data/public_benchmark/masks/frame_0814.png,94a89b9b09f9473057453c88638c710958a026749d7efbef0d61d53ea4204355,a9b8f83672b8f59bd4b08922c1d35502406a5c2266d01b2921b89c3c4f50736a,234,234,640,512,False,0,0,,,,,3,benchmark_only,experimental_public_benchmark
GVF-2025-0815,jrsb4b9yy5_v1,CPEEK_PANEL_001,815,14.763636364,55.0,data/public_benchmark/images/frame_0815.png,data/public_benchmark/masks/frame_0815.png,a825779e33db649875ec2fea3c7e074c151a5c778a2c572613263dda46857157,a9b8f83672b8f59bd4b08922c1d35502406a5c2266d01b2921b89c3c4f50736a,234,234,640,512,False,0,0,,,,,3,benchmark_only,experimental_public_benchmark
GVF-2025-0816,jrsb4b9yy5_v1,CPEEK_PANEL_001,816,14.781818182,55.0,data/public_benchmark/images/frame_0816.png,data/public_benchmark/masks/frame_0816.png,4c6628fda23f9049c23a3ddb80fc212d02222efe0c7781a521e898f5bf35e03b,a9b8f83672b8f59bd4b08922c1d35502406a5c2266d01b2921b89c3c4f50736a,234,234,640,512,False,0,0,,,,,3,benchmark_only,experimental_public_benchmark
GVF-2025-0817,jrsb4b9yy5_v1,CPEEK_PANEL_001,817,14.800000000,55.0,data/public_benchmark/images/frame_0817.png,data/public_benchmark/masks/frame_0817.png,ea24e51aaeed1f51285307c5409d1606e6edbdab8c0b0fbe613f5b5885f5d4b7,a9b8f83672b8f59bd4b08922c1d35502406a5c2266d01b2921b89c3c4f50736a,234,234,640,512,False,0,0,,,,,3,benchmark_only,experimental_public_benchmark
GVF-2025-0818,jrsb4b9yy5_v1,CPEEK_PANEL_001,818,14.818181818,55.0,data/public_benchmark/images/frame_0818.png,data/public_benchmark/masks/frame_0818.png,ebfbe1a5e52a9c6e1c4ccd6e8f53c9d81a7b0e54ab1fc2f76c76307a20698a1d,a9b8f83672b8f59bd4b08922c1d35502406a5c2266d01b2921b89c3c4f50736a,234,234,640,512,False,0,0,,,,,3,benchmark_only,experimental_public_benchmark
GVF-2025-0819,jrsb4b9yy5_v1,CPEEK_PANEL_001,819,14.836363636,55.0,data/public_benchmark/images/frame_0819.png,data/public_benchmark/masks/frame_0819.png,3e2d7bb1d547963b586b27da6e62b809ea939d7bbdda49965934ec63532aa705,a9b8f83672b8f59bd4b08922c1d35502406a5c2266d01b2921b89c3c4f50736a,234,234,640,512,False,0,0,,,,,3,benchmark_only,experimental_public_benchmark
GVF-2025-0820,jrsb4b9yy5_v1,CPEEK_PANEL_001,820,14.854545455,55.0,data/public_benchmark/images/frame_0820.png,data/public_benchmark/masks/frame_0820.png,8c06a61c6bbec3c011c8c361244f870075e364fbe5fd42b3974204d5c47c1b35,a9b8f83672b8f59bd4b08922c1d35502406a5c2266d01b2921b89c3c4f50736a,234,234,640,512,False,0,0,,,,,3,benchmark_only,experimental_public_benchmark
GVF-2025-0821,jrsb4b9yy5_v1,CPEEK_PANEL_001,821,14.872727273,55.0,data/public_benchmark/images/frame_0821.png,data/public_benchmark/masks/frame_0821.png,96706be12652fecb48d15ba680c4853fea53b2716c7ebebc5b8412104f48e4d8,a9b8f83672b8f59bd4b08922c1d35502406a5c2266d01b2921b89c3c4f50736a,234,234,640,512,False,0,0,,,,,3,benchmark_only,experimental_public_benchmark
GVF-2025-0822,jrsb4b9yy5_v1,CPEEK_PANEL_001,822,14.890909091,55.0,data/public_benchmark/images/frame_0822.png,data/public_benchmark/masks/frame_0822.png,97d140b705da09c1ffda27f82887d6c3587248feccc7c30bc777893012336c5d,a9b8f83672b8f59bd4b08922c1d35502406a5c2266d01b2921b89c3c4f50736a,234,234,640,512,False,0,0,,,,,3,benchmark_only,experimental_public_benchmark
GVF-2025-0823,jrsb4b9yy5_v1,CPEEK_PANEL_001,823,14.909090909,55.0,data/public_benchmark/images/frame_0823.png,data/public_benchmark/masks/frame_0823.png,48ed15dd567c4964e791ad5c3a17b03ccbdf830204a3a6126cc26bfb8048d775,a9b8f83672b8f59bd4b08922c1d35502406a5c2266d01b2921b89c3c4f50736a,234,234,640,512,False,0,0,,,,,3,benchmark_only,experimental_public_benchmark
GVF-2025-0824,jrsb4b9yy5_v1,CPEEK_PANEL_001,824,14.927272727,55.0,data/public_benchmark/images/frame_0824.png,data/public_benchmark/masks/frame_0824.png,b9e26ed0119302cdba96bdbc77a9ba2e0493abfe76e613860e1a4a83ebaae471,a9b8f83672b8f59bd4b08922c1d35502406a5c2266d01b2921b89c3c4f50736a,234,234,640,512,False,0,0,,,,,3,benchmark_only,experimental_public_benchmark
GVF-2025-0825,jrsb4b9yy5_v1,CPEEK_PANEL_001,825,14.945454545,55.0,data/public_benchmark/images/frame_0825.png,data/public_benchmark/masks/frame_0825.png,8dc3641155a5fad6c57d23b6dd4fc66830e80cc5cc3f7d991196a1a982eca876,a9b8f83672b8f59bd4b08922c1d35502406a5c2266d01b2921b89c3c4f50736a,234,234,640,512,False,0,0,,,,,3,benchmark_only,experimental_public_benchmark
GVF-2025-0826,jrsb4b9yy5_v1,CPEEK_PANEL_001,826,14.963636364,55.0,data/public_benchmark/images/frame_0826.png,data/public_benchmark/masks/frame_0826.png,c7573b4ed3e168ee7e4f5894c9a8a4927cc3a4550f67b0264ff01c8cfb00220d,a9b8f83672b8f59bd4b08922c1d35502406a5c2266d01b2921b89c3c4f50736a,234,234,640,512,False,0,0,,,,,3,benchmark_only,experimental_public_benchmark
GVF-2025-0827,jrsb4b9yy5_v1,CPEEK_PANEL_001,827,14.981818182,55.0,data/public_benchmark/images/frame_0827.png,data/public_benchmark/masks/frame_0827.png,017d7ca8eb7cba059a39f45a7de1ff1990019c6b1b9612ca356c162cae3f4d74,a9b8f83672b8f59bd4b08922c1d35502406a5c2266d01b2921b89c3c4f50736a,234,234,640,512,False,0,0,,,,,3,benchmark_only,experimental_public_benchmark
GVF-2025-0828,jrsb4b9yy5_v1,CPEEK_PANEL_001,828,15.000000000,55.0,data/public_benchmark/images/frame_0828.png,data/public_benchmark/masks/frame_0828.png,cd7670fe36f1db11a087cfce92bba4dd14c223335169a8739fb5d03ed00cdba2,a9b8f83672b8f59bd4b08922c1d35502406a5c2266d01b2921b89c3c4f50736a,234,234,640,512,False,0,0,,,,,3,benchmark_only,experimental_public_benchmark
GVF-2025-0829,jrsb4b9yy5_v1,CPEEK_PANEL_001,829,15.018181818,55.0,data/public_benchmark/images/frame_0829.png,data/public_benchmark/masks/frame_0829.png,74a4cfb25e4fa371fed281e594c8c3a2ff5c00658b036d6c664c3f2234e0a9dd,a9b8f83672b8f59bd4b08922c1d35502406a5c2266d01b2921b89c3c4f50736a,234,234,640,512,False,0,0,,,,,3,benchmark_only,experimental_public_benchmark
GVF-2025-0830,jrsb4b9yy5_v1,CPEEK_PANEL_001,830,15.036363636,55.0,data/public_benchmark/images/frame_0830.png,data/public_benchmark/masks/frame_0830.png,b5bf0cf44ecc765ca18d88cfdd35655308df4738a90bd31647e3983176502d6c,a9b8f83672b8f59bd4b08922c1d35502406a5c2266d01b2921b89c3c4f50736a,234,234,640,512,False,0,0,,,,,3,benchmark_only,experimental_public_benchmark
GVF-2025-0831,jrsb4b9yy5_v1,CPEEK_PANEL_001,831,15.054545455,55.0,data/public_benchmark/images/frame_0831.png,data/public_benchmark/masks/frame_0831.png,1cf40713a7fba14f339d8b829d2ae67b96d2b57a72e71c1062c3a69e3c6f584c,a9b8f83672b8f59bd4b08922c1d35502406a5c2266d01b2921b89c3c4f50736a,234,234,640,512,False,0,0,,,,,3,benchmark_only,experimental_public_benchmark
GVF-2025-0832,jrsb4b9yy5_v1,CPEEK_PANEL_001,832,15.072727273,55.0,data/public_benchmark/images/frame_0832.png,data/public_benchmark/masks/frame_0832.png,0844d9320718bb4e0ff4abf5c69ce8efd5d554a30dc7bbe105c29739fda4f60e,a9b8f83672b8f59bd4b08922c1d35502406a5c2266d01b2921b89c3c4f50736a,234,234,640,512,False,0,0,,,,,3,benchmark_only,experimental_public_benchmark
GVF-2025-0833,jrsb4b9yy5_v1,CPEEK_PANEL_001,833,15.090909091,55.0,data/public_benchmark/images/frame_0833.png,data/public_benchmark/masks/frame_0833.png,c9bd03952c6067a0d8593ac442c359208c04d87bbdc88c52a267386e064add02,a9b8f83672b8f59bd4b08922c1d35502406a5c2266d01b2921b89c3c4f50736a,234,234,640,512,False,0,0,,,,,3,benchmark_only,experimental_public_benchmark
GVF-2025-0834,jrsb4b9yy5_v1,CPEEK_PANEL_001,834,15.109090909,55.0,data/public_benchmark/images/frame_0834.png,data/public_benchmark/masks/frame_0834.png,786c45c573dcfd492f5b44a25a83e0be15ca1f1aba88015d9f4924f8a4e3d871,a9b8f83672b8f59bd4b08922c1d35502406a5c2266d01b2921b89c3c4f50736a,234,234,640,512,False,0,0,,,,,3,benchmark_only,experimental_public_benchmark
GVF-2025-0835,jrsb4b9yy5_v1,CPEEK_PANEL_001,835,15.127272727,55.0,data/public_benchmark/images/frame_0835.png,data/public_benchmark/masks/frame_0835.png,9035d665415b5a8ec04d05ceadd3102e6731a1194542184bd610e256f6093c5d,a9b8f83672b8f59bd4b08922c1d35502406a5c2266d01b2921b89c3c4f50736a,234,234,640,512,False,0,0,,,,,3,benchmark_only,experimental_public_benchmark
GVF-2025-0836,jrsb4b9yy5_v1,CPEEK_PANEL_001,836,15.145454545,55.0,data/public_benchmark/images/frame_0836.png,data/public_benchmark/masks/frame_0836.png,61c5942fe20c7c34ba4c28f7cc74711d0f86b5b0ba91642edbaca127d40c0ee0,a9b8f83672b8f59bd4b08922c1d35502406a5c2266d01b2921b89c3c4f50736a,234,234,640,512,False,0,0,,,,,3,benchmark_only,experimental_public_benchmark
GVF-2025-0837,jrsb4b9yy5_v1,CPEEK_PANEL_001,837,15.163636364,55.0,data/public_benchmark/images/frame_0837.png,data/public_benchmark/masks/frame_0837.png,757322f31b1bdc11024315b88bbc1aef98ae5485c17bb6699af1ccdaf4081192,a9b8f83672b8f59bd4b08922c1d35502406a5c2266d01b2921b89c3c4f50736a,234,234,640,512,False,0,0,,,,,3,benchmark_only,experimental_public_benchmark
GVF-2025-0838,jrsb4b9yy5_v1,CPEEK_PANEL_001,838,15.181818182,55.0,data/public_benchmark/images/frame_0838.png,data/public_benchmark/masks/frame_0838.png,5aca71d87cc1f32250f48e7a7307b664c7b0a9626eb94480f8bc891e531b95f4,a9b8f83672b8f59bd4b08922c1d35502406a5c2266d01b2921b89c3c4f50736a,234,234,640,512,False,0,0,,,,,3,benchmark_only,experimental_public_benchmark
GVF-2025-0839,jrsb4b9yy5_v1,CPEEK_PANEL_001,839,15.200000000,55.0,data/public_benchmark/images/frame_0839.png,data/public_benchmark/masks/frame_0839.png,95afa03c2dc1e47dab596f887ca676dbd056f29a6d7257be9a37a7528776dd28,a9b8f83672b8f59bd4b08922c1d35502406a5c2266d01b2921b89c3c4f50736a,234,234,640,512,False,0,0,,,,,3,benchmark_only,experimental_public_benchmark
GVF-2025-0840,jrsb4b9yy5_v1,CPEEK_PANEL_001,840,15.218181818,55.0,data/public_benchmark/images/frame_0840.png,data/public_benchmark/masks/frame_0840.png,1e5fad673ada50e49bab6fa2399a85341cd35c2c571edb0da876592318e982ea,a9b8f83672b8f59bd4b08922c1d35502406a5c2266d01b2921b89c3c4f50736a,234,234,640,512,False,0,0,,,,,3,benchmark_only,experimental_public_benchmark
GVF-2025-0841,jrsb4b9yy5_v1,CPEEK_PANEL_001,841,15.236363636,55.0,data/public_benchmark/images/frame_0841.png,data/public_benchmark/masks/frame_0841.png,81c1e4354057a07c7e0b3b281d51c7b2e566c0ea33cf9c1faf4a15c502020f62,a9b8f83672b8f59bd4b08922c1d35502406a5c2266d01b2921b89c3c4f50736a,234,234,640,512,False,0,0,,,,,3,benchmark_only,experimental_public_benchmark
GVF-2025-0842,jrsb4b9yy5_v1,CPEEK_PANEL_001,842,15.254545455,55.0,data/public_benchmark/images/frame_0842.png,data/public_benchmark/masks/frame_0842.png,f69ff0c676b9c3c99d084f23f8c3299a41d30c9f3dfa25c159c41ce3b9ae80a6,a9b8f83672b8f59bd4b08922c1d35502406a5c2266d01b2921b89c3c4f50736a,234,234,640,512,False,0,0,,,,,3,benchmark_only,experimental_public_benchmark
GVF-2025-0843,jrsb4b9yy5_v1,CPEEK_PANEL_001,843,15.272727273,55.0,data/public_benchmark/images/frame_0843.png,data/public_benchmark/masks/frame_0843.png,41389df41e8b945f9232d809663fd11f195952340a334b2799f922aa489ecf36,a9b8f83672b8f59bd4b08922c1d35502406a5c2266d01b2921b89c3c4f50736a,234,234,640,512,False,0,0,,,,,4,benchmark_only,experimental_public_benchmark
GVF-2025-0844,jrsb4b9yy5_v1,CPEEK_PANEL_001,844,15.290909091,55.0,data/public_benchmark/images/frame_0844.png,data/public_benchmark/masks/frame_0844.png,26bd8fbb5491178f5db5348f6f3d1ba20f4dd400367f7049a0cfaa83401f309d,a9b8f83672b8f59bd4b08922c1d35502406a5c2266d01b2921b89c3c4f50736a,234,234,640,512,False,0,0,,,,,4,benchmark_only,experimental_public_benchmark
GVF-2025-0845,jrsb4b9yy5_v1,CPEEK_PANEL_001,845,15.309090909,55.0,data/public_benchmark/images/frame_0845.png,data/public_benchmark/masks/frame_0845.png,41e54e63748d552f87a287b869b97f9973d9c07d28468676d4b48f446be55f8d,a9b8f83672b8f59bd4b08922c1d35502406a5c2266d01b2921b89c3c4f50736a,234,234,640,512,False,0,0,,,,,4,benchmark_only,experimental_public_benchmark
GVF-2025-0846,jrsb4b9yy5_v1,CPEEK_PANEL_001,846,15.327272727,55.0,data/public_benchmark/images/frame_0846.png,data/public_benchmark/masks/frame_0846.png,75365ca54e7e8ff81671d465021ccecf836764e38015037bfa94f0ab7e91b720,a9b8f83672b8f59bd4b08922c1d35502406a5c2266d01b2921b89c3c4f50736a,234,234,640,512,False,0,0,,,,,4,benchmark_only,experimental_public_benchmark
GVF-2025-0847,jrsb4b9yy5_v1,CPEEK_PANEL_001,847,15.345454545,55.0,data/public_benchmark/images/frame_0847.png,data/public_benchmark/masks/frame_0847.png,9824bec4f52d8b0190029cb7027ba35764ed300b55f2719f4bcf26288ebc4c40,a9b8f83672b8f59bd4b08922c1d35502406a5c2266d01b2921b89c3c4f50736a,234,234,640,512,False,0,0,,,,,4,benchmark_only,experimental_public_benchmark
GVF-2025-0848,jrsb4b9yy5_v1,CPEEK_PANEL_001,848,15.363636364,55.0,data/public_benchmark/images/frame_0848.png,data/public_benchmark/masks/frame_0848.png,3fd0a5f705b2e2eca21dac0109e2f3052b8fc9c6866a7fad73bd562b1785fb44,a9b8f83672b8f59bd4b08922c1d35502406a5c2266d01b2921b89c3c4f50736a,234,234,640,512,False,0,0,,,,,4,benchmark_only,experimental_public_benchmark
GVF-2025-0849,jrsb4b9yy5_v1,CPEEK_PANEL_001,849,15.381818182,55.0,data/public_benchmark/images/frame_0849.png,data/public_benchmark/masks/frame_0849.png,47a7b0e596787d782713ff95df9b5c8ef5c0b244b372fb5484bc4acc01283013,a9b8f83672b8f59bd4b08922c1d35502406a5c2266d01b2921b89c3c4f50736a,234,234,640,512,False,0,0,,,,,4,benchmark_only,experimental_public_benchmark
GVF-2025-0850,jrsb4b9yy5_v1,CPEEK_PANEL_001,850,15.400000000,55.0,data/public_benchmark/images/frame_0850.png,data/public_benchmark/masks/frame_0850.png,c0037cc4c8542a7eb9c6daa43644b5296e9bbd6572991fe2ab2d375f552fc95e,a9b8f83672b8f59bd4b08922c1d35502406a5c2266d01b2921b89c3c4f50736a,234,234,640,512,False,0,0,,,,,4,benchmark_only,experimental_public_benchmark
GVF-2025-0851,jrsb4b9yy5_v1,CPEEK_PANEL_001,851,15.418181818,55.0,data/public_benchmark/images/frame_0851.png,data/public_benchmark/masks/frame_0851.png,7b4071a90339c2b8e6f4ece07809f68da2772124e08f70154d53102a3112cdcf,a9b8f83672b8f59bd4b08922c1d35502406a5c2266d01b2921b89c3c4f50736a,234,234,640,512,False,0,0,,,,,4,benchmark_only,experimental_public_benchmark
GVF-2025-0852,jrsb4b9yy5_v1,CPEEK_PANEL_001,852,15.436363636,55.0,data/public_benchmark/images/frame_0852.png,data/public_benchmark/masks/frame_0852.png,07945c7856456d285046e209ba54cfd8990d4f7d6b2b8c8c5895990f46b3c741,a9b8f83672b8f59bd4b08922c1d35502406a5c2266d01b2921b89c3c4f50736a,234,234,640,512,False,0,0,,,,,4,benchmark_only,experimental_public_benchmark
GVF-2025-0853,jrsb4b9yy5_v1,CPEEK_PANEL_001,853,15.454545455,55.0,data/public_benchmark/images/frame_0853.png,data/public_benchmark/masks/frame_0853.png,45819fa19cf51519f060d1132e076e77a61198bb9e017e43d55d103d95bbbcbf,a9b8f83672b8f59bd4b08922c1d35502406a5c2266d01b2921b89c3c4f50736a,234,234,640,512,False,0,0,,,,,4,benchmark_only,experimental_public_benchmark
GVF-2025-0854,jrsb4b9yy5_v1,CPEEK_PANEL_001,854,15.472727273,55.0,data/public_benchmark/images/frame_0854.png,data/public_benchmark/masks/frame_0854.png,939eff8b24988719fff0cbb0b2ae5412a755f5a5e146bc766e20f8db836e2706,a9b8f83672b8f59bd4b08922c1d35502406a5c2266d01b2921b89c3c4f50736a,234,234,640,512,False,0,0,,,,,4,benchmark_only,experimental_public_benchmark
GVF-2025-0855,jrsb4b9yy5_v1,CPEEK_PANEL_001,855,15.490909091,55.0,data/public_benchmark/images/frame_0855.png,data/public_benchmark/masks/frame_0855.png,fce94b46d3d620f33bf1126ff1f1df2914e55ffe31735093f0bcfa60651f2646,a9b8f83672b8f59bd4b08922c1d35502406a5c2266d01b2921b89c3c4f50736a,234,234,640,512,False,0,0,,,,,4,benchmark_only,experimental_public_benchmark
GVF-2025-0856,jrsb4b9yy5_v1,CPEEK_PANEL_001,856,15.509090909,55.0,data/public_benchmark/images/frame_0856.png,data/public_benchmark/masks/frame_0856.png,726ee90c25813144fa90f5bb6a7d2816a8e59025e156ef10f2b8f917f2285ce2,a9b8f83672b8f59bd4b08922c1d35502406a5c2266d01b2921b89c3c4f50736a,234,234,640,512,False,0,0,,,,,4,benchmark_only,experimental_public_benchmark
GVF-2025-0857,jrsb4b9yy5_v1,CPEEK_PANEL_001,857,15.527272727,55.0,data/public_benchmark/images/frame_0857.png,data/public_benchmark/masks/frame_0857.png,d3d781beb0082b67caeadc791c521360fccb5f3cf057aac3d818b115c520842a,a9b8f83672b8f59bd4b08922c1d35502406a5c2266d01b2921b89c3c4f50736a,234,234,640,512,False,0,0,,,,,4,benchmark_only,experimental_public_benchmark
GVF-2025-0858,jrsb4b9yy5_v1,CPEEK_PANEL_001,858,15.545454545,55.0,data/public_benchmark/images/frame_0858.png,data/public_benchmark/masks/frame_0858.png,aa53ca25151be8cfce5bf31a1d50199bdac1687622472138503b73bb783db4d9,a9b8f83672b8f59bd4b08922c1d35502406a5c2266d01b2921b89c3c4f50736a,234,234,640,512,False,0,0,,,,,4,benchmark_only,experimental_public_benchmark
GVF-2025-0859,jrsb4b9yy5_v1,CPEEK_PANEL_001,859,15.563636364,55.0,data/public_benchmark/images/frame_0859.png,data/public_benchmark/masks/frame_0859.png,07cde5574ec59517add9de9c00f1eaf335ddcb32da2335afc4ba063500c9e08c,a9b8f83672b8f59bd4b08922c1d35502406a5c2266d01b2921b89c3c4f50736a,234,234,640,512,False,0,0,,,,,4,benchmark_only,experimental_public_benchmark
GVF-2025-0860,jrsb4b9yy5_v1,CPEEK_PANEL_001,860,15.581818182,55.0,data/public_benchmark/images/frame_0860.png,data/public_benchmark/masks/frame_0860.png,61a2732506f9051929a48cd58a294cd8c8b59cd1b972156fbc7970578c0f8273,a9b8f83672b8f59bd4b08922c1d35502406a5c2266d01b2921b89c3c4f50736a,234,234,640,512,False,0,0,,,,,4,benchmark_only,experimental_public_benchmark
GVF-2025-0861,jrsb4b9yy5_v1,CPEEK_PANEL_001,861,15.600000000,55.0,data/public_benchmark/images/frame_0861.png,data/public_benchmark/masks/frame_0861.png,f2cf0b4345de5b0af4c049aed145852b42ee7edb287cad9b6a9bbf42e087ced0,a9b8f83672b8f59bd4b08922c1d35502406a5c2266d01b2921b89c3c4f50736a,234,234,640,512,False,0,0,,,,,4,benchmark_only,experimental_public_benchmark
GVF-2025-0862,jrsb4b9yy5_v1,CPEEK_PANEL_001,862,15.618181818,55.0,data/public_benchmark/images/frame_0862.png,data/public_benchmark/masks/frame_0862.png,cd16032677cdf4bba0c39108e986d085682a0141349017d5ba363484eaf0784b,a9b8f83672b8f59bd4b08922c1d35502406a5c2266d01b2921b89c3c4f50736a,234,234,640,512,False,0,0,,,,,4,benchmark_only,experimental_public_benchmark
GVF-2025-0863,jrsb4b9yy5_v1,CPEEK_PANEL_001,863,15.636363636,55.0,data/public_benchmark/images/frame_0863.png,data/public_benchmark/masks/frame_0863.png,1a1c01795bc9336a8ef99b9c24c4c3e245adb0d780600c2e523d3f82293a94d6,a9b8f83672b8f59bd4b08922c1d35502406a5c2266d01b2921b89c3c4f50736a,234,234,640,512,False,0,0,,,,,4,benchmark_only,experimental_public_benchmark
GVF-2025-0864,jrsb4b9yy5_v1,CPEEK_PANEL_001,864,15.654545455,55.0,data/public_benchmark/images/frame_0864.png,data/public_benchmark/masks/frame_0864.png,a935f5870ff0bc257bc1bac8d2eed0caded9ba75c04081296ae4962e7c2035bb,a9b8f83672b8f59bd4b08922c1d35502406a5c2266d01b2921b89c3c4f50736a,234,234,640,512,False,0,0,,,,,4,benchmark_only,experimental_public_benchmark
GVF-2025-0865,jrsb4b9yy5_v1,CPEEK_PANEL_001,865,15.672727273,55.0,data/public_benchmark/images/frame_0865.png,data/public_benchmark/masks/frame_0865.png,c7347c9c6d8d95978426f6f73524756be57da366c6a1fb09b85ac86dfadaac57,a9b8f83672b8f59bd4b08922c1d35502406a5c2266d01b2921b89c3c4f50736a,234,234,640,512,False,0,0,,,,,4,benchmark_only,experimental_public_benchmark
GVF-2025-0866,jrsb4b9yy5_v1,CPEEK_PANEL_001,866,15.690909091,55.0,data/public_benchmark/images/frame_0866.png,data/public_benchmark/masks/frame_0866.png,b114f408ac5bcd765f44cb43f5430168132192ef0988320ea1fb6a259a6eeb0c,a9b8f83672b8f59bd4b08922c1d35502406a5c2266d01b2921b89c3c4f50736a,234,234,640,512,False,0,0,,,,,4,benchmark_only,experimental_public_benchmark
GVF-2025-0867,jrsb4b9yy5_v1,CPEEK_PANEL_001,867,15.709090909,55.0,data/public_benchmark/images/frame_0867.png,data/public_benchmark/masks/frame_0867.png,fac3c86bc84ba34046940169cb1f6d3fa92b51af334ff64ba84a7e2408addc9a,a9b8f83672b8f59bd4b08922c1d35502406a5c2266d01b2921b89c3c4f50736a,234,234,640,512,False,0,0,,,,,4,benchmark_only,experimental_public_benchmark
GVF-2025-0868,jrsb4b9yy5_v1,CPEEK_PANEL_001,868,15.727272727,55.0,data/public_benchmark/images/frame_0868.png,data/public_benchmark/masks/frame_0868.png,b397623f0828650011327042ef70174819723d642ada8ddb8706761fdcaf8b63,a9b8f83672b8f59bd4b08922c1d35502406a5c2266d01b2921b89c3c4f50736a,234,234,640,512,False,0,0,,,,,4,benchmark_only,experimental_public_benchmark
GVF-2025-0869,jrsb4b9yy5_v1,CPEEK_PANEL_001,869,15.745454545,55.0,data/public_benchmark/images/frame_0869.png,data/public_benchmark/masks/frame_0869.png,87042dac37975ac6705fbec373f5fc6892424c967125cd05d3a9af16cc44dda1,a9b8f83672b8f59bd4b08922c1d35502406a5c2266d01b2921b89c3c4f50736a,234,234,640,512,False,0,0,,,,,4,benchmark_only,experimental_public_benchmark
GVF-2025-0870,jrsb4b9yy5_v1,CPEEK_PANEL_001,870,15.763636364,55.0,data/public_benchmark/images/frame_0870.png,data/public_benchmark/masks/frame_0870.png,f890da6133b0a479fcdf19e4fb8427ee60b3e388a036d213b14d9f192b8dbe22,a9b8f83672b8f59bd4b08922c1d35502406a5c2266d01b2921b89c3c4f50736a,234,234,640,512,False,0,0,,,,,4,benchmark_only,experimental_public_benchmark
GVF-2025-0871,jrsb4b9yy5_v1,CPEEK_PANEL_001,871,15.781818182,55.0,data/public_benchmark/images/frame_0871.png,data/public_benchmark/masks/frame_0871.png,a0ec121505904468db02ec3c45e5136980e11e583d3145df8377985d6e1f91aa,a9b8f83672b8f59bd4b08922c1d35502406a5c2266d01b2921b89c3c4f50736a,234,234,640,512,False,0,0,,,,,4,benchmark_only,experimental_public_benchmark
GVF-2025-0872,jrsb4b9yy5_v1,CPEEK_PANEL_001,872,15.800000000,55.0,data/public_benchmark/images/frame_0872.png,data/public_benchmark/masks/frame_0872.png,5a6015e8c2f247c0e45420cb7a3e87d5acc8b97f7ec153d02086b29ccb5d7072,a9b8f83672b8f59bd4b08922c1d35502406a5c2266d01b2921b89c3c4f50736a,234,234,640,512,False,0,0,,,,,4,benchmark_only,experimental_public_benchmark
GVF-2025-0873,jrsb4b9yy5_v1,CPEEK_PANEL_001,873,15.818181818,55.0,data/public_benchmark/images/frame_0873.png,data/public_benchmark/masks/frame_0873.png,0cea0c4a74ebb4d7abe36426493254239a3fe66de274cd16de890cc46cd16282,a9b8f83672b8f59bd4b08922c1d35502406a5c2266d01b2921b89c3c4f50736a,234,234,640,512,False,0,0,,,,,4,benchmark_only,experimental_public_benchmark
GVF-2025-0874,jrsb4b9yy5_v1,CPEEK_PANEL_001,874,15.836363636,55.0,data/public_benchmark/images/frame_0874.png,data/public_benchmark/masks/frame_0874.png,f898cfbf81c7cfb27d1335afea3a65b250db923be8c720d08967618f286d3934,a9b8f83672b8f59bd4b08922c1d35502406a5c2266d01b2921b89c3c4f50736a,234,234,640,512,False,0,0,,,,,4,benchmark_only,experimental_public_benchmark
GVF-2025-0875,jrsb4b9yy5_v1,CPEEK_PANEL_001,875,15.854545455,55.0,data/public_benchmark/images/frame_0875.png,data/public_benchmark/masks/frame_0875.png,40114c8943452884bc68457ff9fba0ac86a1ae607154d60b28ced1e8dbbfa746,a9b8f83672b8f59bd4b08922c1d35502406a5c2266d01b2921b89c3c4f50736a,234,234,640,512,False,0,0,,,,,4,benchmark_only,experimental_public_benchmark
GVF-2025-0876,jrsb4b9yy5_v1,CPEEK_PANEL_001,876,15.872727273,55.0,data/public_benchmark/images/frame_0876.png,data/public_benchmark/masks/frame_0876.png,e063e3c9760a86e101fed1dfb9e4ed16575c0b540f0514ac947d7e44aac96d04,a9b8f83672b8f59bd4b08922c1d35502406a5c2266d01b2921b89c3c4f50736a,234,234,640,512,False,0,0,,,,,4,benchmark_only,experimental_public_benchmark
GVF-2025-0877,jrsb4b9yy5_v1,CPEEK_PANEL_001,877,15.890909091,55.0,data/public_benchmark/images/frame_0877.png,data/public_benchmark/masks/frame_0877.png,b874d79bffcdbc17c55b626beef4d2fbf5da00669c9d45875f25f84e8a671d52,a9b8f83672b8f59bd4b08922c1d35502406a5c2266d01b2921b89c3c4f50736a,234,234,640,512,False,0,0,,,,,4,benchmark_only,experimental_public_benchmark
GVF-2025-0878,jrsb4b9yy5_v1,CPEEK_PANEL_001,878,15.909090909,55.0,data/public_benchmark/images/frame_0878.png,data/public_benchmark/masks/frame_0878.png,61faa8ce3bf1fc2df0550730072ab7570809f973b4289f36a0bba1afdfd5a5d2,a9b8f83672b8f59bd4b08922c1d35502406a5c2266d01b2921b89c3c4f50736a,234,234,640,512,False,0,0,,,,,4,benchmark_only,experimental_public_benchmark
GVF-2025-0879,jrsb4b9yy5_v1,CPEEK_PANEL_001,879,15.927272727,55.0,data/public_benchmark/images/frame_0879.png,data/public_benchmark/masks/frame_0879.png,490a59b367950f2ebade989c1c13765abd1cf266000da3740663a73e5fa195fb,a9b8f83672b8f59bd4b08922c1d35502406a5c2266d01b2921b89c3c4f50736a,234,234,640,512,False,0,0,,,,,4,benchmark_only,experimental_public_benchmark
GVF-2025-0881,jrsb4b9yy5_v1,CPEEK_PANEL_001,881,15.963636364,55.0,data/public_benchmark/images/frame_0881.png,data/public_benchmark/masks/frame_0881.png,d3b9c2a7e5c6fe956d6c3230a9046f0ddd67dbf862ccc73552f84a7ba70252be,a9b8f83672b8f59bd4b08922c1d35502406a5c2266d01b2921b89c3c4f50736a,234,234,640,512,False,0,0,,,,,4,benchmark_only,experimental_public_benchmark
GVF-2025-0882,jrsb4b9yy5_v1,CPEEK_PANEL_001,882,15.981818182,55.0,data/public_benchmark/images/frame_0882.png,data/public_benchmark/masks/frame_0882.png,f236b96b939f64bbb04ecda916fc55feb7964ec9ac673561c81d7dbc1571591e,a9b8f83672b8f59bd4b08922c1d35502406a5c2266d01b2921b89c3c4f50736a,234,234,640,512,False,0,0,,,,,4,benchmark_only,experimental_public_benchmark
GVF-2025-0883,jrsb4b9yy5_v1,CPEEK_PANEL_001,883,16.000000000,55.0,data/public_benchmark/images/frame_0883.png,data/public_benchmark/masks/frame_0883.png,63348af4dbb4de0f888dfa2dcce7daa8118ae6e2e0fd447af5abef6c6cedd34c,a9b8f83672b8f59bd4b08922c1d35502406a5c2266d01b2921b89c3c4f50736a,234,234,640,512,False,0,0,,,,,4,benchmark_only,experimental_public_benchmark
GVF-2025-0884,jrsb4b9yy5_v1,CPEEK_PANEL_001,884,16.018181818,55.0,data/public_benchmark/images/frame_0884.png,data/public_benchmark/masks/frame_0884.png,2286a378d5f194c07cde904122f700c11d280f842aba3711a146f8f3ca1ed43f,a9b8f83672b8f59bd4b08922c1d35502406a5c2266d01b2921b89c3c4f50736a,234,234,640,512,False,0,0,,,,,4,benchmark_only,experimental_public_benchmark
GVF-2025-0885,jrsb4b9yy5_v1,CPEEK_PANEL_001,885,16.036363636,55.0,data/public_benchmark/images/frame_0885.png,data/public_benchmark/masks/frame_0885.png,4ecb5d177039b994bf1f56ae56ae1b88e779ddb27fd2abeff8ba34830951d703,a9b8f83672b8f59bd4b08922c1d35502406a5c2266d01b2921b89c3c4f50736a,234,234,640,512,False,0,0,,,,,4,benchmark_only,experimental_public_benchmark
GVF-2025-0886,jrsb4b9yy5_v1,CPEEK_PANEL_001,886,16.054545455,55.0,data/public_benchmark/images/frame_0886.png,data/public_benchmark/masks/frame_0886.png,0a7f273e47124c8ae85389f03c982c3fe5c7aab040f9b0fb0bbf635fa5c8a092,a9b8f83672b8f59bd4b08922c1d35502406a5c2266d01b2921b89c3c4f50736a,234,234,640,512,False,0,0,,,,,4,benchmark_only,experimental_public_benchmark
GVF-2025-0887,jrsb4b9yy5_v1,CPEEK_PANEL_001,887,16.072727273,55.0,data/public_benchmark/images/frame_0887.png,data/public_benchmark/masks/frame_0887.png,7f00b3e301d64e22abe1887ed7e71f479ea122340869b3a29bde98e6b8efa267,a9b8f83672b8f59bd4b08922c1d35502406a5c2266d01b2921b89c3c4f50736a,234,234,640,512,False,0,0,,,,,4,benchmark_only,experimental_public_benchmark
GVF-2025-0888,jrsb4b9yy5_v1,CPEEK_PANEL_001,888,16.090909091,55.0,data/public_benchmark/images/frame_0888.png,data/public_benchmark/masks/frame_0888.png,9efcb5e85333bb04eac230414c2176ca68d04fcacf73bfa1176db4868ff891ba,a9b8f83672b8f59bd4b08922c1d35502406a5c2266d01b2921b89c3c4f50736a,234,234,640,512,False,0,0,,,,,4,benchmark_only,experimental_public_benchmark
GVF-2025-0889,jrsb4b9yy5_v1,CPEEK_PANEL_001,889,16.109090909,55.0,data/public_benchmark/images/frame_0889.png,data/public_benchmark/masks/frame_0889.png,80b852c7a48c458fda23f303657c68ad8312466d7da1ca05b36e89ef6f59dbe1,a9b8f83672b8f59bd4b08922c1d35502406a5c2266d01b2921b89c3c4f50736a,234,234,640,512,False,0,0,,,,,4,benchmark_only,experimental_public_benchmark
GVF-2025-0890,jrsb4b9yy5_v1,CPEEK_PANEL_001,890,16.127272727,55.0,data/public_benchmark/images/frame_0890.png,data/public_benchmark/masks/frame_0890.png,2ae53d2aa58fa2975627b0ad44cb5c29a6a04f3d3d0a7f0b14158b450c7d4a2e,a9b8f83672b8f59bd4b08922c1d35502406a5c2266d01b2921b89c3c4f50736a,234,234,640,512,False,0,0,,,,,4,benchmark_only,experimental_public_benchmark
GVF-2025-0891,jrsb4b9yy5_v1,CPEEK_PANEL_001,891,16.145454545,55.0,data/public_benchmark/images/frame_0891.png,data/public_benchmark/masks/frame_0891.png,cf7ff30fecf68e3a1f951e9a91042c468f788498e864fdcb068fb51ffcd8be95,a9b8f83672b8f59bd4b08922c1d35502406a5c2266d01b2921b89c3c4f50736a,234,234,640,512,False,0,0,,,,,4,benchmark_only,experimental_public_benchmark
GVF-2025-0892,jrsb4b9yy5_v1,CPEEK_PANEL_001,892,16.163636364,55.0,data/public_benchmark/images/frame_0892.png,data/public_benchmark/masks/frame_0892.png,f37f3107857118e387f0e770523771194cbed2e50cf12d00173047527a04a5c3,a9b8f83672b8f59bd4b08922c1d35502406a5c2266d01b2921b89c3c4f50736a,234,234,640,512,False,0,0,,,,,4,benchmark_only,experimental_public_benchmark
GVF-2025-0893,jrsb4b9yy5_v1,CPEEK_PANEL_001,893,16.181818182,55.0,data/public_benchmark/images/frame_0893.png,data/public_benchmark/masks/frame_0893.png,6160353d6112cef5087a374c8f4022d268a466a11b771c6fd1ff2cbf53825979,a9b8f83672b8f59bd4b08922c1d35502406a5c2266d01b2921b89c3c4f50736a,234,234,640,512,False,0,0,,,,,4,benchmark_only,experimental_public_benchmark
GVF-2025-0894,jrsb4b9yy5_v1,CPEEK_PANEL_001,894,16.200000000,55.0,data/public_benchmark/images/frame_0894.png,data/public_benchmark/masks/frame_0894.png,d4a682f73c7546c0ee05d2762bc1d6903bdfade6947e69b0a13f89204d551f42,a9b8f83672b8f59bd4b08922c1d35502406a5c2266d01b2921b89c3c4f50736a,234,234,640,512,False,0,0,,,,,4,benchmark_only,experimental_public_benchmark
GVF-2025-0895,jrsb4b9yy5_v1,CPEEK_PANEL_001,895,16.218181818,55.0,data/public_benchmark/images/frame_0895.png,data/public_benchmark/masks/frame_0895.png,3f08a71b4e67c3dca8a6e940acb45d1b85318c44c5eb47672f29e24886a4aefa,a9b8f83672b8f59bd4b08922c1d35502406a5c2266d01b2921b89c3c4f50736a,234,234,640,512,False,0,0,,,,,4,benchmark_only,experimental_public_benchmark
GVF-2025-0896,jrsb4b9yy5_v1,CPEEK_PANEL_001,896,16.236363636,55.0,data/public_benchmark/images/frame_0896.png,data/public_benchmark/masks/frame_0896.png,1f0e3e19d7e5dc21bcac5eb01f8fc76a94f7ed59d31e2be14fd1574874be91d0,a9b8f83672b8f59bd4b08922c1d35502406a5c2266d01b2921b89c3c4f50736a,234,234,640,512,False,0,0,,,,,4,benchmark_only,experimental_public_benchmark
GVF-2025-0897,jrsb4b9yy5_v1,CPEEK_PANEL_001,897,16.254545455,55.0,data/public_benchmark/images/frame_0897.png,data/public_benchmark/masks/frame_0897.png,5b84cd0a143ba5870ab2134b111ac4ceb404ad26a5d6fe8e8306d8d64c87bb6c,a9b8f83672b8f59bd4b08922c1d35502406a5c2266d01b2921b89c3c4f50736a,234,234,640,512,False,0,0,,,,,4,benchmark_only,experimental_public_benchmark
GVF-2025-0898,jrsb4b9yy5_v1,CPEEK_PANEL_001,898,16.272727273,55.0,data/public_benchmark/images/frame_0898.png,data/public_benchmark/masks/frame_0898.png,20f4967bf0d3d888dd1510166ba4f435b574920850cc0dad11f2125fca8cd6be,a9b8f83672b8f59bd4b08922c1d35502406a5c2266d01b2921b89c3c4f50736a,234,234,640,512,False,0,0,,,,,4,benchmark_only,experimental_public_benchmark
GVF-2025-0899,jrsb4b9yy5_v1,CPEEK_PANEL_001,899,16.290909091,55.0,data/public_benchmark/images/frame_0899.png,data/public_benchmark/masks/frame_0899.png,e87e1ce66f612dfe21023e8b399311b5c0b0a355b64ff4f1ca6f297d7d001418,a9b8f83672b8f59bd4b08922c1d35502406a5c2266d01b2921b89c3c4f50736a,234,234,640,512,False,0,0,,,,,4,benchmark_only,experimental_public_benchmark
GVF-2025-0900,jrsb4b9yy5_v1,CPEEK_PANEL_001,900,16.309090909,55.0,data/public_benchmark/images/frame_0900.png,data/public_benchmark/masks/frame_0900.png,922ce6a03c57e54aa1686d741eaae70ea5b96cb38a0f83b3486aeb801a909869,a9b8f83672b8f59bd4b08922c1d35502406a5c2266d01b2921b89c3c4f50736a,234,234,640,512,False,0,0,,,,,4,benchmark_only,experimental_public_benchmark
GVF-2025-0901,jrsb4b9yy5_v1,CPEEK_PANEL_001,901,16.327272727,55.0,data/public_benchmark/images/frame_0901.png,data/public_benchmark/masks/frame_0901.png,1352e080321415ecbd021243fa42a96f9b15244db820c04f55e5022e37c75baf,a9b8f83672b8f59bd4b08922c1d35502406a5c2266d01b2921b89c3c4f50736a,234,234,640,512,False,0,0,,,,,4,benchmark_only,experimental_public_benchmark
GVF-2025-0902,jrsb4b9yy5_v1,CPEEK_PANEL_001,902,16.345454545,55.0,data/public_benchmark/images/frame_0902.png,data/public_benchmark/masks/frame_0902.png,3838598f6dc961e43cd835e09927a660a56529c1752d22f5f9f181ca61ac3798,a9b8f83672b8f59bd4b08922c1d35502406a5c2266d01b2921b89c3c4f50736a,234,234,640,512,False,0,0,,,,,4,benchmark_only,experimental_public_benchmark
GVF-2025-0903,jrsb4b9yy5_v1,CPEEK_PANEL_001,903,16.363636364,55.0,data/public_benchmark/images/frame_0903.png,data/public_benchmark/masks/frame_0903.png,d766ff396ec2c1a21e3ecad9f02a9aee0197c94063f831b0c3c3f09543fc3acc,a9b8f83672b8f59bd4b08922c1d35502406a5c2266d01b2921b89c3c4f50736a,234,234,640,512,False,0,0,,,,,4,benchmark_only,experimental_public_benchmark
GVF-2025-0904,jrsb4b9yy5_v1,CPEEK_PANEL_001,904,16.381818182,55.0,data/public_benchmark/images/frame_0904.png,data/public_benchmark/masks/frame_0904.png,767899eb09635d02317876592ba8b78bbf4a106a1e4f9cf741ec8c686eef62da,a9b8f83672b8f59bd4b08922c1d35502406a5c2266d01b2921b89c3c4f50736a,234,234,640,512,False,0,0,,,,,4,benchmark_only,experimental_public_benchmark
GVF-2025-0905,jrsb4b9yy5_v1,CPEEK_PANEL_001,905,16.400000000,55.0,data/public_benchmark/images/frame_0905.png,data/public_benchmark/masks/frame_0905.png,5ec325f6cb7d5aa19d82dabe7131c9345aed879b4ceec3d238869dce5a215e96,a9b8f83672b8f59bd4b08922c1d35502406a5c2266d01b2921b89c3c4f50736a,234,234,640,512,False,0,0,,,,,4,benchmark_only,experimental_public_benchmark
GVF-2025-0906,jrsb4b9yy5_v1,CPEEK_PANEL_001,906,16.418181818,55.0,data/public_benchmark/images/frame_0906.png,data/public_benchmark/masks/frame_0906.png,06223868e7f73a5422f421b5266364123903e13022db524fa7c2ad672432e634,a9b8f83672b8f59bd4b08922c1d35502406a5c2266d01b2921b89c3c4f50736a,234,234,640,512,False,0,0,,,,,4,benchmark_only,experimental_public_benchmark
GVF-2025-0907,jrsb4b9yy5_v1,CPEEK_PANEL_001,907,16.436363636,55.0,data/public_benchmark/images/frame_0907.png,data/public_benchmark/masks/frame_0907.png,77af6bea5e5dfcaba772bbaea2310dc872560c1397b6d1757e5744c71a3e4430,a9b8f83672b8f59bd4b08922c1d35502406a5c2266d01b2921b89c3c4f50736a,234,234,640,512,False,0,0,,,,,4,benchmark_only,experimental_public_benchmark
GVF-2025-0908,jrsb4b9yy5_v1,CPEEK_PANEL_001,908,16.454545455,55.0,data/public_benchmark/images/frame_0908.png,data/public_benchmark/masks/frame_0908.png,09c5e848fa2f5a4bb2f409e423e65e26ec15098d6fc3acb7dc8b8a86ab5eb9b5,a9b8f83672b8f59bd4b08922c1d35502406a5c2266d01b2921b89c3c4f50736a,234,234,640,512,False,0,0,,,,,4,benchmark_only,experimental_public_benchmark
GVF-2025-0909,jrsb4b9yy5_v1,CPEEK_PANEL_001,909,16.472727273,55.0,data/public_benchmark/images/frame_0909.png,data/public_benchmark/masks/frame_0909.png,0bd5c72888eb9a81dfdadff25676043aa86692f16e9c6b54fc0a40ce23984105,a9b8f83672b8f59bd4b08922c1d35502406a5c2266d01b2921b89c3c4f50736a,234,234,640,512,False,0,0,,,,,4,benchmark_only,experimental_public_benchmark
GVF-2025-0910,jrsb4b9yy5_v1,CPEEK_PANEL_001,910,16.490909091,55.0,data/public_benchmark/images/frame_0910.png,data/public_benchmark/masks/frame_0910.png,1d5f1f3f6898caf2e260e08d71461ba31825c9980c9403f52dae3e122f7d5fea,a9b8f83672b8f59bd4b08922c1d35502406a5c2266d01b2921b89c3c4f50736a,234,234,640,512,False,0,0,,,,,4,benchmark_only,experimental_public_benchmark
GVF-2025-0911,jrsb4b9yy5_v1,CPEEK_PANEL_001,911,16.509090909,55.0,data/public_benchmark/images/frame_0911.png,data/public_benchmark/masks/frame_0911.png,14bfefaae731db088debf9ecbd0f3290e68281045ba2b8c4167f898a33b8387a,a9b8f83672b8f59bd4b08922c1d35502406a5c2266d01b2921b89c3c4f50736a,234,234,640,512,False,0,0,,,,,4,benchmark_only,experimental_public_benchmark
GVF-2025-0912,jrsb4b9yy5_v1,CPEEK_PANEL_001,912,16.527272727,55.0,data/public_benchmark/images/frame_0912.png,data/public_benchmark/masks/frame_0912.png,adbeb757440bc18f20245b32561c082c4429d1ee5d1e1856021ed4ffaf545340,a9b8f83672b8f59bd4b08922c1d35502406a5c2266d01b2921b89c3c4f50736a,234,234,640,512,False,0,0,,,,,4,benchmark_only,experimental_public_benchmark
GVF-2025-0913,jrsb4b9yy5_v1,CPEEK_PANEL_001,913,16.545454545,55.0,data/public_benchmark/images/frame_0913.png,data/public_benchmark/masks/frame_0913.png,946b3b3bd0feada071afd3b5b8dab02d0396215e40328f01164cec0f6171f99c,a9b8f83672b8f59bd4b08922c1d35502406a5c2266d01b2921b89c3c4f50736a,234,234,640,512,False,0,0,,,,,4,benchmark_only,experimental_public_benchmark
GVF-2025-0914,jrsb4b9yy5_v1,CPEEK_PANEL_001,914,16.563636364,55.0,data/public_benchmark/images/frame_0914.png,data/public_benchmark/masks/frame_0914.png,0e6f84803a2408a9096cfdb53c7df9785d8750f7686ab6157634f1be3a43690e,a9b8f83672b8f59bd4b08922c1d35502406a5c2266d01b2921b89c3c4f50736a,234,234,640,512,False,0,0,,,,,4,benchmark_only,experimental_public_benchmark
GVF-2025-0915,jrsb4b9yy5_v1,CPEEK_PANEL_001,915,16.581818182,55.0,data/public_benchmark/images/frame_0915.png,data/public_benchmark/masks/frame_0915.png,2d2ec37ec71fa7399374f573811f8c15c060faf948827e9f7a57a7d2d0f0cbea,a9b8f83672b8f59bd4b08922c1d35502406a5c2266d01b2921b89c3c4f50736a,234,234,640,512,False,0,0,,,,,4,benchmark_only,experimental_public_benchmark
GVF-2025-0916,jrsb4b9yy5_v1,CPEEK_PANEL_001,916,16.600000000,55.0,data/public_benchmark/images/frame_0916.png,data/public_benchmark/masks/frame_0916.png,81759ecf3ae275e70f8c1a452979b56741b1068d0102f4047af99e2306b416bb,a9b8f83672b8f59bd4b08922c1d35502406a5c2266d01b2921b89c3c4f50736a,234,234,640,512,False,0,0,,,,,4,benchmark_only,experimental_public_benchmark
GVF-2025-0917,jrsb4b9yy5_v1,CPEEK_PANEL_001,917,16.618181818,55.0,data/public_benchmark/images/frame_0917.png,data/public_benchmark/masks/frame_0917.png,c61cfde494b6168cfdd79282c2fcef4acfc16f6d64298cac474a12e88177757d,a9b8f83672b8f59bd4b08922c1d35502406a5c2266d01b2921b89c3c4f50736a,234,234,640,512,False,0,0,,,,,4,benchmark_only,experimental_public_benchmark
GVF-2025-0918,jrsb4b9yy5_v1,CPEEK_PANEL_001,918,16.636363636,55.0,data/public_benchmark/images/frame_0918.png,data/public_benchmark/masks/frame_0918.png,2e313a97038bf21a3f06ff0dcd58af7d6359c2e25ca9d6847ad9e6c30c7d2c4a,a9b8f83672b8f59bd4b08922c1d35502406a5c2266d01b2921b89c3c4f50736a,234,234,640,512,False,0,0,,,,,4,benchmark_only,experimental_public_benchmark
GVF-2025-0919,jrsb4b9yy5_v1,CPEEK_PANEL_001,919,16.654545455,55.0,data/public_benchmark/images/frame_0919.png,data/public_benchmark/masks/frame_0919.png,78c7a157a35282088176d3a15a57f75ce3823e3644b27f5d25441cda30b12c36,a9b8f83672b8f59bd4b08922c1d35502406a5c2266d01b2921b89c3c4f50736a,234,234,640,512,False,0,0,,,,,4,benchmark_only,experimental_public_benchmark
GVF-2025-0920,jrsb4b9yy5_v1,CPEEK_PANEL_001,920,16.672727273,55.0,data/public_benchmark/images/frame_0920.png,data/public_benchmark/masks/frame_0920.png,c3d75947622769133035f4a3d54337099e7ac8c26c7a8ed62e4f84c61f254d67,a9b8f83672b8f59bd4b08922c1d35502406a5c2266d01b2921b89c3c4f50736a,234,234,640,512,False,0,0,,,,,4,benchmark_only,experimental_public_benchmark
GVF-2025-0921,jrsb4b9yy5_v1,CPEEK_PANEL_001,921,16.690909091,55.0,data/public_benchmark/images/frame_0921.png,data/public_benchmark/masks/frame_0921.png,99df2024b379ce5c08e6bc71d4803886e6dea1045d47a5389fa9e00d889c8bcb,a9b8f83672b8f59bd4b08922c1d35502406a5c2266d01b2921b89c3c4f50736a,234,234,640,512,False,0,0,,,,,4,benchmark_only,experimental_public_benchmark
GVF-2025-0922,jrsb4b9yy5_v1,CPEEK_PANEL_001,922,16.709090909,55.0,data/public_benchmark/images/frame_0922.png,data/public_benchmark/masks/frame_0922.png,2263278ef7d6a11a9233fdb13a39a6a40aa0997dd88e99663ad9f2938f9f1b06,a9b8f83672b8f59bd4b08922c1d35502406a5c2266d01b2921b89c3c4f50736a,234,234,640,512,False,0,0,,,,,4,benchmark_only,experimental_public_benchmark
GVF-2025-0923,jrsb4b9yy5_v1,CPEEK_PANEL_001,923,16.727272727,55.0,data/public_benchmark/images/frame_0923.png,data/public_benchmark/masks/frame_0923.png,afff24416e642c56136e09f9e966b0178978ce6946e1538b0bddfd84e995b49e,a9b8f83672b8f59bd4b08922c1d35502406a5c2266d01b2921b89c3c4f50736a,234,234,640,512,False,0,0,,,,,4,benchmark_only,experimental_public_benchmark
GVF-2025-0924,jrsb4b9yy5_v1,CPEEK_PANEL_001,924,16.745454545,55.0,data/public_benchmark/images/frame_0924.png,data/public_benchmark/masks/frame_0924.png,18dec18a52fe0629d7b1e0af297cc7c7ab33671e7e3023e301f37928d965a1db,a9b8f83672b8f59bd4b08922c1d35502406a5c2266d01b2921b89c3c4f50736a,234,234,640,512,False,0,0,,,,,4,benchmark_only,experimental_public_benchmark
GVF-2025-0925,jrsb4b9yy5_v1,CPEEK_PANEL_001,925,16.763636364,55.0,data/public_benchmark/images/frame_0925.png,data/public_benchmark/masks/frame_0925.png,ecf125ca01b2df65f10c36506ea34e331f1751210bde9ba4096fe72f82f7b295,a9b8f83672b8f59bd4b08922c1d35502406a5c2266d01b2921b89c3c4f50736a,234,234,640,512,False,0,0,,,,,4,benchmark_only,experimental_public_benchmark
GVF-2025-0926,jrsb4b9yy5_v1,CPEEK_PANEL_001,926,16.781818182,55.0,data/public_benchmark/images/frame_0926.png,data/public_benchmark/masks/frame_0926.png,505fa3d0df5150c7ef041140e9c8ea09d79672220f90f006185963d0a55d84c4,a9b8f83672b8f59bd4b08922c1d35502406a5c2266d01b2921b89c3c4f50736a,234,234,640,512,False,0,0,,,,,4,benchmark_only,experimental_public_benchmark
GVF-2025-0927,jrsb4b9yy5_v1,CPEEK_PANEL_001,927,16.800000000,55.0,data/public_benchmark/images/frame_0927.png,data/public_benchmark/masks/frame_0927.png,a47649b94a6d291b306f72a18273465154a84305209e89edc012463e3c214704,a9b8f83672b8f59bd4b08922c1d35502406a5c2266d01b2921b89c3c4f50736a,234,234,640,512,False,0,0,,,,,4,benchmark_only,experimental_public_benchmark
GVF-2025-0928,jrsb4b9yy5_v1,CPEEK_PANEL_001,928,16.818181818,55.0,data/public_benchmark/images/frame_0928.png,data/public_benchmark/masks/frame_0928.png,c3c98a6fcf5c2911535e0be0f6f8d1b15f9a746564262654d31ba4c0bddba7ee,a9b8f83672b8f59bd4b08922c1d35502406a5c2266d01b2921b89c3c4f50736a,234,234,640,512,False,0,0,,,,,4,benchmark_only,experimental_public_benchmark
GVF-2025-0929,jrsb4b9yy5_v1,CPEEK_PANEL_001,929,16.836363636,55.0,data/public_benchmark/images/frame_0929.png,data/public_benchmark/masks/frame_0929.png,006993db85d01f864cd78c4068f3841741443698ce9e8ab846aa83d5f01f7176,a9b8f83672b8f59bd4b08922c1d35502406a5c2266d01b2921b89c3c4f50736a,234,234,640,512,False,0,0,,,,,4,benchmark_only,experimental_public_benchmark
GVF-2025-0930,jrsb4b9yy5_v1,CPEEK_PANEL_001,930,16.854545455,55.0,data/public_benchmark/images/frame_0930.png,data/public_benchmark/masks/frame_0930.png,04614555920d624676c3e2db4a21d5cb97e33311552e9fbf0692978c345350ad,a9b8f83672b8f59bd4b08922c1d35502406a5c2266d01b2921b89c3c4f50736a,234,234,640,512,False,0,0,,,,,4,benchmark_only,experimental_public_benchmark
GVF-2025-0931,jrsb4b9yy5_v1,CPEEK_PANEL_001,931,16.872727273,55.0,data/public_benchmark/images/frame_0931.png,data/public_benchmark/masks/frame_0931.png,b1ae231bef80e1f62662e527fecaa2d963615066aec20dd0776121ee2610b5f2,a9b8f83672b8f59bd4b08922c1d35502406a5c2266d01b2921b89c3c4f50736a,234,234,640,512,False,0,0,,,,,4,benchmark_only,experimental_public_benchmark
GVF-2025-0932,jrsb4b9yy5_v1,CPEEK_PANEL_001,932,16.890909091,55.0,data/public_benchmark/images/frame_0932.png,data/public_benchmark/masks/frame_0932.png,8631d0d748a22d842a39db30876175758d38e68479f48bdb70885ff481570018,a9b8f83672b8f59bd4b08922c1d35502406a5c2266d01b2921b89c3c4f50736a,234,234,640,512,False,0,0,,,,,4,benchmark_only,experimental_public_benchmark
GVF-2025-0933,jrsb4b9yy5_v1,CPEEK_PANEL_001,933,16.909090909,55.0,data/public_benchmark/images/frame_0933.png,data/public_benchmark/masks/frame_0933.png,e081652795924b277cf91e2d8b9d208f3079f47e0100dac7ad084a7962f8cde9,a9b8f83672b8f59bd4b08922c1d35502406a5c2266d01b2921b89c3c4f50736a,234,234,640,512,False,0,0,,,,,4,benchmark_only,experimental_public_benchmark
GVF-2025-0934,jrsb4b9yy5_v1,CPEEK_PANEL_001,934,16.927272727,55.0,data/public_benchmark/images/frame_0934.png,data/public_benchmark/masks/frame_0934.png,33236dfd379c9b4fe0421f07181f82b692685ce6d90599a61f27e04285df3896,a9b8f83672b8f59bd4b08922c1d35502406a5c2266d01b2921b89c3c4f50736a,234,234,640,512,False,0,0,,,,,4,benchmark_only,experimental_public_benchmark
GVF-2025-0935,jrsb4b9yy5_v1,CPEEK_PANEL_001,935,16.945454545,55.0,data/public_benchmark/images/frame_0935.png,data/public_benchmark/masks/frame_0935.png,baa27cf78c1be57177d5831f7cffed84056912ed89c066d47c8aebab59e80a0a,a9b8f83672b8f59bd4b08922c1d35502406a5c2266d01b2921b89c3c4f50736a,234,234,640,512,False,0,0,,,,,4,benchmark_only,experimental_public_benchmark
GVF-2025-0936,jrsb4b9yy5_v1,CPEEK_PANEL_001,936,16.963636364,55.0,data/public_benchmark/images/frame_0936.png,data/public_benchmark/masks/frame_0936.png,a96b65a6b18c4cf08fcf5faed4ffd11f36340fd8ca000a44237e1877fb5187a4,a9b8f83672b8f59bd4b08922c1d35502406a5c2266d01b2921b89c3c4f50736a,234,234,640,512,False,0,0,,,,,4,benchmark_only,experimental_public_benchmark
GVF-2025-0937,jrsb4b9yy5_v1,CPEEK_PANEL_001,937,16.981818182,55.0,data/public_benchmark/images/frame_0937.png,data/public_benchmark/masks/frame_0937.png,f0a3e98c93116b08b049646375c782b8f309e472a047f9cd1afb8d6c65ce7bd6,a9b8f83672b8f59bd4b08922c1d35502406a5c2266d01b2921b89c3c4f50736a,234,234,640,512,False,0,0,,,,,4,benchmark_only,experimental_public_benchmark
GVF-2025-0938,jrsb4b9yy5_v1,CPEEK_PANEL_001,938,17.000000000,55.0,data/public_benchmark/images/frame_0938.png,data/public_benchmark/masks/frame_0938.png,19492a4a1608c204cd4c867f9a620a9db09923e00be4d5662d93105383062a7e,a9b8f83672b8f59bd4b08922c1d35502406a5c2266d01b2921b89c3c4f50736a,234,234,640,512,False,0,0,,,,,4,benchmark_only,experimental_public_benchmark
GVF-2025-0939,jrsb4b9yy5_v1,CPEEK_PANEL_001,939,17.018181818,55.0,data/public_benchmark/images/frame_0939.png,data/public_benchmark/masks/frame_0939.png,919b3ebc73ec0d33f39c4921c4a1875306aadccc0a86bb827d7a6d3e49ca8495,a9b8f83672b8f59bd4b08922c1d35502406a5c2266d01b2921b89c3c4f50736a,234,234,640,512,False,0,0,,,,,4,benchmark_only,experimental_public_benchmark
GVF-2025-0940,jrsb4b9yy5_v1,CPEEK_PANEL_001,940,17.036363636,55.0,data/public_benchmark/images/frame_0940.png,data/public_benchmark/masks/frame_0940.png,10434b84dd93a48f85b70d08fb815face9d162926d56574510ae1f2ac8f07db5,a9b8f83672b8f59bd4b08922c1d35502406a5c2266d01b2921b89c3c4f50736a,234,234,640,512,False,0,0,,,,,4,benchmark_only,experimental_public_benchmark
GVF-2025-0941,jrsb4b9yy5_v1,CPEEK_PANEL_001,941,17.054545455,55.0,data/public_benchmark/images/frame_0941.png,data/public_benchmark/masks/frame_0941.png,d67a3a5ab59fbb73a4c79b699d2f5a130c907cf4c54c4c6437435bca9359c8e8,a9b8f83672b8f59bd4b08922c1d35502406a5c2266d01b2921b89c3c4f50736a,234,234,640,512,False,0,0,,,,,4,benchmark_only,experimental_public_benchmark
GVF-2025-0942,jrsb4b9yy5_v1,CPEEK_PANEL_001,942,17.072727273,55.0,data/public_benchmark/images/frame_0942.png,data/public_benchmark/masks/frame_0942.png,e8a7bf0a94b92fcce1c12367d29412ad58201c87c28a1fa817fdfc2b9405b262,a9b8f83672b8f59bd4b08922c1d35502406a5c2266d01b2921b89c3c4f50736a,234,234,640,512,False,0,0,,,,,4,benchmark_only,experimental_public_benchmark
GVF-2025-0943,jrsb4b9yy5_v1,CPEEK_PANEL_001,943,17.090909091,55.0,data/public_benchmark/images/frame_0943.png,data/public_benchmark/masks/frame_0943.png,6ffb6fe572b607bbef6d658040d3a08a2f87e4e277939f8b309be9f091d0e0b4,a9b8f83672b8f59bd4b08922c1d35502406a5c2266d01b2921b89c3c4f50736a,234,234,640,512,False,0,0,,,,,4,benchmark_only,experimental_public_benchmark
GVF-2025-0944,jrsb4b9yy5_v1,CPEEK_PANEL_001,944,17.109090909,55.0,data/public_benchmark/images/frame_0944.png,data/public_benchmark/masks/frame_0944.png,12caf1edb59c14da81af35ff5e4ac9ba3180823d8ff8d79b23a5a29a1da12f00,a9b8f83672b8f59bd4b08922c1d35502406a5c2266d01b2921b89c3c4f50736a,234,234,640,512,False,0,0,,,,,4,benchmark_only,experimental_public_benchmark
GVF-2025-0945,jrsb4b9yy5_v1,CPEEK_PANEL_001,945,17.127272727,55.0,data/public_benchmark/images/frame_0945.png,data/public_benchmark/masks/frame_0945.png,ec6fddf879775d2ff7f468136355f5f756814e2c8c190b627b7d2ee9a2f1da25,a9b8f83672b8f59bd4b08922c1d35502406a5c2266d01b2921b89c3c4f50736a,234,234,640,512,False,0,0,,,,,4,benchmark_only,experimental_public_benchmark
GVF-2025-0946,jrsb4b9yy5_v1,CPEEK_PANEL_001,946,17.145454545,55.0,data/public_benchmark/images/frame_0946.png,data/public_benchmark/masks/frame_0946.png,5004775d1f950296ea52c2204f6a4f72a42dd78d93c6fa537273f7ac25559c23,a9b8f83672b8f59bd4b08922c1d35502406a5c2266d01b2921b89c3c4f50736a,234,234,640,512,False,0,0,,,,,4,benchmark_only,experimental_public_benchmark
GVF-2025-0947,jrsb4b9yy5_v1,CPEEK_PANEL_001,947,17.163636364,55.0,data/public_benchmark/images/frame_0947.png,data/public_benchmark/masks/frame_0947.png,63158dcbf83d5024c8878a81f1a1911de78789605bb7d6be011c097cc00b9485,a9b8f83672b8f59bd4b08922c1d35502406a5c2266d01b2921b89c3c4f50736a,234,234,640,512,False,0,0,,,,,4,benchmark_only,experimental_public_benchmark
GVF-2025-0948,jrsb4b9yy5_v1,CPEEK_PANEL_001,948,17.181818182,55.0,data/public_benchmark/images/frame_0948.png,data/public_benchmark/masks/frame_0948.png,0a8c93be4b9a5725dec91823514f784b606602fdfd6ba569de9a8546f02c8906,a9b8f83672b8f59bd4b08922c1d35502406a5c2266d01b2921b89c3c4f50736a,234,234,640,512,False,0,0,,,,,4,benchmark_only,experimental_public_benchmark
GVF-2025-0949,jrsb4b9yy5_v1,CPEEK_PANEL_001,949,17.200000000,55.0,data/public_benchmark/images/frame_0949.png,data/public_benchmark/masks/frame_0949.png,409f4b9d6437a81324f3c2c265ea903fb5c8a3b6599a21b81c4e54cbc3c58970,a9b8f83672b8f59bd4b08922c1d35502406a5c2266d01b2921b89c3c4f50736a,234,234,640,512,False,0,0,,,,,4,benchmark_only,experimental_public_benchmark
GVF-2025-0950,jrsb4b9yy5_v1,CPEEK_PANEL_001,950,17.218181818,55.0,data/public_benchmark/images/frame_0950.png,data/public_benchmark/masks/frame_0950.png,0d888ad3cde275042c8f97cada653317aa875da0c381f5100d2e3c5afa8ba244,a9b8f83672b8f59bd4b08922c1d35502406a5c2266d01b2921b89c3c4f50736a,234,234,640,512,False,0,0,,,,,4,benchmark_only,experimental_public_benchmark
GVF-2025-0951,jrsb4b9yy5_v1,CPEEK_PANEL_001,951,17.236363636,55.0,data/public_benchmark/images/frame_0951.png,data/public_benchmark/masks/frame_0951.png,69ef9b67ea0a9d20355672597aa87009465edc58b759aace9ad9be03414920db,a9b8f83672b8f59bd4b08922c1d35502406a5c2266d01b2921b89c3c4f50736a,234,234,640,512,False,0,0,,,,,4,benchmark_only,experimental_public_benchmark
GVF-2025-0952,jrsb4b9yy5_v1,CPEEK_PANEL_001,952,17.254545455,55.0,data/public_benchmark/images/frame_0952.png,data/public_benchmark/masks/frame_0952.png,62af6b18ac9adedd4ad0c26f0d4cf12920bb074f2278be3410a47bf291840e37,a9b8f83672b8f59bd4b08922c1d35502406a5c2266d01b2921b89c3c4f50736a,234,234,640,512,False,0,0,,,,,4,benchmark_only,experimental_public_benchmark
GVF-2025-0953,jrsb4b9yy5_v1,CPEEK_PANEL_001,953,17.272727273,55.0,data/public_benchmark/images/frame_0953.png,data/public_benchmark/masks/frame_0953.png,e0742dc86793e71e077f231e397f733098864d418ee7c51b7741501f9fa4772e,a9b8f83672b8f59bd4b08922c1d35502406a5c2266d01b2921b89c3c4f50736a,234,234,640,512,False,0,0,,,,,4,benchmark_only,experimental_public_benchmark
GVF-2025-0954,jrsb4b9yy5_v1,CPEEK_PANEL_001,954,17.290909091,55.0,data/public_benchmark/images/frame_0954.png,data/public_benchmark/masks/frame_0954.png,3f5bf8e36e576c18566dd91326b8b86fc3fe56e39c2e82d5c0f73ae88b651249,a9b8f83672b8f59bd4b08922c1d35502406a5c2266d01b2921b89c3c4f50736a,234,234,640,512,False,0,0,,,,,4,benchmark_only,experimental_public_benchmark
GVF-2025-0955,jrsb4b9yy5_v1,CPEEK_PANEL_001,955,17.309090909,55.0,data/public_benchmark/images/frame_0955.png,data/public_benchmark/masks/frame_0955.png,bcd08486d027db9f92b907470a0bf7ca5e13a21521a25be5f8ef993d66c05b58,a9b8f83672b8f59bd4b08922c1d35502406a5c2266d01b2921b89c3c4f50736a,234,234,640,512,False,0,0,,,,,4,benchmark_only,experimental_public_benchmark
GVF-2025-0956,jrsb4b9yy5_v1,CPEEK_PANEL_001,956,17.327272727,55.0,data/public_benchmark/images/frame_0956.png,data/public_benchmark/masks/frame_0956.png,6e9931cf98e163ecf1047140eb20e9ebf567c6ebb8b7e429004cb812ab106dc1,a9b8f83672b8f59bd4b08922c1d35502406a5c2266d01b2921b89c3c4f50736a,234,234,640,512,False,0,0,,,,,4,benchmark_only,experimental_public_benchmark
GVF-2025-0957,jrsb4b9yy5_v1,CPEEK_PANEL_001,957,17.345454545,55.0,data/public_benchmark/images/frame_0957.png,data/public_benchmark/masks/frame_0957.png,d18a21414ba1219bb24186fa06527fdac58e31395cb6bce27ae7eea2ddce9944,a9b8f83672b8f59bd4b08922c1d35502406a5c2266d01b2921b89c3c4f50736a,234,234,640,512,False,0,0,,,,,4,benchmark_only,experimental_public_benchmark
GVF-2025-0958,jrsb4b9yy5_v1,CPEEK_PANEL_001,958,17.363636364,55.0,data/public_benchmark/images/frame_0958.png,data/public_benchmark/masks/frame_0958.png,45b1c302bce7c28ae97d5042e260b60021b3bc25da31c390e5c4a081a7db9bd1,a9b8f83672b8f59bd4b08922c1d35502406a5c2266d01b2921b89c3c4f50736a,234,234,640,512,False,0,0,,,,,4,benchmark_only,experimental_public_benchmark
GVF-2025-0959,jrsb4b9yy5_v1,CPEEK_PANEL_001,959,17.381818182,55.0,data/public_benchmark/images/frame_0959.png,data/public_benchmark/masks/frame_0959.png,8eea161a27bcba1d7cbd348e2762e25795422a6b38fbe1ed0123dcfc3642f98f,a9b8f83672b8f59bd4b08922c1d35502406a5c2266d01b2921b89c3c4f50736a,234,234,640,512,False,0,0,,,,,4,benchmark_only,experimental_public_benchmark
GVF-2025-0960,jrsb4b9yy5_v1,CPEEK_PANEL_001,960,17.400000000,55.0,data/public_benchmark/images/frame_0960.png,data/public_benchmark/masks/frame_0960.png,123e223071a9d9184ee35ac148fbd1f17a36f35b76fe6117e220ab4109dbb8ce,a9b8f83672b8f59bd4b08922c1d35502406a5c2266d01b2921b89c3c4f50736a,234,234,640,512,False,0,0,,,,,4,benchmark_only,experimental_public_benchmark
GVF-2025-0961,jrsb4b9yy5_v1,CPEEK_PANEL_001,961,17.418181818,55.0,data/public_benchmark/images/frame_0961.png,data/public_benchmark/masks/frame_0961.png,b4c633d1aae6e5cf2771693204e154c9b2b4256c495e39c0dc3f55dace7de9b4,a9b8f83672b8f59bd4b08922c1d35502406a5c2266d01b2921b89c3c4f50736a,234,234,640,512,False,0,0,,,,,4,benchmark_only,experimental_public_benchmark
GVF-2025-0962,jrsb4b9yy5_v1,CPEEK_PANEL_001,962,17.436363636,55.0,data/public_benchmark/images/frame_0962.png,data/public_benchmark/masks/frame_0962.png,7ff74fde176a0f36b193295de87107d44ddd09416e06f1e9edcdbde2fb958655,a9b8f83672b8f59bd4b08922c1d35502406a5c2266d01b2921b89c3c4f50736a,234,234,640,512,False,0,0,,,,,4,benchmark_only,experimental_public_benchmark
GVF-2025-0963,jrsb4b9yy5_v1,CPEEK_PANEL_001,963,17.454545455,55.0,data/public_benchmark/images/frame_0963.png,data/public_benchmark/masks/frame_0963.png,5a26f7f107413e668758f9fcda21f40c0778332d4dee128e68071cf0df4d74e3,a9b8f83672b8f59bd4b08922c1d35502406a5c2266d01b2921b89c3c4f50736a,234,234,640,512,False,0,0,,,,,4,benchmark_only,experimental_public_benchmark
GVF-2025-0964,jrsb4b9yy5_v1,CPEEK_PANEL_001,964,17.472727273,55.0,data/public_benchmark/images/frame_0964.png,data/public_benchmark/masks/frame_0964.png,d24d35b93d6354a794d2bed6d9131e91035012f691d1102df621064be8d601cd,a9b8f83672b8f59bd4b08922c1d35502406a5c2266d01b2921b89c3c4f50736a,234,234,640,512,False,0,0,,,,,4,benchmark_only,experimental_public_benchmark
GVF-2025-0965,jrsb4b9yy5_v1,CPEEK_PANEL_001,965,17.490909091,55.0,data/public_benchmark/images/frame_0965.png,data/public_benchmark/masks/frame_0965.png,fef2c006857020f952ac9ccd861b409d3c1a50c3cf24d63a4d9003802559bd16,a9b8f83672b8f59bd4b08922c1d35502406a5c2266d01b2921b89c3c4f50736a,234,234,640,512,False,0,0,,,,,4,benchmark_only,experimental_public_benchmark
GVF-2025-0966,jrsb4b9yy5_v1,CPEEK_PANEL_001,966,17.509090909,55.0,data/public_benchmark/images/frame_0966.png,data/public_benchmark/masks/frame_0966.png,51b22e2d63aa214d1ddcf8d692fb0620b0c514c8f22927424e48f31b1949bf47,a9b8f83672b8f59bd4b08922c1d35502406a5c2266d01b2921b89c3c4f50736a,234,234,640,512,False,0,0,,,,,4,benchmark_only,experimental_public_benchmark
GVF-2025-0967,jrsb4b9yy5_v1,CPEEK_PANEL_001,967,17.527272727,55.0,data/public_benchmark/images/frame_0967.png,data/public_benchmark/masks/frame_0967.png,c99d2303de1d355973d0df3d5af58e3eaed74a73e9ffde3344fe260d359c940d,a9b8f83672b8f59bd4b08922c1d35502406a5c2266d01b2921b89c3c4f50736a,234,234,640,512,False,0,0,,,,,4,benchmark_only,experimental_public_benchmark
GVF-2025-0968,jrsb4b9yy5_v1,CPEEK_PANEL_001,968,17.545454545,55.0,data/public_benchmark/images/frame_0968.png,data/public_benchmark/masks/frame_0968.png,83be8e1ef98e7a4d0bf59555f4877c5e34f2926ed98088028c4df30d54c89c6a,a9b8f83672b8f59bd4b08922c1d35502406a5c2266d01b2921b89c3c4f50736a,234,234,640,512,False,0,0,,,,,4,benchmark_only,experimental_public_benchmark
GVF-2025-0969,jrsb4b9yy5_v1,CPEEK_PANEL_001,969,17.563636364,55.0,data/public_benchmark/images/frame_0969.png,data/public_benchmark/masks/frame_0969.png,fec8c7f1fb2976c56016fb2cbe4cb34308594c517066eab572bed747bbe4545f,a9b8f83672b8f59bd4b08922c1d35502406a5c2266d01b2921b89c3c4f50736a,234,234,640,512,False,0,0,,,,,4,benchmark_only,experimental_public_benchmark
GVF-2025-0970,jrsb4b9yy5_v1,CPEEK_PANEL_001,970,17.581818182,55.0,data/public_benchmark/images/frame_0970.png,data/public_benchmark/masks/frame_0970.png,a19d38e675657f9276e81e1e4849d5960a3a147570e5ff960911215d37f08708,a9b8f83672b8f59bd4b08922c1d35502406a5c2266d01b2921b89c3c4f50736a,234,234,640,512,False,0,0,,,,,4,benchmark_only,experimental_public_benchmark
GVF-2025-0971,jrsb4b9yy5_v1,CPEEK_PANEL_001,971,17.600000000,55.0,data/public_benchmark/images/frame_0971.png,data/public_benchmark/masks/frame_0971.png,36b10d7a6ad5143c402674a0675a2a3ebe648b966f32b59b17177b13244d9539,a9b8f83672b8f59bd4b08922c1d35502406a5c2266d01b2921b89c3c4f50736a,234,234,640,512,False,0,0,,,,,4,benchmark_only,experimental_public_benchmark
GVF-2025-0972,jrsb4b9yy5_v1,CPEEK_PANEL_001,972,17.618181818,55.0,data/public_benchmark/images/frame_0972.png,data/public_benchmark/masks/frame_0972.png,60627dc2ef3978fca0144decb2a7f5abbd1a2f569a04fbba4019065384740bc8,a9b8f83672b8f59bd4b08922c1d35502406a5c2266d01b2921b89c3c4f50736a,234,234,640,512,False,0,0,,,,,4,benchmark_only,experimental_public_benchmark
GVF-2025-0973,jrsb4b9yy5_v1,CPEEK_PANEL_001,973,17.636363636,55.0,data/public_benchmark/images/frame_0973.png,data/public_benchmark/masks/frame_0973.png,80bb60968670217aa15e0dc89ef0f5b12132cf01825513de4fd56688716bc1eb,a9b8f83672b8f59bd4b08922c1d35502406a5c2266d01b2921b89c3c4f50736a,234,234,640,512,False,0,0,,,,,4,benchmark_only,experimental_public_benchmark
GVF-2025-0974,jrsb4b9yy5_v1,CPEEK_PANEL_001,974,17.654545455,55.0,data/public_benchmark/images/frame_0974.png,data/public_benchmark/masks/frame_0974.png,a9c0968128da31ace1f56bebad11ecad3f4c3d9399b21b87834206e1e784f046,a9b8f83672b8f59bd4b08922c1d35502406a5c2266d01b2921b89c3c4f50736a,234,234,640,512,False,0,0,,,,,4,benchmark_only,experimental_public_benchmark
GVF-2025-0975,jrsb4b9yy5_v1,CPEEK_PANEL_001,975,17.672727273,55.0,data/public_benchmark/images/frame_0975.png,data/public_benchmark/masks/frame_0975.png,527f66a7565f4d197086ad562427a5bd53a677426253455261a0a3d5280ae327,a9b8f83672b8f59bd4b08922c1d35502406a5c2266d01b2921b89c3c4f50736a,234,234,640,512,False,0,0,,,,,4,benchmark_only,experimental_public_benchmark
GVF-2025-0976,jrsb4b9yy5_v1,CPEEK_PANEL_001,976,17.690909091,55.0,data/public_benchmark/images/frame_0976.png,data/public_benchmark/masks/frame_0976.png,d97996956497188d399e0afe2b578980a8105d8a69bbba30be3b17bf53544f9b,a9b8f83672b8f59bd4b08922c1d35502406a5c2266d01b2921b89c3c4f50736a,234,234,640,512,False,0,0,,,,,4,benchmark_only,experimental_public_benchmark
GVF-2025-0977,jrsb4b9yy5_v1,CPEEK_PANEL_001,977,17.709090909,55.0,data/public_benchmark/images/frame_0977.png,data/public_benchmark/masks/frame_0977.png,07d28c32dea3bac17a1f80734bfc0ee762a326cb0bc51467d58d4006ea7c0991,a9b8f83672b8f59bd4b08922c1d35502406a5c2266d01b2921b89c3c4f50736a,234,234,640,512,False,0,0,,,,,4,benchmark_only,experimental_public_benchmark
GVF-2025-0978,jrsb4b9yy5_v1,CPEEK_PANEL_001,978,17.727272727,55.0,data/public_benchmark/images/frame_0978.png,data/public_benchmark/masks/frame_0978.png,8569d8bc20f24846fc94839210eec1ddbe18b6bb91409e3501bfe18778defc21,a9b8f83672b8f59bd4b08922c1d35502406a5c2266d01b2921b89c3c4f50736a,234,234,640,512,False,0,0,,,,,4,benchmark_only,experimental_public_benchmark
GVF-2025-0979,jrsb4b9yy5_v1,CPEEK_PANEL_001,979,17.745454545,55.0,data/public_benchmark/images/frame_0979.png,data/public_benchmark/masks/frame_0979.png,328bca474400163eb71d7bb5dc99bcf55094d2adf18cdb0bc6d27cbd907e33be,a9b8f83672b8f59bd4b08922c1d35502406a5c2266d01b2921b89c3c4f50736a,234,234,640,512,False,0,0,,,,,4,benchmark_only,experimental_public_benchmark
GVF-2025-0980,jrsb4b9yy5_v1,CPEEK_PANEL_001,980,17.763636364,55.0,data/public_benchmark/images/frame_0980.png,data/public_benchmark/masks/frame_0980.png,9e7f5e26ae5d4867d88a76044bc56696c21758a8d99142ac5b1d2e0570fedfab,a9b8f83672b8f59bd4b08922c1d35502406a5c2266d01b2921b89c3c4f50736a,234,234,640,512,False,0,0,,,,,4,benchmark_only,experimental_public_benchmark
GVF-2025-0981,jrsb4b9yy5_v1,CPEEK_PANEL_001,981,17.781818182,55.0,data/public_benchmark/images/frame_0981.png,data/public_benchmark/masks/frame_0981.png,3ca4da3670281efc72fcd2ef78aee794861d23caf79ac51bbf51c1918aa6b5da,a9b8f83672b8f59bd4b08922c1d35502406a5c2266d01b2921b89c3c4f50736a,234,234,640,512,False,0,0,,,,,4,benchmark_only,experimental_public_benchmark
GVF-2025-0982,jrsb4b9yy5_v1,CPEEK_PANEL_001,982,17.800000000,55.0,data/public_benchmark/images/frame_0982.png,data/public_benchmark/masks/frame_0982.png,dd30cbabebc8ae15b4feae2da498229df9b61d39f492942da4ee0fffb0674688,a9b8f83672b8f59bd4b08922c1d35502406a5c2266d01b2921b89c3c4f50736a,234,234,640,512,False,0,0,,,,,4,benchmark_only,experimental_public_benchmark
GVF-2025-0983,jrsb4b9yy5_v1,CPEEK_PANEL_001,983,17.818181818,55.0,data/public_benchmark/images/frame_0983.png,data/public_benchmark/masks/frame_0983.png,e6a7f95f72f727fe19bcb7c1d8f97bb7c69f0748a017df7bb2f7eec452efabea,a9b8f83672b8f59bd4b08922c1d35502406a5c2266d01b2921b89c3c4f50736a,234,234,640,512,False,0,0,,,,,4,benchmark_only,experimental_public_benchmark
GVF-2025-0984,jrsb4b9yy5_v1,CPEEK_PANEL_001,984,17.836363636,55.0,data/public_benchmark/images/frame_0984.png,data/public_benchmark/masks/frame_0984.png,c31c9c9cb9c5ae0959887f0b8815c18c69e8683b3ff444a7711408e300a76ee9,a9b8f83672b8f59bd4b08922c1d35502406a5c2266d01b2921b89c3c4f50736a,234,234,640,512,False,0,0,,,,,4,benchmark_only,experimental_public_benchmark
GVF-2025-0985,jrsb4b9yy5_v1,CPEEK_PANEL_001,985,17.854545455,55.0,data/public_benchmark/images/frame_0985.png,data/public_benchmark/masks/frame_0985.png,bfdf8c39d494bdc1979ecc7bac580d199fef14a6081a7c1e459d31cfd6bc3c94,a9b8f83672b8f59bd4b08922c1d35502406a5c2266d01b2921b89c3c4f50736a,234,234,640,512,False,0,0,,,,,4,benchmark_only,experimental_public_benchmark
GVF-2025-0986,jrsb4b9yy5_v1,CPEEK_PANEL_001,986,17.872727273,55.0,data/public_benchmark/images/frame_0986.png,data/public_benchmark/masks/frame_0986.png,bb4ed6d7729b16fd2ea2b712f4cdef835d061de68a7fdc2f498b6a9a69c2ca4f,a9b8f83672b8f59bd4b08922c1d35502406a5c2266d01b2921b89c3c4f50736a,234,234,640,512,False,0,0,,,,,4,benchmark_only,experimental_public_benchmark
GVF-2025-0987,jrsb4b9yy5_v1,CPEEK_PANEL_001,987,17.890909091,55.0,data/public_benchmark/images/frame_0987.png,data/public_benchmark/masks/frame_0987.png,5f7b046bddd4ceafbe75110e58a29b1616cd8e44d4ae24e76d746331a2c97ea8,a9b8f83672b8f59bd4b08922c1d35502406a5c2266d01b2921b89c3c4f50736a,234,234,640,512,False,0,0,,,,,4,benchmark_only,experimental_public_benchmark
GVF-2025-0988,jrsb4b9yy5_v1,CPEEK_PANEL_001,988,17.909090909,55.0,data/public_benchmark/images/frame_0988.png,data/public_benchmark/masks/frame_0988.png,fcc56825090360ccc6a57d11843261441c358ea40e25a6d0b0a959c8e72dffaa,a9b8f83672b8f59bd4b08922c1d35502406a5c2266d01b2921b89c3c4f50736a,234,234,640,512,False,0,0,,,,,4,benchmark_only,experimental_public_benchmark
GVF-2025-0989,jrsb4b9yy5_v1,CPEEK_PANEL_001,989,17.927272727,55.0,data/public_benchmark/images/frame_0989.png,data/public_benchmark/masks/frame_0989.png,697d458f058589be68a0dc1e61a466d3d32c15b118c87edc315cd82ee5d64e2a,a9b8f83672b8f59bd4b08922c1d35502406a5c2266d01b2921b89c3c4f50736a,234,234,640,512,False,0,0,,,,,4,benchmark_only,experimental_public_benchmark
GVF-2025-0990,jrsb4b9yy5_v1,CPEEK_PANEL_001,990,17.945454545,55.0,data/public_benchmark/images/frame_0990.png,data/public_benchmark/masks/frame_0990.png,61d78cd45d15ce6d7086e81ee39cee3538bf5ee15ac6331beb147ac87deff611,a9b8f83672b8f59bd4b08922c1d35502406a5c2266d01b2921b89c3c4f50736a,234,234,640,512,False,0,0,,,,,4,benchmark_only,experimental_public_benchmark
GVF-2025-0991,jrsb4b9yy5_v1,CPEEK_PANEL_001,991,17.963636364,55.0,data/public_benchmark/images/frame_0991.png,data/public_benchmark/masks/frame_0991.png,836c20f5c4034e4d9b8617acd44505dc684ce0f0d53ddc2cbc32c7b24e69d8ce,a9b8f83672b8f59bd4b08922c1d35502406a5c2266d01b2921b89c3c4f50736a,234,234,640,512,False,0,0,,,,,4,benchmark_only,experimental_public_benchmark
GVF-2025-0992,jrsb4b9yy5_v1,CPEEK_PANEL_001,992,17.981818182,55.0,data/public_benchmark/images/frame_0992.png,data/public_benchmark/masks/frame_0992.png,02ebb480414e76e39dc3e2c16c0275a73e784447346f55539490f9044ce7ce4d,a9b8f83672b8f59bd4b08922c1d35502406a5c2266d01b2921b89c3c4f50736a,234,234,640,512,False,0,0,,,,,4,benchmark_only,experimental_public_benchmark
GVF-2025-0993,jrsb4b9yy5_v1,CPEEK_PANEL_001,993,18.000000000,55.0,data/public_benchmark/images/frame_0993.png,data/public_benchmark/masks/frame_0993.png,6dc5770c0afbf5f31060d7ca665fd69410ad01ddec5380d1c61ab2eb0d4a53fe,a9b8f83672b8f59bd4b08922c1d35502406a5c2266d01b2921b89c3c4f50736a,234,234,640,512,False,0,0,,,,,4,benchmark_only,experimental_public_benchmark
GVF-2025-0994,jrsb4b9yy5_v1,CPEEK_PANEL_001,994,18.018181818,55.0,data/public_benchmark/images/frame_0994.png,data/public_benchmark/masks/frame_0994.png,180659c654a8eba834d05463b4ed841e6e9fb7147ea7538cbf1db19aa1d71677,a9b8f83672b8f59bd4b08922c1d35502406a5c2266d01b2921b89c3c4f50736a,234,234,640,512,False,0,0,,,,,4,benchmark_only,experimental_public_benchmark
GVF-2025-0995,jrsb4b9yy5_v1,CPEEK_PANEL_001,995,18.036363636,55.0,data/public_benchmark/images/frame_0995.png,data/public_benchmark/masks/frame_0995.png,d62d73bd45964b3df1636cfbfc8405200fc34a878aa84cf6285ce2bdb3ab1086,a9b8f83672b8f59bd4b08922c1d35502406a5c2266d01b2921b89c3c4f50736a,234,234,640,512,False,0,0,,,,,4,benchmark_only,experimental_public_benchmark
GVF-2025-0996,jrsb4b9yy5_v1,CPEEK_PANEL_001,996,18.054545455,55.0,data/public_benchmark/images/frame_0996.png,data/public_benchmark/masks/frame_0996.png,329c3c27e4ad4a6e090a0ab67cdf73eca0e5e786e2486421d19a684bee0c4f95,a9b8f83672b8f59bd4b08922c1d35502406a5c2266d01b2921b89c3c4f50736a,234,234,640,512,False,0,0,,,,,4,benchmark_only,experimental_public_benchmark
GVF-2025-0997,jrsb4b9yy5_v1,CPEEK_PANEL_001,997,18.072727273,55.0,data/public_benchmark/images/frame_0997.png,data/public_benchmark/masks/frame_0997.png,aef8596f0d0b3a6b0b8259fe16b391d1b2179bd434318d0d9056ace6b69a0f44,a9b8f83672b8f59bd4b08922c1d35502406a5c2266d01b2921b89c3c4f50736a,234,234,640,512,False,0,0,,,,,4,benchmark_only,experimental_public_benchmark
GVF-2025-0998,jrsb4b9yy5_v1,CPEEK_PANEL_001,998,18.090909091,55.0,data/public_benchmark/images/frame_0998.png,data/public_benchmark/masks/frame_0998.png,d49615f5b0ce2490bd5efb334152a92a19edd4a5e7b3f87fdae8959929104cf8,a9b8f83672b8f59bd4b08922c1d35502406a5c2266d01b2921b89c3c4f50736a,234,234,640,512,False,0,0,,,,,4,benchmark_only,experimental_public_benchmark
GVF-2025-0999,jrsb4b9yy5_v1,CPEEK_PANEL_001,999,18.109090909,55.0,data/public_benchmark/images/frame_0999.png,data/public_benchmark/masks/frame_0999.png,99cbff279320013e74f7d871ba1542537a22323129e683f070a7fd29af5b3b3d,a9b8f83672b8f59bd4b08922c1d35502406a5c2266d01b2921b89c3c4f50736a,234,234,640,512,False,0,0,,,,,4,benchmark_only,experimental_public_benchmark
GVF-2025-1000,jrsb4b9yy5_v1,CPEEK_PANEL_001,1000,18.127272727,55.0,data/public_benchmark/images/frame_1000.png,data/public_benchmark/masks/frame_1000.png,4d257203bf62e18a5e698d30149762548e15ea7766efcc5fe2165067c48115dd,a9b8f83672b8f59bd4b08922c1d35502406a5c2266d01b2921b89c3c4f50736a,234,234,640,512,False,0,0,,,,,4,benchmark_only,experimental_public_benchmark
GVF-2025-1001,jrsb4b9yy5_v1,CPEEK_PANEL_001,1001,18.145454545,55.0,data/public_benchmark/images/frame_1001.png,data/public_benchmark/masks/frame_1001.png,2fef84781a5f27c5517ed10b4fdc0f2dce9e9e290cf6f428273f95cc0726d325,a9b8f83672b8f59bd4b08922c1d35502406a5c2266d01b2921b89c3c4f50736a,234,234,640,512,False,0,0,,,,,4,benchmark_only,experimental_public_benchmark
GVF-2025-1002,jrsb4b9yy5_v1,CPEEK_PANEL_001,1002,18.163636364,55.0,data/public_benchmark/images/frame_1002.png,data/public_benchmark/masks/frame_1002.png,0b1a55a9fe07837f3e8610d446c6e16419ce6f223e655d38e2a398441e9b14ab,a9b8f83672b8f59bd4b08922c1d35502406a5c2266d01b2921b89c3c4f50736a,234,234,640,512,False,0,0,,,,,4,benchmark_only,experimental_public_benchmark
GVF-2025-1003,jrsb4b9yy5_v1,CPEEK_PANEL_001,1003,18.181818182,55.0,data/public_benchmark/images/frame_1003.png,data/public_benchmark/masks/frame_1003.png,8a98787a7535274e4391d857b509c03f18c59cb59f0dce7d94a1616f5201cd54,a9b8f83672b8f59bd4b08922c1d35502406a5c2266d01b2921b89c3c4f50736a,234,234,640,512,False,0,0,,,,,4,benchmark_only,experimental_public_benchmark
GVF-2025-1004,jrsb4b9yy5_v1,CPEEK_PANEL_001,1004,18.200000000,55.0,data/public_benchmark/images/frame_1004.png,data/public_benchmark/masks/frame_1004.png,14a8762f31d10386330c210d647c711e4725a92b99333eb4be52b1cc2e6b582a,a9b8f83672b8f59bd4b08922c1d35502406a5c2266d01b2921b89c3c4f50736a,234,234,640,512,False,0,0,,,,,4,benchmark_only,experimental_public_benchmark
GVF-2025-1005,jrsb4b9yy5_v1,CPEEK_PANEL_001,1005,18.218181818,55.0,data/public_benchmark/images/frame_1005.png,data/public_benchmark/masks/frame_1005.png,36edac8e3edf55b8cdf5f1a08de1ea91249bdde2509dd94fde149336743ca927,a9b8f83672b8f59bd4b08922c1d35502406a5c2266d01b2921b89c3c4f50736a,234,234,640,512,False,0,0,,,,,4,benchmark_only,experimental_public_benchmark
GVF-2025-1006,jrsb4b9yy5_v1,CPEEK_PANEL_001,1006,18.236363636,55.0,data/public_benchmark/images/frame_1006.png,data/public_benchmark/masks/frame_1006.png,b3bd6425526ae8ec253c11d6311b1c1498160d9a7a92143ab433c295ab8cd437,a9b8f83672b8f59bd4b08922c1d35502406a5c2266d01b2921b89c3c4f50736a,234,234,640,512,False,0,0,,,,,4,benchmark_only,experimental_public_benchmark
GVF-2025-1007,jrsb4b9yy5_v1,CPEEK_PANEL_001,1007,18.254545455,55.0,data/public_benchmark/images/frame_1007.png,data/public_benchmark/masks/frame_1007.png,901be1628dfe5ed7110a04eacd9d307ff29fcecdbb5e8f5abe6dc5cae6a7f4a8,a9b8f83672b8f59bd4b08922c1d35502406a5c2266d01b2921b89c3c4f50736a,234,234,640,512,False,0,0,,,,,4,benchmark_only,experimental_public_benchmark
GVF-2025-1008,jrsb4b9yy5_v1,CPEEK_PANEL_001,1008,18.272727273,55.0,data/public_benchmark/images/frame_1008.png,data/public_benchmark/masks/frame_1008.png,f87b18ba9c493c8871af1802d2c3722d18ab304f9afef983e532c2523f9a18b9,a9b8f83672b8f59bd4b08922c1d35502406a5c2266d01b2921b89c3c4f50736a,234,234,640,512,False,0,0,,,,,4,benchmark_only,experimental_public_benchmark
GVF-2025-1009,jrsb4b9yy5_v1,CPEEK_PANEL_001,1009,18.290909091,55.0,data/public_benchmark/images/frame_1009.png,data/public_benchmark/masks/frame_1009.png,4a5c855be98828b51e5beb9a56b83e4620d5ca5b65c7fae9e3f5feb5f346143d,a9b8f83672b8f59bd4b08922c1d35502406a5c2266d01b2921b89c3c4f50736a,234,234,640,512,False,0,0,,,,,4,benchmark_only,experimental_public_benchmark
GVF-2025-1010,jrsb4b9yy5_v1,CPEEK_PANEL_001,1010,18.309090909,55.0,data/public_benchmark/images/frame_1010.png,data/public_benchmark/masks/frame_1010.png,b7265f61b0d75d1a0c02e3c8493063429b52bece83784b12bbded8128def4a22,a9b8f83672b8f59bd4b08922c1d35502406a5c2266d01b2921b89c3c4f50736a,234,234,640,512,False,0,0,,,,,4,benchmark_only,experimental_public_benchmark
GVF-2025-1011,jrsb4b9yy5_v1,CPEEK_PANEL_001,1011,18.327272727,55.0,data/public_benchmark/images/frame_1011.png,data/public_benchmark/masks/frame_1011.png,3c0bbd26f5c746af68c6229382dd72518ebcee1605349e43f82b9165f7c3f0e2,a9b8f83672b8f59bd4b08922c1d35502406a5c2266d01b2921b89c3c4f50736a,234,234,640,512,False,0,0,,,,,4,benchmark_only,experimental_public_benchmark
GVF-2025-1012,jrsb4b9yy5_v1,CPEEK_PANEL_001,1012,18.345454545,55.0,data/public_benchmark/images/frame_1012.png,data/public_benchmark/masks/frame_1012.png,b03146155042c7c50883a74f7e2f26a68a83b91a8245da8c97597e4f7ca24a71,a9b8f83672b8f59bd4b08922c1d35502406a5c2266d01b2921b89c3c4f50736a,234,234,640,512,False,0,0,,,,,4,benchmark_only,experimental_public_benchmark
GVF-2025-1013,jrsb4b9yy5_v1,CPEEK_PANEL_001,1013,18.363636364,55.0,data/public_benchmark/images/frame_1013.png,data/public_benchmark/masks/frame_1013.png,ce6619849b662d650bf10b0ad269e3607955adc69e28ce8ebde58198fb603e3c,a9b8f83672b8f59bd4b08922c1d35502406a5c2266d01b2921b89c3c4f50736a,234,234,640,512,False,0,0,,,,,4,benchmark_only,experimental_public_benchmark
GVF-2025-1014,jrsb4b9yy5_v1,CPEEK_PANEL_001,1014,18.381818182,55.0,data/public_benchmark/images/frame_1014.png,data/public_benchmark/masks/frame_1014.png,68515b58f3b69cdd7c83a8828106ab13852c0591b12524b366219aa0b7da7f22,a9b8f83672b8f59bd4b08922c1d35502406a5c2266d01b2921b89c3c4f50736a,234,234,640,512,False,0,0,,,,,4,benchmark_only,experimental_public_benchmark
GVF-2025-1015,jrsb4b9yy5_v1,CPEEK_PANEL_001,1015,18.400000000,55.0,data/public_benchmark/images/frame_1015.png,data/public_benchmark/masks/frame_1015.png,bd6765c3c2c7f160d5559850fd7bdd5d1e4003df6fcd937b25daffa6d1018ee8,a9b8f83672b8f59bd4b08922c1d35502406a5c2266d01b2921b89c3c4f50736a,234,234,640,512,False,0,0,,,,,4,benchmark_only,experimental_public_benchmark
GVF-2025-1016,jrsb4b9yy5_v1,CPEEK_PANEL_001,1016,18.418181818,55.0,data/public_benchmark/images/frame_1016.png,data/public_benchmark/masks/frame_1016.png,193d9ae067f715dd0411a50bbba3e92a7249fbad1defa5414f68d0a72c8ab025,a9b8f83672b8f59bd4b08922c1d35502406a5c2266d01b2921b89c3c4f50736a,234,234,640,512,False,0,0,,,,,4,benchmark_only,experimental_public_benchmark
GVF-2025-1017,jrsb4b9yy5_v1,CPEEK_PANEL_001,1017,18.436363636,55.0,data/public_benchmark/images/frame_1017.png,data/public_benchmark/masks/frame_1017.png,237a6dfab38a87a339f3b99fc8ff9ae866dd8b2acf5a2247377a4ee1772b743b,a9b8f83672b8f59bd4b08922c1d35502406a5c2266d01b2921b89c3c4f50736a,234,234,640,512,False,0,0,,,,,4,benchmark_only,experimental_public_benchmark
GVF-2025-1018,jrsb4b9yy5_v1,CPEEK_PANEL_001,1018,18.454545455,55.0,data/public_benchmark/images/frame_1018.png,data/public_benchmark/masks/frame_1018.png,4c4e0726b63031e723794f375514eb70cb6e8915f3874bf5e28354c014d6d4fb,a9b8f83672b8f59bd4b08922c1d35502406a5c2266d01b2921b89c3c4f50736a,234,234,640,512,False,0,0,,,,,4,benchmark_only,experimental_public_benchmark
GVF-2025-1019,jrsb4b9yy5_v1,CPEEK_PANEL_001,1019,18.472727273,55.0,data/public_benchmark/images/frame_1019.png,data/public_benchmark/masks/frame_1019.png,3e285d9de81847ab93c618dff36927c4ae73bfd49d43bdeeacde0012e58660dc,a9b8f83672b8f59bd4b08922c1d35502406a5c2266d01b2921b89c3c4f50736a,234,234,640,512,False,0,0,,,,,4,benchmark_only,experimental_public_benchmark
GVF-2025-1020,jrsb4b9yy5_v1,CPEEK_PANEL_001,1020,18.490909091,55.0,data/public_benchmark/images/frame_1020.png,data/public_benchmark/masks/frame_1020.png,4b497e3b27c79598c884d04cd7dda231bf429280acf75de78c71301606d6af53,a9b8f83672b8f59bd4b08922c1d35502406a5c2266d01b2921b89c3c4f50736a,234,234,640,512,False,0,0,,,,,4,benchmark_only,experimental_public_benchmark
GVF-2025-1021,jrsb4b9yy5_v1,CPEEK_PANEL_001,1021,18.509090909,55.0,data/public_benchmark/images/frame_1021.png,data/public_benchmark/masks/frame_1021.png,07ad57656e31586bc902c67b734d96945e4b35dfc93d2fa87da46212758f9c69,a9b8f83672b8f59bd4b08922c1d35502406a5c2266d01b2921b89c3c4f50736a,234,234,640,512,False,0,0,,,,,4,benchmark_only,experimental_public_benchmark
GVF-2025-1022,jrsb4b9yy5_v1,CPEEK_PANEL_001,1022,18.527272727,55.0,data/public_benchmark/images/frame_1022.png,data/public_benchmark/masks/frame_1022.png,36467bcc099bf70a1ee384b401c3f8793ea62a730622d88fa8fee51afc5b344b,a9b8f83672b8f59bd4b08922c1d35502406a5c2266d01b2921b89c3c4f50736a,234,234,640,512,False,0,0,,,,,4,benchmark_only,experimental_public_benchmark
GVF-2025-1023,jrsb4b9yy5_v1,CPEEK_PANEL_001,1023,18.545454545,55.0,data/public_benchmark/images/frame_1023.png,data/public_benchmark/masks/frame_1023.png,0188da05e2eb32e5081032c6a922fd478078ac5567fe10ee2c261c0a7d85e7a0,a9b8f83672b8f59bd4b08922c1d35502406a5c2266d01b2921b89c3c4f50736a,234,234,640,512,False,0,0,,,,,4,benchmark_only,experimental_public_benchmark
GVF-2025-1024,jrsb4b9yy5_v1,CPEEK_PANEL_001,1024,18.563636364,55.0,data/public_benchmark/images/frame_1024.png,data/public_benchmark/masks/frame_1024.png,754a0f975e824a478f824bfbd380ea646ed9f8bbde5670dfec2292c0c51cbb27,a9b8f83672b8f59bd4b08922c1d35502406a5c2266d01b2921b89c3c4f50736a,234,234,640,512,False,0,0,,,,,4,benchmark_only,experimental_public_benchmark
GVF-2025-1025,jrsb4b9yy5_v1,CPEEK_PANEL_001,1025,18.581818182,55.0,data/public_benchmark/images/frame_1025.png,data/public_benchmark/masks/frame_1025.png,fd6e90dce4d155b4f5f45a789620975332b02177f3e3755d59672f1fb189e9fc,a9b8f83672b8f59bd4b08922c1d35502406a5c2266d01b2921b89c3c4f50736a,234,234,640,512,False,0,0,,,,,4,benchmark_only,experimental_public_benchmark
GVF-2025-1026,jrsb4b9yy5_v1,CPEEK_PANEL_001,1026,18.600000000,55.0,data/public_benchmark/images/frame_1026.png,data/public_benchmark/masks/frame_1026.png,b92c617d780c101911b1c049f21a19308c98cadb27ee2b663ba9e4fa53d1dc80,a9b8f83672b8f59bd4b08922c1d35502406a5c2266d01b2921b89c3c4f50736a,234,234,640,512,False,0,0,,,,,4,benchmark_only,experimental_public_benchmark
GVF-2025-1027,jrsb4b9yy5_v1,CPEEK_PANEL_001,1027,18.618181818,55.0,data/public_benchmark/images/frame_1027.png,data/public_benchmark/masks/frame_1027.png,f49bcb49f7e3b83397cfd129a0b3e6ab81e9cb8844e8c8153b948c30ebd27c20,a9b8f83672b8f59bd4b08922c1d35502406a5c2266d01b2921b89c3c4f50736a,234,234,640,512,False,0,0,,,,,4,benchmark_only,experimental_public_benchmark
GVF-2025-1028,jrsb4b9yy5_v1,CPEEK_PANEL_001,1028,18.636363636,55.0,data/public_benchmark/images/frame_1028.png,data/public_benchmark/masks/frame_1028.png,c6a47b763c5eefe7b16af0aa3339088915227adaffeaa59651c87069092b2aa9,a9b8f83672b8f59bd4b08922c1d35502406a5c2266d01b2921b89c3c4f50736a,234,234,640,512,False,0,0,,,,,4,benchmark_only,experimental_public_benchmark
GVF-2025-1029,jrsb4b9yy5_v1,CPEEK_PANEL_001,1029,18.654545455,55.0,data/public_benchmark/images/frame_1029.png,data/public_benchmark/masks/frame_1029.png,966299ff7d588a2050c0e6172822ff3db686806080d74977955911b1ae76ccf2,a9b8f83672b8f59bd4b08922c1d35502406a5c2266d01b2921b89c3c4f50736a,234,234,640,512,False,0,0,,,,,4,benchmark_only,experimental_public_benchmark
GVF-2025-1030,jrsb4b9yy5_v1,CPEEK_PANEL_001,1030,18.672727273,55.0,data/public_benchmark/images/frame_1030.png,data/public_benchmark/masks/frame_1030.png,d15f78cb4b7a78f7e477622a2fa0ae8f578aaa227818576fa202c5fdfaf312cf,a9b8f83672b8f59bd4b08922c1d35502406a5c2266d01b2921b89c3c4f50736a,234,234,640,512,False,0,0,,,,,4,benchmark_only,experimental_public_benchmark
GVF-2025-1031,jrsb4b9yy5_v1,CPEEK_PANEL_001,1031,18.690909091,55.0,data/public_benchmark/images/frame_1031.png,data/public_benchmark/masks/frame_1031.png,17f569519f14da36418babefa2ab21b1cd8436fdb45db7a88dc1cefb4dffda8d,a9b8f83672b8f59bd4b08922c1d35502406a5c2266d01b2921b89c3c4f50736a,234,234,640,512,False,0,0,,,,,4,benchmark_only,experimental_public_benchmark
GVF-2025-1032,jrsb4b9yy5_v1,CPEEK_PANEL_001,1032,18.709090909,55.0,data/public_benchmark/images/frame_1032.png,data/public_benchmark/masks/frame_1032.png,1b8c3b7a4942371be76402e23e2b82d4c1ec13eb10e9d625ee68be752ad40ffa,a9b8f83672b8f59bd4b08922c1d35502406a5c2266d01b2921b89c3c4f50736a,234,234,640,512,False,0,0,,,,,4,benchmark_only,experimental_public_benchmark
GVF-2025-1033,jrsb4b9yy5_v1,CPEEK_PANEL_001,1033,18.727272727,55.0,data/public_benchmark/images/frame_1033.png,data/public_benchmark/masks/frame_1033.png,f24adc22b66418eaa4f533d8ef8b45966ef0fe8cd5cd46b8c4c50b3d766769da,a9b8f83672b8f59bd4b08922c1d35502406a5c2266d01b2921b89c3c4f50736a,234,234,640,512,False,0,0,,,,,4,benchmark_only,experimental_public_benchmark
GVF-2025-1034,jrsb4b9yy5_v1,CPEEK_PANEL_001,1034,18.745454545,55.0,data/public_benchmark/images/frame_1034.png,data/public_benchmark/masks/frame_1034.png,67e6132ccce453e875f1ee13e305bcdfdafd04fa3fc1757112ac3f2834379b3d,a9b8f83672b8f59bd4b08922c1d35502406a5c2266d01b2921b89c3c4f50736a,234,234,640,512,False,0,0,,,,,4,benchmark_only,experimental_public_benchmark
GVF-2025-1035,jrsb4b9yy5_v1,CPEEK_PANEL_001,1035,18.763636364,55.0,data/public_benchmark/images/frame_1035.png,data/public_benchmark/masks/frame_1035.png,6b8a67c46adf0280b1683dbf4170f24c48de7d4429c93455be45c8144af4e122,a9b8f83672b8f59bd4b08922c1d35502406a5c2266d01b2921b89c3c4f50736a,234,234,640,512,False,0,0,,,,,4,benchmark_only,experimental_public_benchmark
GVF-2025-1036,jrsb4b9yy5_v1,CPEEK_PANEL_001,1036,18.781818182,55.0,data/public_benchmark/images/frame_1036.png,data/public_benchmark/masks/frame_1036.png,572bc92ad09133492dbd10d3493821ebe161ba27ba76f19154f2812f5e7fcab5,a9b8f83672b8f59bd4b08922c1d35502406a5c2266d01b2921b89c3c4f50736a,234,234,640,512,False,0,0,,,,,4,benchmark_only,experimental_public_benchmark
GVF-2025-1038,jrsb4b9yy5_v1,CPEEK_PANEL_001,1038,18.818181818,55.0,data/public_benchmark/images/frame_1038.png,data/public_benchmark/masks/frame_1038.png,3df8d475e0d7f6514d70d9eac3247028cf06aa720599f6ac91e9ed94517a60b2,a9b8f83672b8f59bd4b08922c1d35502406a5c2266d01b2921b89c3c4f50736a,234,234,640,512,False,0,0,,,,,4,benchmark_only,experimental_public_benchmark
GVF-2025-1039,jrsb4b9yy5_v1,CPEEK_PANEL_001,1039,18.836363636,55.0,data/public_benchmark/images/frame_1039.png,data/public_benchmark/masks/frame_1039.png,662a02134f37f255eaafd3f83b6e0ea8d82e58f3b7dd9eb8cfb409e4363027a0,a9b8f83672b8f59bd4b08922c1d35502406a5c2266d01b2921b89c3c4f50736a,234,234,640,512,False,0,0,,,,,4,benchmark_only,experimental_public_benchmark
GVF-2025-1040,jrsb4b9yy5_v1,CPEEK_PANEL_001,1040,18.854545455,55.0,data/public_benchmark/images/frame_1040.png,data/public_benchmark/masks/frame_1040.png,340293c920fc94376a19ee481887665664869cca3a18b955e5cbdf0a46437866,a9b8f83672b8f59bd4b08922c1d35502406a5c2266d01b2921b89c3c4f50736a,234,234,640,512,False,0,0,,,,,4,benchmark_only,experimental_public_benchmark
GVF-2025-1041,jrsb4b9yy5_v1,CPEEK_PANEL_001,1041,18.872727273,55.0,data/public_benchmark/images/frame_1041.png,data/public_benchmark/masks/frame_1041.png,41b5851a0bc5bfc0a6190d682dda78fe3a1eab9cd223a3954ffc902b31c49c79,a9b8f83672b8f59bd4b08922c1d35502406a5c2266d01b2921b89c3c4f50736a,234,234,640,512,False,0,0,,,,,4,benchmark_only,experimental_public_benchmark
GVF-2025-1042,jrsb4b9yy5_v1,CPEEK_PANEL_001,1042,18.890909091,55.0,data/public_benchmark/images/frame_1042.png,data/public_benchmark/masks/frame_1042.png,984797d4cfec3a9086f5d0c835d2712c590a8afe6a4180c6ada5a33ad9ae0f75,a9b8f83672b8f59bd4b08922c1d35502406a5c2266d01b2921b89c3c4f50736a,234,234,640,512,False,0,0,,,,,4,benchmark_only,experimental_public_benchmark
GVF-2025-1043,jrsb4b9yy5_v1,CPEEK_PANEL_001,1043,18.909090909,55.0,data/public_benchmark/images/frame_1043.png,data/public_benchmark/masks/frame_1043.png,c502df4cbab6bb98746f437dddf25c680e927115a9b4b6fec8ff356c2af09071,a9b8f83672b8f59bd4b08922c1d35502406a5c2266d01b2921b89c3c4f50736a,234,234,640,512,False,0,0,,,,,4,benchmark_only,experimental_public_benchmark
GVF-2025-1044,jrsb4b9yy5_v1,CPEEK_PANEL_001,1044,18.927272727,55.0,data/public_benchmark/images/frame_1044.png,data/public_benchmark/masks/frame_1044.png,ebfee66f6d3f3854c3f3afe322e09bc88852be1ff8d6e70295b732b363ac74cc,a9b8f83672b8f59bd4b08922c1d35502406a5c2266d01b2921b89c3c4f50736a,234,234,640,512,False,0,0,,,,,4,benchmark_only,experimental_public_benchmark
GVF-2025-1045,jrsb4b9yy5_v1,CPEEK_PANEL_001,1045,18.945454545,55.0,data/public_benchmark/images/frame_1045.png,data/public_benchmark/masks/frame_1045.png,6355b318ee09d98c9cbc2fabc5764b471bce08d14dd37423d11c4442ea28fbc3,a9b8f83672b8f59bd4b08922c1d35502406a5c2266d01b2921b89c3c4f50736a,234,234,640,512,False,0,0,,,,,4,benchmark_only,experimental_public_benchmark
GVF-2025-1046,jrsb4b9yy5_v1,CPEEK_PANEL_001,1046,18.963636364,55.0,data/public_benchmark/images/frame_1046.png,data/public_benchmark/masks/frame_1046.png,d08c234a5115fe22d52c976b997b6a107be84288d569ea2ae031f687288d1255,a9b8f83672b8f59bd4b08922c1d35502406a5c2266d01b2921b89c3c4f50736a,234,234,640,512,False,0,0,,,,,4,benchmark_only,experimental_public_benchmark
GVF-2025-1047,jrsb4b9yy5_v1,CPEEK_PANEL_001,1047,18.981818182,55.0,data/public_benchmark/images/frame_1047.png,data/public_benchmark/masks/frame_1047.png,0f61865f949d87e16bb2c34e343d74b179a44677f9ebaa23c46a966e9678f20f,a9b8f83672b8f59bd4b08922c1d35502406a5c2266d01b2921b89c3c4f50736a,234,234,640,512,False,0,0,,,,,4,benchmark_only,experimental_public_benchmark
GVF-2025-1048,jrsb4b9yy5_v1,CPEEK_PANEL_001,1048,19.000000000,55.0,data/public_benchmark/images/frame_1048.png,data/public_benchmark/masks/frame_1048.png,8707454fd1abea90b72944df30c19d2c84891868f4d08d7e416080f4fc7c1b19,a9b8f83672b8f59bd4b08922c1d35502406a5c2266d01b2921b89c3c4f50736a,234,234,640,512,False,0,0,,,,,4,benchmark_only,experimental_public_benchmark
GVF-2025-1049,jrsb4b9yy5_v1,CPEEK_PANEL_001,1049,19.018181818,55.0,data/public_benchmark/images/frame_1049.png,data/public_benchmark/masks/frame_1049.png,44efe76d45495dc32929f7d3f80efbbb658a50a419bf83ae67cbee81a7d5e9c4,a9b8f83672b8f59bd4b08922c1d35502406a5c2266d01b2921b89c3c4f50736a,234,234,640,512,False,0,0,,,,,4,benchmark_only,experimental_public_benchmark
GVF-2025-1050,jrsb4b9yy5_v1,CPEEK_PANEL_001,1050,19.036363636,55.0,data/public_benchmark/images/frame_1050.png,data/public_benchmark/masks/frame_1050.png,bbbd7535507924b47d007f2c7446f39537170d2d31836bc113734bb6ee8e8538,a9b8f83672b8f59bd4b08922c1d35502406a5c2266d01b2921b89c3c4f50736a,234,234,640,512,False,0,0,,,,,4,benchmark_only,experimental_public_benchmark
